Date,Open,High,Low,Close,Change_percentage,Share_traded,Turnover_in_crore
09-Nov-15,8019.4,8197.5,7977.45,8175.25,1.94%,27811215,933.39
10-Nov-15,8131.45,8145.9,7865.15,7885.6,-3.02%,24222348,891.93
11-Nov-15,7948.45,7975.65,7934,7943.7,-0.06%,2499916,84.56
13-Nov-15,7862.1,7948.55,7846.2,7932.6,0.9%,20445345,800.31
16-Nov-15,7894.25,7974.75,7867.35,7943.6,0.63%,22973032,838.64
17-Nov-15,7972.45,7981.35,7910.55,7940.45,-0.4%,18257650,617.58
18-Nov-15,7936.05,7976.05,7867.95,7880.05,-0.71%,19731923,594.39
19-Nov-15,7937.3,8039.25,7905.6,8030.35,1.17%,15818356,655.17
20-Nov-15,8030.65,8171.95,8012.75,8126.35,1.19%,25500971,956.38
23-Nov-15,8143.2,8172.8,8103.7,8149.75,0.08%,17573054,693.1
24-Nov-15,8144.55,8263.15,8128,8206.7,0.76%,20754041,852.11
26-Nov-15,8221,8338.8,8198.5,8324.75,1.26%,34723242,1255.45
27-Nov-15,8344.5,8350.65,8245.5,8285.45,-0.71%,17620323,638.8
30-Nov-15,8280.65,8312.8,8220.75,8242.75,-0.46%,36178077,1363.03
01-Dec-15,8246.85,8351.2,8246.85,8288.35,0.5%,19731970,833.58
02-Dec-15,8303.1,8343.45,8288.9,8331.95,0.35%,12938777,574.48
03-Dec-15,8304.5,8364.45,8257.3,8278.25,-0.32%,18540581,711.28
04-Dec-15,8232.75,8262.15,8164.85,8171.7,-0.74%,17698869,655.71
07-Dec-15,8188.05,8208.4,8090.65,8114.35,-0.9%,17168800,706.68
08-Dec-15,8088.35,8109.4,7967.35,7990.8,-1.21%,21242500,692.1
09-Dec-15,7971.05,7988.45,7837.35,7849.45,-1.53%,19481046,639.78
10-Dec-15,7880.3,8058.9,7869.3,8046.1,2.1%,21633627,882.47
11-Dec-15,8054.5,8077.7,7963.1,8002.8,-0.64%,24026709,893.67
14-Dec-15,7958.75,8038.95,7939.65,7997.05,0.48%,16513448,559.43
15-Dec-15,8010.9,8110.1,8002.05,8102.3,1.14%,17051096,686.4
16-Dec-15,8131.8,8259.15,8131.8,8213.85,1.01%,25040137,843.26
17-Dec-15,8236.45,8372.75,8196,8356.65,1.46%,27194735,997.03
18-Dec-15,8326.6,8354.8,8267.45,8277.8,-0.59%,40758747,1072.28
21-Dec-15,8265.75,8365.15,8260.1,8343.75,0.94%,19894904,648.93
22-Dec-15,8353.95,8414.45,8308.8,8325.5,-0.34%,22813328,683.2
23-Dec-15,8364,8465.4,8364,8458.45,1.13%,18750785,735.18
24-Dec-15,8472.95,8497.7,8438.05,8454.9,-0.21%,15192949,590.09
28-Dec-15,8462.15,8568.7,8462.15,8552.7,1.07%,23335604,720.62
29-Dec-15,8562.5,8600.25,8532.7,8568.4,0.07%,27876421,874.13
30-Dec-15,8566.45,8576,8504.6,8517.25,-0.57%,21322270,593.25
31-Dec-15,8512.05,8606.4,8483.15,8584.1,0.85%,37564259,1583.86
01-Jan-16,8562.05,8610.55,8544.45,8594.7,0.38%,10668319,356.18
04-Jan-16,8532.95,8623.1,8427.5,8468.6,-0.75%,23122655,1074.73
05-Jan-16,8510.5,8580,8492.95,8555,0.52%,20024050,811.34
06-Jan-16,8564,8703.75,8505.6,8662.45,1.15%,26610428,1290.55
07-Jan-16,8567.35,8588.8,8431.25,8454.45,-1.32%,29188468,1082.52
08-Jan-16,8514.25,8607.3,8505.75,8586.2,0.85%,28823700,1030.67
11-Jan-16,8503.55,8699.55,8467.7,8656.6,1.8%,32462743,1231.38
12-Jan-16,8673.9,8725.25,8599.3,8616.4,-0.66%,25890344,1080.08
13-Jan-16,8675.45,8780.3,8540.75,8734.65,0.68%,39435973,2299.98
14-Jan-16,8634.65,8775,8559.05,8671.7,0.43%,28979005,1243.89
15-Jan-16,8717.95,8758.35,8573.3,8607.55,-1.27%,32074023,1477.21
18-Jan-16,8598.2,8643.1,8249.75,8289.15,-3.59%,32027136,1289.72
19-Jan-16,8356.75,8461.8,8278.6,8416.8,0.72%,26346691,956.92
20-Jan-16,8339.35,8339.35,8082.25,8179.1,-1.92%,40716866,1727.9
21-Jan-16,8251.8,8314.65,8020.25,8046.35,-2.49%,34507004,1275.58
22-Jan-16,8141.35,8262.25,8128.65,8242.8,1.25%,31349682,1101.14
25-Jan-16,8302.55,8318.8,8195.15,8230.95,-0.86%,30279231,848.71
27-Jan-16,8269.5,8326.6,8221.4,8264.3,-0.06%,34309383,1086.33
28-Jan-16,8284.05,8403.5,8273,8381.3,1.17%,57467718,1843.3
29-Jan-16,8407.95,8549,8407.95,8516.85,1.3%,47465257,1383.45
01-Feb-16,8543.35,8543.35,8437.55,8470.75,-0.85%,26175260,758.85
02-Feb-16,8445.8,8454.15,8187.1,8234.7,-2.5%,34953025,979.26
03-Feb-16,8128.2,8159.6,8039.35,8069.65,-0.72%,29531137,946.14
04-Feb-16,8150.45,8203.7,8013.25,8063.1,-1.07%,38000631,1193.53
05-Feb-16,8093.7,8106.4,8008.25,8057.5,-0.45%,28288374,979.99
08-Feb-16,8057.65,8120.45,7926.2,7947.35,-1.37%,18706823,612.46
09-Feb-16,7870.85,8001.35,7856.85,7961.1,1.15%,23595227,926.53
10-Feb-16,7903.1,7990.15,7870.9,7949.45,0.59%,23855307,797.13
11-Feb-16,7945.9,7946.05,7605.95,7634.5,-3.92%,27906952,909.39
12-Feb-16,7675.55,7675.55,7378.1,7513.25,-2.11%,42625179,1457.23
15-Feb-16,7637.95,7807.8,7637.95,7780.75,1.87%,41757873,1104.05
16-Feb-16,7843.35,7881.25,7633.6,7673.2,-2.17%,35548877,943.84
17-Feb-16,7704.65,7813.85,7602.6,7796.1,1.19%,31228716,947.69
18-Feb-16,7879.7,7920.7,7746.55,7803.2,-0.97%,31266828,949.35
19-Feb-16,7784.55,7831.4,7749.3,7798.75,0.18%,22536171,717.23
22-Feb-16,7820.45,7902.05,7809.35,7862.15,0.53%,17027543,659.36
23-Feb-16,7852.25,7864.85,7693.95,7726.1,-1.61%,27928870,904.74
24-Feb-16,7695.1,7777.75,7679,7728.2,0.43%,40627784,1102.23
25-Feb-16,7746.8,7757.35,7632.7,7652.1,-1.22%,72234822,1752.03
26-Feb-16,7727.3,7745.55,7654.25,7713.1,-0.18%,27039266,712.09
29-Feb-16,7727.1,7897.65,7569.55,7664.85,-0.81%,63601897,2379.05
01-Mar-16,7672.95,7840.4,7670.45,7822.8,1.95%,45044556,1234.92
02-Mar-16,7908,7999.1,7886.05,7955.35,0.6%,41232050,1241.74
03-Mar-16,8010.6,8055.9,7944.8,8040.3,0.37%,37088618,1092.73
04-Mar-16,8065.1,8088,8008.5,8057.75,-0.09%,53634099,1198.23
08-Mar-16,8077.1,8203.75,8077.1,8177.6,1.24%,43293290,1118.66
09-Mar-16,8130.7,8235.95,8130.5,8225.35,1.16%,32093640,932.29
10-Mar-16,8257,8259.2,8087.3,8096.85,-1.94%,34015156,1130.63
11-Mar-16,8119.2,8204.15,8083.5,8110.15,-0.11%,30467153,965.79
14-Mar-16,8152.6,8186.6,8119,8159.55,0.09%,22597893,727.1
15-Mar-16,8164.05,8191.4,8142.25,8171.2,0.09%,29025646,825
16-Mar-16,8177,8206.25,8094.35,8168.15,-0.11%,26817649,788.35
17-Mar-16,8227.85,8313.6,8200.15,8229.1,0.02%,38585796,1413.64
18-Mar-16,8248.8,8294.4,8235.15,8276.75,0.34%,34994810,1078.13
21-Mar-16,8286.9,8365.25,8276.65,8349.95,0.76%,21741878,827.09
22-Mar-16,8351.65,8437.75,8346.75,8406.25,0.65%,33125991,974.08
23-Mar-16,8412.7,8412.7,8289.95,8309.3,-1.23%,32184297,957.59
28-Mar-16,8328.85,8332.25,8268.7,8286,-0.51%,29410505,1018.25
29-Mar-16,8315.55,8376.15,8298.6,8323.05,0.09%,29532304,1011.51
30-Mar-16,8368.2,8474.25,8368.2,8459.9,1.1%,30213339,1064.63
31-Mar-16,8426.15,8503.55,8385.65,8424.6,-0.02%,73081447,2068.1
01-Apr-16,8404.25,8424.6,8310.3,8347.75,-0.67%,27541057,812.57
04-Apr-16,8383.15,8396.3,8314.3,8371.75,-0.14%,25940111,646.31
05-Apr-16,8369.5,8420.1,8281.3,8294.85,-0.89%,27892965,845.8
06-Apr-16,8343.2,8353.1,8263.8,8340.2,-0.04%,27135146,795.94
07-Apr-16,8379.6,8402.35,8302.45,8350.95,-0.34%,82216042,1175.44
08-Apr-16,8357.7,8444.7,8327.75,8400.45,0.51%,31842760,782.43
11-Apr-16,8410.55,8492.95,8403.3,8484.1,0.87%,29718435,780.82
12-Apr-16,8494.6,8583.1,8489.4,8554.05,0.7%,29629298,841.07
13-Apr-16,8620.55,8694.7,8617.8,8678.05,0.67%,33951737,1038.81
18-Apr-16,8674.95,8710.8,8603.65,8694.9,0.23%,29787561,1104.6
20-Apr-16,8717,8717,8595.75,8610.35,-1.22%,30079227,1154.96
21-Apr-16,8650.85,8714.2,8600.1,8641.9,-0.1%,26395473,857.57
22-Apr-16,8633.85,8675.6,8607.75,8659,0.29%,21230563,696.6
25-Apr-16,8668.4,8668.4,8479.95,8523.45,-1.67%,30488774,1774.98
26-Apr-16,8510.95,8596.55,8485.8,8554.65,0.51%,30874417,1149.07
27-Apr-16,8562.4,8641.65,8558.6,8609.35,0.55%,24530814,828.98
28-Apr-16,8591.15,8613.25,8386.1,8410.8,-2.1%,49675086,2201.23
29-Apr-16,8408.35,8457.25,8337.3,8404.65,-0.04%,25416453,948.7
02-May-16,8398.6,8441.65,8374.25,8419.1,0.24%,19715523,600.73
03-May-16,8435,8483.1,8324.95,8341.9,-1.1%,31429847,924.02
04-May-16,8316.4,8364.8,8289,8306.7,-0.12%,24502992,745.81
05-May-16,8323.8,8327.7,8260.05,8289.05,-0.42%,21441613,857.96
06-May-16,8273.1,8311.2,8238.55,8299.95,0.32%,22789174,835.37
09-May-16,8340.8,8406.2,8327.55,8395.75,0.66%,27250955,852.93
10-May-16,8402.65,8402.65,8323.85,8340.2,-0.74%,21632611,610.45
11-May-16,8274.35,8326.55,8245.7,8288.35,0.17%,21915595,729.16
12-May-16,8303.05,8391.15,8303.05,8380.05,0.93%,22063909,724.7
13-May-16,8350.7,8365.95,8278,8303.7,-0.56%,23481410,778.9
16-May-16,8305.25,8316.45,8239.4,8276.75,-0.34%,26313043,705.34
17-May-16,8331.95,8353.6,8280.1,8290.95,-0.49%,35676481,1028.72
18-May-16,8267,8337.3,8261.05,8287,0.24%,23485423,716.3
19-May-16,8283.2,8288.85,8162.1,8186.35,-1.17%,23419961,690.83
20-May-16,8204,8229.15,8118.2,8131.75,-0.88%,20929793,749.91
23-May-16,8173.25,8176.15,8099.55,8105.55,-0.83%,25003212,802.32
24-May-16,8106,8161.45,8096.85,8118,0.15%,25946804,750.73
25-May-16,8187.7,8272.5,8160.1,8260.15,0.88%,19434013,621.53
26-May-16,8266.4,8304.25,8224.45,8280.85,0.17%,39676226,1120.15
27-May-16,8331.85,8498.6,8331.85,8454,1.47%,45150746,2168.76
30-May-16,8479.55,8508,8401.35,8450.95,-0.34%,31705351,1016.36
02-Jan-17,10300.35,10331.2,10250.3,10307.65,0.07%,19923121,747.86
03-Jan-17,10346.8,10479.6,10305.95,10431.05,0.81%,31825639,1148.97
04-Jan-17,10445.35,10448,10331.45,10346.85,-0.94%,33883744,1181.48
05-Jan-17,10373.3,10518.7,10368.9,10505.45,1.27%,32938629,1110.28
06-Jan-17,10494.05,10591.15,10453.7,10468.55,-0.24%,29794592,952.27
09-Jan-17,10492.4,10502.15,10388.35,10396.15,-0.92%,20529463,683.12
10-Jan-17,10436.05,10549.6,10436.05,10489.55,0.51%,30273810,1157.51
11-Jan-17,10536.8,10543.75,10469,10523.75,-0.12%,38973842,1344.3
12-Jan-17,10545.9,10665.55,10545.9,10644.3,0.93%,55379082,1330.39
13-Jan-17,10702.15,10704.7,10631.45,10656.6,-0.43%,42741569,1216.98
16-Jan-17,10662.25,10679.65,10590.95,10599.85,-0.59%,27839917,988.78
17-Jan-17,10573.1,10585.25,10406.15,10445.65,-1.21%,36536144,1687.39
18-Jan-17,10463.6,10488.35,10347.95,10403.9,-0.57%,44098494,1426.86
19-Jan-17,10426.85,10549.2,10401.85,10538.65,1.07%,51783186,1779.08
20-Jan-17,10539.9,10553.3,10391.25,10407.1,-1.26%,36600102,1197.08
23-Jan-17,10386.6,10517.45,10386.05,10449.35,0.6%,33713988,1225.21
24-Jan-17,10470.25,10593.55,10468.45,10584.95,1.1%,30384684,1065.55
25-Jan-17,10616.95,10685.4,10574.45,10661.9,0.42%,66486854,2483.37
27-Jan-17,10684,10804.65,10675.7,10735.45,0.48%,41168783,1694.04
30-Jan-17,10731.45,10778.45,10681.6,10765.3,0.32%,26530089,1046.94
31-Jan-17,10821.45,10831.55,10650.8,10674.15,-1.36%,96097948,2985.59
01-Feb-17,10703.5,10762.4,10652.5,10742.4,0.36%,47012362,1576.26
02-Feb-17,10762.7,10827.35,10732.35,10756.45,-0.06%,38115371,1294.49
03-Feb-17,10773.85,10817.9,10683.6,10708.1,-0.61%,28962045,1144.46
06-Feb-17,10760.75,10812.55,10729.75,10783.05,0.21%,29498245,1041.86
07-Feb-17,10786.05,10812,10669.5,10692.1,-0.87%,42108089,1496.37
08-Feb-17,10725.3,10792.95,10673.1,10722.6,-0.03%,38410347,1374.86
09-Feb-17,10738,10789.1,10719,10726.05,-0.11%,37579618,1269.93
10-Feb-17,10771.25,10774.35,10662.9,10676.75,-0.88%,45023778,1472.13
13-Feb-17,10715.45,10720.85,10622.85,10704.7,-0.1%,31760856,1044.95
14-Feb-17,10742.25,10760.4,10671.85,10728.85,-0.12%,45700121,1865.24
15-Feb-17,10734.25,10787.4,10613.5,10648.75,-0.8%,37754805,1585.93
16-Feb-17,10660.75,10754.55,10641.7,10746.1,0.8%,31080138,1410.38
17-Feb-17,10781.1,10866.65,10726.65,10846.2,0.6%,32830422,1361.7
20-Feb-17,10851.55,10964.45,10825.65,10947.15,0.88%,40579622,1396.84
21-Feb-17,10967.8,11035.1,10950.2,11024.45,0.52%,26846567,1145.19
22-Feb-17,11083.05,11443,11074.5,11418.55,3.03%,73582496,4747.53
23-Feb-17,11456.4,11482.85,11285.05,11311.15,-1.27%,80699604,3753.34
27-Feb-17,11341,11613.6,11328.95,11458.8,1.04%,62106177,3723.55
28-Feb-17,11431.9,11479.9,11345.7,11360.2,-0.63%,65962985,2833.65
01-Mar-17,11389.45,11402.05,11257.45,11277.35,-0.98%,57162543,2277.93
02-Mar-17,11329.7,11364.8,11128.55,11172.3,-1.39%,54436978,2121.15
03-Mar-17,11184,11380.15,11180.8,11305.05,1.08%,67883048,4147.01
06-Mar-17,11375.7,11564.3,11354.85,11539.6,1.44%,54219778,3274.12
07-Mar-17,11614,11649.4,11535.6,11573.85,-0.35%,54860724,2682.34
08-Mar-17,11594.2,11595.35,11438.3,11456.5,-1.19%,52795014,2902.23
09-Mar-17,11439.35,11454.75,11379.5,11397.55,-0.37%,55541635,2408.72
10-Mar-17,11432.85,11450.75,11246.05,11350.95,-0.72%,41417897,1773.44
14-Mar-17,11625.25,11625.3,11407.75,11435.65,-1.63%,52841839,2242.5
15-Mar-17,11441.45,11536.05,11433.65,11469.5,0.25%,38586449,1663.94
16-Mar-17,11537.15,11541.15,11476.8,11524.8,-0.11%,37790879,1585.43
17-Mar-17,11592.55,11603.85,11468.4,11487.15,-0.91%,48465170,1974.31
20-Mar-17,11497.85,11499.95,11399,11411.95,-0.75%,34636388,1328.09
21-Mar-17,11425.3,11433.3,11336.6,11359.05,-0.58%,34995957,1526.04
22-Mar-17,11267.2,11366.15,11245.65,11321.65,0.48%,33640532,1475.5
23-Mar-17,11394.15,11478.4,11368.2,11456.65,0.55%,42921723,1707.42
24-Mar-17,11451.75,11514.2,11407.65,11485.4,0.29%,37494511,1441.64
27-Mar-17,11424.5,11450.15,11292,11307.9,-1.02%,33786226,1659.37
28-Mar-17,11350.5,11357.35,11269.85,11298.2,-0.46%,36827168,1431.64
29-Mar-17,11346.1,11356.5,11250.65,11339.2,-0.06%,41049184,1440.42
30-Mar-17,11339.8,11400.85,11322.85,11377.65,0.33%,92681602,3397.38
31-Mar-17,11386.75,11724.1,11384.55,11648.7,2.3%,50002700,2543.33
03-Apr-17,11740.45,11881.45,11714.3,11819.4,0.67%,39577215,2235.76
05-Apr-17,11929,11998.85,11846.5,11979.3,0.42%,44394979,2293.12
06-Apr-17,11953.2,12140.25,11920.2,12123.45,1.42%,42338251,2495.23
07-Apr-17,12041.3,12149.2,12007.4,12055.05,0.11%,54716233,2583.48
10-Apr-17,12104,12189.55,12003.3,12017.45,-0.72%,41043055,2199
11-Apr-17,12065.35,12126.9,11996.45,12012.25,-0.44%,81199396,2488.44
12-Apr-17,12069.7,12093.8,11870.45,11914,-1.29%,41910633,1849.09
13-Apr-17,11917.5,12066.65,11877.25,12018.4,0.85%,36874957,1585.42
17-Apr-17,12040.4,12122.85,11999.15,12107.85,0.56%,42122383,1505.28
18-Apr-17,12170,12250.8,12013.8,12031.4,-1.14%,41558537,1872.6
19-Apr-17,12022.8,12125.8,11968.8,12100.8,0.65%,50925703,1690.37
20-Apr-17,12171.45,12199,12033.95,12068.5,-0.85%,39992148,1430.85
21-Apr-17,12146.95,12269.05,12138.2,12193.8,0.39%,37167975,1824.85
24-Apr-17,12235.3,12340.4,12195.55,12273.15,0.31%,30523561,1604.75
25-Apr-17,12466.45,12497.3,12343.6,12406.85,-0.48%,42137649,2377.3
26-Apr-17,12431.4,12454.6,12196,12278.65,-1.23%,35431882,1646.76
27-Apr-17,12291.7,12313.6,12239.2,12290.1,-0.01%,41764264,1563.96
28-Apr-17,12307.5,12347.45,12223.2,12263.55,-0.36%,36080083,1457.71
02-May-17,12321.2,12325.9,12191.8,12242.85,-0.64%,42193086,1747.07
03-May-17,12305.4,12365.65,12183.4,12212.85,-0.75%,34617027,1415.99
04-May-17,12258.45,12262.65,12108.05,12140.15,-0.97%,30561680,1242.82
05-May-17,12181.05,12182,11907.2,11925.4,-2.1%,32631823,1446.21
08-May-17,11944.85,11983,11888.7,11909.55,-0.3%,27093852,1185.59
09-May-17,11948.05,11997.05,11900.75,11980.7,0.27%,26426498,1346.5
10-May-17,12029.2,12133.9,12002.65,12118.45,0.74%,27366756,1319.39
11-May-17,12162.5,12169.1,12015.9,12037,-1.03%,35569505,1372.54
12-May-17,12056.2,12068.1,11977.1,12017.65,-0.32%,28793790,1219.32
15-May-17,12088.1,12088.55,11981.3,12036.55,-0.43%,20950283,780.34
16-May-17,12053.05,12179.95,12030.5,12099.5,0.39%,33644655,1269.15
17-May-17,12092.85,12142.4,12052,12073.15,-0.16%,33572064,1167.33
18-May-17,11999.95,12046.55,11862.35,11884.4,-0.96%,27489704,1058.79
19-May-17,11929.2,11965.55,11776.5,11794.7,-1.13%,38308941,1328.56
22-May-17,11846.35,11856.4,11675.3,11700.55,-1.23%,29933206,1047.9
23-May-17,11700.85,11709.15,11499.55,11559.25,-1.21%,41628840,1536.33
24-May-17,11577.55,11652.8,11495.9,11546.35,-0.27%,38441970,1547.78
25-May-17,11578.45,11653.6,11535.4,11627.55,0.42%,62661559,2563.25
26-May-17,11608.8,11876.7,11560.65,11858.35,2.15%,49441989,2428.07
29-May-17,11868.6,11974.6,11797.85,11919.9,0.43%,49436946,2234.8
01-Jan-18,14266.25,14277.5,14113.95,14138.95,-0.89%,70275207,1898.02
02-Jan-18,14216,14242.65,14092.65,14162.4,-0.38%,73156331,1902.14
03-Jan-18,14294.35,14312,14129.95,14157.8,-0.96%,67599682,1968.54
04-Jan-18,14209.1,14258.8,14175.05,14247.25,0.27%,47862176,1546.25
05-Jan-18,14279.15,14309.25,14204.55,14249.9,-0.2%,50235975,1529.7
08-Jan-18,14293.75,14349.75,14271.7,14326,0.23%,44477155,1590.75
09-Jan-18,14337.2,14446.75,14273.6,14411.1,0.52%,44908739,1669.12
10-Jan-18,14430.3,14488.15,14359.55,14395.7,-0.24%,47960575,1694.31
11-Jan-18,14390.25,14392.4,14308.45,14340.95,-0.34%,38424715,1208.67
12-Jan-18,14391.85,14477.15,14314.4,14438.95,0.33%,51208374,1816.97
15-Jan-18,14454.65,14550.5,14381.8,14410.4,-0.31%,39800797,1507.4
16-Jan-18,14412.8,14413.65,14076.8,14105.2,-2.13%,54502707,1788.3
17-Jan-18,14121.75,14164.15,13901.4,14140.85,0.14%,56219221,1897
18-Jan-18,14187.7,14200.8,13943.85,13993.75,-1.37%,59143011,1869.59
19-Jan-18,14029.8,14156.8,13991.85,14128.1,0.7%,39557616,1498.45
22-Jan-18,14278.6,14436.6,14211.4,14409.9,0.92%,77845029,3548.46
23-Jan-18,14488.3,14660.05,14481.3,14596.75,0.75%,69934397,2724.9
24-Jan-18,14600.55,14616.5,14437.75,14504.75,-0.66%,66761013,2344.75
25-Jan-18,14544.3,14547.6,14417.35,14465.65,-0.54%,79103203,2717.62
29-Jan-18,14469.35,14547.5,14337.65,14381.05,-0.61%,60564282,2079.12
30-Jan-18,14386.9,14423.45,14342.35,14368.55,-0.13%,85150596,2961.26
31-Jan-18,14369.65,14468.95,14289.7,14453.95,0.59%,69900833,2505.31
01-Feb-18,14470.5,14559,14198.7,14263.9,-1.43%,66585344,2293.64
02-Feb-18,14136.15,14193.15,13723.65,13775.3,-2.55%,67179557,2617.46
05-Feb-18,13613.15,13863.15,13525.75,13766.4,1.13%,61649468,2247.8
06-Feb-18,13367.65,13638.15,13332.75,13583.7,1.62%,57704490,2246.12
07-Feb-18,13724.75,13764.5,13613.7,13707.25,-0.13%,66994683,2346.47
08-Feb-18,13721.65,13827,13689.4,13727.15,0.04%,66895946,2316.94
09-Feb-18,13542.4,13700.55,13502.7,13639.6,0.72%,52547977,1863.86
12-Feb-18,13757.95,13854.5,13678.25,13829.2,0.52%,57457622,1855.83
14-Feb-18,13914.55,13969.15,13804,13879,-0.26%,55357881,2180.89
15-Feb-18,13945.55,14016.55,13856.8,13968.1,0.16%,38626852,1514.65
16-Feb-18,14014,14042.8,13768,13801.05,-1.52%,34104272,1209.68
19-Feb-18,13816.35,13824.15,13661.1,13777.75,-0.28%,27686208,1040.91
20-Feb-18,13801.65,13823.35,13718,13748.2,-0.39%,31126297,1042.88
21-Feb-18,13850.6,13850.6,13696.35,13818.5,-0.23%,49674782,1737.88
22-Feb-18,13703.3,13745.95,13635.3,13667.25,-0.26%,74442329,2305.42
23-Feb-18,13688.15,13841.3,13659.55,13816.7,0.94%,40643927,1392.39
26-Feb-18,13887.25,13974.85,13871.2,13909.7,0.16%,36526246,1330.77
27-Feb-18,13948.65,14097.7,13920.25,13992.25,0.31%,49231250,1848.32
28-Feb-18,13902.25,14013.9,13867.65,13991.45,0.64%,61331295,3496.64
01-Mar-18,13953,14045.25,13936.15,13961,0.06%,37785588,1338.21
05-Mar-18,13904.35,13944.15,13650.3,13686.35,-1.57%,39253897,1456.65
06-Mar-18,13764.15,13809.95,13522.6,13581.95,-1.32%,50262779,1992.87
07-Mar-18,13558.3,13561.55,13340.1,13358.2,-1.48%,41064004,1612.89
08-Mar-18,13448.1,13585.25,13342.5,13549.45,0.75%,45353944,1558.05
09-Mar-18,13586.15,13619.75,13517.8,13537.15,-0.36%,38294791,1370.42
12-Mar-18,13624.3,13868.65,13592.25,13835.45,1.55%,45349378,1594.02
13-Mar-18,13835.7,13955.45,13790.2,13934.2,0.71%,57391359,2221.14
14-Mar-18,13896.15,13897.15,13759.65,13843.25,-0.38%,50752589,2025.6
15-Mar-18,13777.3,13809.55,13640.9,13667.15,-0.8%,55744044,1616.64
16-Mar-18,13620.4,13630.65,13301.15,13419.25,-1.48%,86118221,2872.32
19-Mar-18,13444.05,13447,13280.3,13324,-0.89%,60233086,1749.88
20-Mar-18,13287.85,13403.2,13209.1,13244.65,-0.33%,47964884,1650.42
21-Mar-18,13316,13401.75,13267.8,13325.3,0.07%,51525093,1660.44
22-Mar-18,13329.8,13455.25,13320.45,13372.95,0.32%,55610697,2024.32
23-Mar-18,13142.85,13279,13142.5,13239.2,0.73%,65221517,2286.12
26-Mar-18,13249.45,13303.35,13143.35,13280.2,0.23%,68044215,2105.72
27-Mar-18,13369.65,13396.4,13310.95,13354.4,-0.11%,50972127,1711.22
28-Mar-18,13296.9,13297.2,13184.5,13214.15,-0.62%,81642746,2381.28
02-Apr-18,13316.95,13344.95,13257.9,13291.25,-0.19%,,
03-Apr-18,13275.3,13415.55,13241.55,13394.75,0.9%,39823239,1361.07
04-Apr-18,13450.6,13481.5,13218.1,13254.1,-1.46%,39723704,1347.27
05-Apr-18,13378.85,13448.35,13370.9,13431.9,0.4%,33113097,1028.62
06-Apr-18,13460.2,13551.75,13432.85,13490.6,0.23%,36654633,1146.11
09-Apr-18,13511.25,13650,13510.1,13611.4,0.74%,43114027,1373.42
10-Apr-18,13670.3,13671.2,13606.75,13636.75,-0.25%,41781523,1261.36
11-Apr-18,13665.45,13712.6,13512.3,13581.65,-0.61%,99026209,2929.58
12-Apr-18,13539.95,13594.05,13474.7,13574.8,0.26%,89390746,2578.43
13-Apr-18,13626.5,13663.7,13577.8,13633.8,0.05%,46759006,1574.19
16-Apr-18,13570.5,13667.7,13524.85,13638.35,0.5%,41960532,1269.78
17-Apr-18,13691.3,13769.1,13667,13750.55,0.43%,51302637,1529.29
18-Apr-18,13757.4,13778.15,13666.25,13696.1,-0.45%,40304859,1248.15
19-Apr-18,13678.1,13718.4,13597.45,13643.65,-0.25%,77260427,2239.32
20-Apr-18,13615.3,13637.05,13406.75,13476.45,-1.02%,53950033,1624.6
23-Apr-18,13523.9,13608.5,13501.55,13558.65,0.26%,48694199,1419.5
24-Apr-18,13560.4,13887.1,13554.2,13841.8,2.08%,45082115,1767.44
25-Apr-18,13866.85,13941.3,13733.65,13784.85,-0.59%,49834070,1683.9
26-Apr-18,13814.7,13897.5,13690.5,13824.85,0.07%,67993426,2755.26
27-Apr-18,13959.45,14140,13926.65,14030.45,0.51%,56610115,2147.69
30-Apr-18,13928.35,14006.85,13738.95,13770.15,-1.14%,38833974,1529.15
02-May-18,13824.25,13888.3,13728.7,13771.7,-0.38%,41258182,1371.78
03-May-18,13807.35,13810.5,13641.05,13709.5,-0.71%,36326765,1078.14
04-May-18,13719.1,13730.65,13610.2,13643.25,-0.55%,54194259,1482.25
07-May-18,13669,13881.2,13644.4,13863.1,1.42%,50532730,1466.28
08-May-18,13903.25,13972.4,13833.95,13880.6,-0.16%,62919514,1828.05
09-May-18,13818.85,13983.95,13768.75,13921.15,0.74%,73794304,2150.15
10-May-18,13959.6,13971.5,13875.85,13960.05,0%,60737673,1644.97
11-May-18,13969.35,14080.15,13946.05,14048.35,0.57%,65431442,1766.77
14-May-18,14080.8,14102,13967.8,14071.35,-0.07%,56930561,1501.92
15-May-18,14048.95,14244.05,14006.2,14025,-0.17%,86273894,2365.5
16-May-18,13982.75,13984.2,13703.8,13786.05,-1.41%,58285855,2014.6
17-May-18,13802.8,13809.2,13650.05,13682.7,-0.87%,61530466,1804.23
18-May-18,13672.5,13775.85,13501.8,13523.55,-1.09%,63382154,1861.32
21-May-18,13522.6,13553.25,13437.7,13514.05,-0.06%,45477043,1530.18
22-May-18,13547.25,13562.7,13435.55,13456.25,-0.67%,56765642,1631.12
23-May-18,13415.05,13439.1,13154.85,13172.25,-1.81%,72275877,2094.13
24-May-18,13209.25,13239.95,13023.45,13113.95,-0.72%,104077099,2637.35
25-May-18,13112.25,13340.7,13101.3,13315.8,1.55%,95683210,2708.57
28-May-18,13438.1,13509.15,13424.65,13446.1,0.06%,85414842,2311.14
01-Jan-19,14355.05,14373.15,14230.75,14348,-0.05%,29263890,1000.7
02-Jan-19,14277.5,14335.8,14036.3,14140.55,-0.96%,74886991,2230.7
03-Jan-19,14121.7,14145.3,13892.55,13914.6,-1.47%,80202225,2128.38
04-Jan-19,13949.5,14073.35,13849.45,14043.05,0.67%,51208798,1773.15
07-Jan-19,14130.4,14243.15,14095.65,14137.05,0.05%,54259998,1481.08
08-Jan-19,14138,14165.65,14034.2,14106.35,-0.22%,37150346,1227.27
09-Jan-19,14161.9,14202.65,13948,14061,-0.71%,46386823,1528.74
10-Jan-19,14033.85,14065.9,13957.8,14004.55,-0.21%,58187464,1509.62
11-Jan-19,14008.15,14076.85,13848.4,13937.55,-0.5%,48514218,1462.36
14-Jan-19,13929.15,13929.15,13804.15,13865.2,-0.46%,47219853,1335.48
15-Jan-19,13975.05,14185.6,13948.4,14162.6,1.34%,57781880,2068.53
16-Jan-19,14218.35,14338.6,14211.75,14242.6,0.17%,48341601,1633.14
17-Jan-19,14318.95,14366.8,14208.65,14257.5,-0.43%,56345979,1832.15
18-Jan-19,14365.75,14667.1,14272.15,14607.5,1.68%,62343301,3749.91
21-Jan-19,14686.45,15000.15,14633.75,14963.85,1.89%,60326267,3385.99
22-Jan-19,14937.1,15047.7,14844.25,14949.85,0.09%,55240164,2817.73
23-Jan-19,14949.75,15046.6,14813.5,14849.8,-0.67%,45612323,1792.28
24-Jan-19,14843.9,15067.55,14812,14990.4,0.99%,47162967,2299.63
25-Jan-19,15027.4,15160.75,14895,14970.05,-0.38%,42263592,1732.79
28-Jan-19,15006.25,15019.05,14755.85,14820.05,-1.24%,45261595,1734.27
29-Jan-19,14816,14822.6,14570,14630.5,-1.25%,72653207,2238.93
30-Jan-19,14670.75,14723.05,14426.25,14479.25,-1.31%,72401733,2082.57
31-Jan-19,14541.45,14816.25,14532.65,14792.95,1.73%,157583215,3789.28
01-Feb-19,14867.05,15025.6,14770.55,14975.75,0.73%,46129978,1849.54
04-Feb-19,14934.35,15269.55,14891.55,15215.35,1.88%,63743461,2486.37
05-Feb-19,15214.7,15309.3,15131.7,15198.95,-0.1%,57749482,2186.96
06-Feb-19,15229.7,15433.85,15209,15394.15,1.08%,138925408,3481.36
07-Feb-19,15395.3,15472.65,15185.5,15225.1,-1.11%,170221081,3296.59
08-Feb-19,15161.5,15307.4,14983.85,15013.65,-0.98%,117383956,2318.92
11-Feb-19,14975.4,14977.15,14730.2,14762.9,-1.42%,87886838,2115.56
12-Feb-19,14747.2,14943.8,14747.05,14802.15,0.37%,92876274,2048.83
13-Feb-19,14848.9,14899.05,14495.85,14576.15,-1.84%,85420763,2106.74
14-Feb-19,14526.4,14530.1,14261.3,14335.1,-1.32%,163887754,3287.6
15-Feb-19,14455.5,14651.65,14329,14618.45,1.13%,134158971,3046.15
18-Feb-19,14665.55,14696.05,14377.25,14433.8,-1.58%,90849309,2381.85
19-Feb-19,14410.65,14635.65,14377.75,14411.05,0%,59880033,1636.73
20-Feb-19,14515.7,14747.9,14477.9,14679.15,1.13%,93843093,2146.71
21-Feb-19,14686.3,14844.35,14627.5,14796.8,0.75%,77319611,2478.47
22-Feb-19,14807.05,14844.5,14719.1,14777.05,-0.2%,121145797,2875.38
25-Feb-19,14806.2,14825.75,14646.05,14762.95,-0.29%,124774801,2977.35
26-Feb-19,14532.8,14807.9,14474.1,14695.6,1.12%,103593746,2755.59
27-Feb-19,14769.5,14919.1,14586.4,14689.05,-0.54%,86576869,2638.87
28-Feb-19,14785.45,14873.05,14704.9,14818.5,0.22%,267182534,5574.5
01-Mar-19,14885.9,14930.6,14796.55,14857.85,-0.19%,81446067,2139.75
05-Mar-19,14834,15130.15,14793.15,15108.6,1.85%,101565897,2471.36
06-Mar-19,15151.6,15409.2,15127.8,15363.05,1.4%,112098343,3206.64
07-Mar-19,15383.3,15485.9,15319,15348.35,-0.23%,106079912,2692.39
08-Mar-19,15331.5,15390.65,15253.1,15352.55,0.14%,101799160,2290.64
11-Mar-19,15412.85,15821.4,15386.85,15770.95,2.32%,119237252,3370.89
12-Mar-19,15891.15,16032.75,15870.9,15991.15,0.63%,106916638,3293.83
13-Mar-19,16025.25,16091.25,15850.95,16041.8,0.1%,103955839,3117.88
14-Mar-19,16041.8,16148.1,15986.9,16024.95,-0.11%,70784443,2423.72
15-Mar-19,16075.7,16219.5,15981.95,16046.2,-0.18%,141822742,4488.08
18-Mar-19,16138,16394.7,16119.95,16333.15,1.21%,123258564,3506.95
19-Mar-19,16458.8,16632.9,16358.15,16593.9,0.82%,134772270,3515.54
20-Mar-19,16607.25,16607.25,16353.3,16397.4,-1.26%,138972896,3561.84
22-Mar-19,16408.05,16501.6,16103.85,16152.3,-1.56%,156124639,3924.66
25-Mar-19,16048.45,16198,15973.45,16147.9,0.62%,119608031,2924.4
26-Mar-19,16218,16575.9,16218,16541.35,1.99%,110631119,3069.97
27-Mar-19,16624.05,16624.05,16283.95,16330.1,-1.77%,84504787,2672.37
28-Mar-19,16344.05,16493.4,16266.75,16384.5,0.25%,165062420,4193.99
29-Mar-19,16495.55,16605.9,16455.15,16484,-0.07%,153561018,3538.35
01-Apr-19,16571.4,16660.95,16393.45,16532.1,-0.24%,110645950,3112.2
02-Apr-19,16585.9,16631,16469.7,16523.5,-0.38%,100252848,2769.55
03-Apr-19,16575.95,16590.4,16232.35,16258.65,-1.91%,84181020,2597.73
04-Apr-19,16297.3,16316.3,16054.85,16120.6,-1.08%,79034096,2499.77
05-Apr-19,16188.9,16227.05,16084.2,16171.45,-0.11%,59543809,1836.78
08-Apr-19,16193.75,16203.05,15915.3,15983.3,-1.3%,83274907,2443.61
09-Apr-19,15943.1,16092.05,15887.35,16068.25,0.78%,77802083,2476.01
10-Apr-19,16067.5,16190.1,16003.65,16026.9,-0.25%,64144989,2001.82
11-Apr-19,16051.35,16195.75,16029.55,16159.15,0.67%,70434743,1921.45
12-Apr-19,16202.75,16253.85,16118.9,16169.75,-0.2%,75622208,2132.82
15-Apr-19,16209.95,16231.8,16084.8,16114.45,-0.59%,59036001,1479.37
16-Apr-19,16191.05,16277.2,16159.4,16203.55,0.08%,67249207,2105.81
18-Apr-19,16369.7,16385.6,16194.7,16336.25,-0.2%,90977161,3769.95
22-Apr-19,16135.65,16144.85,15921.1,15944.3,-1.19%,75340917,2589.54
23-Apr-19,15915,16035.5,15849.2,16010.7,0.6%,84147815,2708.92
24-Apr-19,16096.3,16332.45,16093.9,16305.75,1.3%,103718406,2740.02
25-Apr-19,16305.3,16476.25,16199.8,16243.55,-0.38%,268286241,6403.46
26-Apr-19,16277.15,16449.2,16272.8,16431.5,0.95%,73149984,2288.11
30-Apr-19,16473,16552.1,16272.4,16500,0.16%,94927617,3070.98
02-May-19,16491.2,16566.75,16419.7,16499.05,0.05%,92845678,2636.45
03-May-19,16557.75,16664.65,16526.85,16568.3,0.06%,78500263,2200.36
06-May-19,16498.6,16580.55,16442.1,16503.15,0.03%,76635510,2436.92
07-May-19,16552.55,16552.55,16204.7,16231.2,-1.94%,75872853,2478.76
08-May-19,16219.65,16219.65,15873.6,15925.8,-1.81%,75403085,2931.62
09-May-19,15861.45,15861.65,15585.5,15635.45,-1.42%,76319645,3425.37
10-May-19,15662.95,15683.35,15450.7,15493.85,-1.08%,65205057,2314.3
13-May-19,15464.15,15533.55,15128.25,15172.1,-1.89%,63119907,1922.8
14-May-19,15152.65,15484.9,15101.6,15399.3,1.63%,71119380,2658.78
15-May-19,15491.65,15530.5,15230.6,15274.3,-1.4%,67259556,2461.51
16-May-19,15290.5,15571.45,15237.85,15530.95,1.57%,61905113,1877.74
17-May-19,15509.6,15595,15364.9,15538.65,0.19%,79914480,2245.14
20-May-19,15991.45,16272.25,15944.15,16240.4,1.56%,90078768,3003.32
21-May-19,16324.45,16341.3,16024.55,16087.4,-1.45%,77592353,3154.23
22-May-19,16143.15,16261,16097.65,16171.95,0.18%,77725071,2746.66
23-May-19,16454.95,16647.15,16072.65,16129.1,-1.98%,110116660,4276.65
24-May-19,16309.3,16363.35,16031.5,16267.3,-0.26%,94334344,3058.47
27-May-19,16306.4,16455.3,16200.6,16382.65,0.47%,84644509,2412.5
28-May-19,16455.9,16556.75,16390.15,16487.95,0.19%,135785779,5075.22
01-Jan-20,15936.4,16009.65,15910.15,15987.8,0.32%,40598613,1519.79
02-Jan-20,16007.55,16146.8,15981.25,16128.5,0.76%,52973197,1915.51
03-Jan-20,16114.3,16169.55,16013.9,16054.8,-0.37%,108524573,3156.83
06-Jan-20,15936.05,15968.3,15690.25,15737.05,-1.25%,80858149,2989.44
07-Jan-20,15819.25,15948.65,15753.95,15793.75,-0.16%,77592436,2614.13
08-Jan-20,15630.25,15760.5,15581.6,15664.95,0.22%,61598649,2307.14
09-Jan-20,15897.35,15921.15,15820.9,15900.35,0.02%,63990475,2079.72
10-Jan-20,15972.65,16037.7,15872.55,15940.15,-0.2%,60324836,1733.23
13-Jan-20,15951.75,16090.6,15951.75,16043.35,0.57%,61976951,2205.65
14-Jan-20,16062.25,16152.75,15994.85,16053.25,-0.06%,67787639,2025.91
15-Jan-20,16067.65,16075.4,15941.1,16019,-0.3%,54366189,1890.1
16-Jan-20,16045.2,16076.75,15955.15,15974.4,-0.44%,70698637,1821.49
17-Jan-20,15997.7,16101.35,15944.75,16077.65,0.5%,71973524,3063.59
20-Jan-20,16196.35,16196.35,15833.2,15854.85,-2.11%,145801050,4328.68
21-Jan-20,15843.05,15908.6,15762.75,15776.95,-0.42%,99446413,2623.4
22-Jan-20,15797.7,15811,15498.8,15534.6,-1.67%,172578675,3045.66
23-Jan-20,15567.1,15771.05,15543.5,15704.85,0.88%,418584547,6948.42
24-Jan-20,15701.15,15768.7,15649.75,15674.65,-0.17%,87413874,2217.14
27-Jan-20,15642.4,15671.75,15458.45,15489.25,-0.98%,62868591,1793.08
28-Jan-20,15526.9,15529.7,15309.6,15363.35,-1.05%,86877114,2867.5
29-Jan-20,15421.7,15532.6,15399.95,15451.9,0.2%,104051120,3123.4
30-Jan-20,15473.55,15477.7,15195.65,15244.8,-1.48%,124855431,3101.75
31-Jan-20,15318.85,15322.8,14790.55,14838.8,-3.13%,271863397,5683
01-Feb-20,14820,14885.55,14351.3,14426.35,-2.66%,137791062,3280.86
03-Feb-20,14374.55,14602.3,14271.85,14499.75,0.87%,110868454,3418.66
04-Feb-20,14619.85,14968.55,14619.5,14953.8,2.28%,100393412,2997.85
05-Feb-20,14998.25,15184.55,14965.85,15099.15,0.67%,90564044,2836.48
06-Feb-20,15120.4,15266.9,15112.35,15228.8,0.72%,77743865,2376.28
07-Feb-20,15206.35,15237.25,15106.35,15189.95,-0.11%,88003387,2031.54
10-Feb-20,15185.85,15186.55,14947.25,15025.5,-1.06%,132612454,2729.03
11-Feb-20,15152.05,15319.25,15134.85,15233.45,0.54%,117887221,2544.62
12-Feb-20,15268.6,15380.75,15198.8,15234.2,-0.23%,79215094,1975.45
13-Feb-20,15263.8,15317.9,15140.4,15191.25,-0.48%,101940778,2252.75
14-Feb-20,15205.25,15276.35,15028.4,15048.65,-1.03%,135379107,3388.19
17-Feb-20,15095.95,15148.85,14761.7,14816.45,-1.85%,114970460,2300.42
18-Feb-20,14782.45,14826.6,14568.6,14789.85,0.05%,138595352,2555.17
19-Feb-20,14935.8,15071.6,14877.9,15057.2,0.81%,88450235,2143.01
20-Feb-20,15012.75,15088.25,14964.75,14987.65,-0.17%,120418565,2593.05
24-Feb-20,14911.9,14911.9,14602.6,14627.45,-1.91%,83029802,2502.09
25-Feb-20,14726.6,14740,14421.2,14455.85,-1.84%,90765288,2934.02
26-Feb-20,14411.7,14426.65,14148.3,14189.7,-1.54%,118668741,3257.01
27-Feb-20,14161.45,14178.65,13934.5,14069.05,-0.65%,142221064,3220.15
28-Feb-20,13748.1,13804.05,13564.8,13651,-0.71%,178120158,4304.09
02-Mar-20,13914.65,14048.5,13311.7,13419.05,-3.56%,128249742,3259.97
03-Mar-20,13554.3,13940.45,13534.05,13863.7,2.28%,115822951,2977
04-Mar-20,13893.55,13975.2,13657.65,13876.65,-0.12%,114211684,2744.21
05-Mar-20,13956,14039.8,13707.05,13743.65,-1.52%,98597724,2938.68
06-Mar-20,13314.45,13469.2,13118.05,13342.6,0.21%,118892105,3342.01
09-Mar-20,13071.85,13116.4,12366.35,12480.3,-4.53%,340421903,9301.82
11-Mar-20,12439.9,12682.8,12343.1,12398.7,-0.33%,249240185,5835.45
12-Mar-20,11807.85,11813.65,11144.75,11204.9,-5.11%,317296366,5827.8
13-Mar-20,10658.3,11925.1,9767.8,11721.25,9.97%,324508487,6747.64
16-Mar-20,11296.6,11511.45,10973.45,11017.45,-2.47%,212107660,4184.73
17-Mar-20,11142.75,11542.15,10906.2,10960.3,-1.64%,173328093,3908.59
18-Mar-20,11124.9,11195.3,10129.55,10466.9,-5.91%,432664370,5835.39
19-Mar-20,10033.3,10430.35,9802.65,10042.95,0.1%,229750458,4608.76
20-Mar-20,10213.95,11019.35,10196.05,10910.1,6.82%,377054258,6366.91
23-Mar-20,9904.15,10220,9799.95,9850.5,-0.54%,165671447,3144.6
24-Mar-20,10154.3,10352.4,9750,10024,-1.28%,152952094,3298.22
25-Mar-20,10033.9,10878,10027.8,10558.5,5.23%,144147911,4625.22
26-Mar-20,10674.15,10749.05,10416.8,10640.7,-0.31%,181007529,3667.58
27-Mar-20,10849.75,10937.45,10517.8,10626.3,-2.06%,171968606,3465.31
30-Mar-20,10338.1,10652.5,10210.85,10401.1,0.61%,123535903,2483.43
31-Mar-20,10689,11176.4,10556.15,11124.15,4.07%,195836193,4156.46
01-Apr-20,11119.45,11133.1,10657,10771.9,-3.13%,118105179,3187.29
03-Apr-20,11040,11040.5,10641.1,10888.4,-1.37%,159531858,3584.52
07-Apr-20,11184.9,11700.05,11079.3,11667.75,4.32%,187497243,4627.92
08-Apr-20,11566.75,11990.55,11427.9,11685.15,1.02%,180569917,4376.99
09-Apr-20,11916.25,12037.25,11818.55,11987,0.59%,103123738,2933.35
13-Apr-20,11972.35,11992.95,11635.8,11830.65,-1.18%,107625553,2322.95
15-Apr-20,11945.2,12260.6,11676.95,11721.9,-1.87%,126005128,3193.85
16-Apr-20,11656.7,12064.45,11631.9,11978.75,2.76%,125676746,3242.94
17-Apr-20,12419.35,12419.35,12143.05,12281.15,-1.11%,97955010,2757.66
20-Apr-20,12361.1,12466.45,12106.8,12402.05,0.33%,129381759,3237.41
21-Apr-20,12138.25,12144.1,11864.45,12090.55,-0.39%,135337902,4500.23
22-Apr-20,12316.75,12519.95,12044.35,12485.8,1.37%,213341063,10128.02
23-Apr-20,12529.95,12627.45,12409.65,12438.7,-0.73%,146707455,5317.44
24-Apr-20,12322.55,12831.4,12284.5,12500.8,1.45%,176912152,9958.89
27-Apr-20,12640.95,12785.05,12558.05,12581.95,-0.47%,115314371,4846.86
28-Apr-20,12677.95,12713,12433.45,12547.7,-1.03%,169197849,6683.45
29-Apr-20,12664.5,12721.3,12581.25,12611.55,-0.42%,122280952,3571.56
30-Apr-20,12821.2,13228.65,12711.2,13154.7,2.6%,203147396,6473.57
04-May-20,12825.55,12919.65,12689.15,12726.65,-0.77%,134222641,4699.78
05-May-20,12917.25,13119.1,12857.3,12897.9,-0.15%,165419674,4710.95
06-May-20,12816.95,12966.4,12697.6,12912.4,0.74%,189024150,4763.98
07-May-20,12852.7,12867.95,12748,12829.4,-0.18%,113190841,4412.49
08-May-20,13043.65,13075.65,12872.4,12896.7,-1.13%,159663041,7295.51
11-May-20,13007.5,13188.85,12890.25,12920.15,-0.67%,136690964,5904.41
12-May-20,12859.9,12919.45,12584.45,12664.4,-1.52%,159531925,8068.9
13-May-20,13176.8,13176.8,12742,12911.45,-2.01%,185004435,5922.35
14-May-20,12764.35,12782.4,12456.25,12485.95,-2.18%,189907571,4631.17
15-May-20,12547,12687.6,12440.7,12615.45,0.55%,159142560,5504.02
18-May-20,12672.5,12672.5,12189.25,12214.55,-3.61%,159336474,5560.24
19-May-20,12369,12497.2,12217.55,12247.7,-0.98%,164186752,4046.81
20-May-20,12233.25,12551,12190.7,12508.5,2.25%,199424676,4991.88
21-May-20,12510,12574.1,12417.45,12502.6,-0.06%,137557603,3729.92
22-May-20,12492.5,12518.35,12346.7,12463.55,-0.23%,131271173,3619.27
26-May-20,12534.05,12610.7,12474.7,12519.55,-0.12%,137032849,3224.05
27-May-20,12562.75,12750.45,12441.8,12715.95,1.22%,130511227,3461.67
28-May-20,12783.5,12871.6,12747.1,12845,0.48%,146569980,3955.26
01-Jan-21,17002.4,17011.35,16922.3,16976.2,-0.15%,77853373,1793.68
04-Jan-21,17096.15,17193.95,16969.3,17176.15,0.47%,162406457,4130.3
05-Jan-21,17058.8,17087.85,16926.25,17070.55,0.07%,167619275,4003.53
06-Jan-21,17168.4,17272.35,16952.7,17097.85,-0.41%,256615160,7176.51
07-Jan-21,17206.4,17283.7,16998.15,17042.75,-0.95%,171937653,5015.08
08-Jan-21,17166.8,17273.35,17126.5,17255.15,0.51%,212198710,5220.94
11-Jan-21,17336.5,17345.3,17051.35,17108.55,-1.31%,158936225,4861.55
12-Jan-21,17140.3,17376.9,17092.3,17329.6,1.1%,244395674,6769.06
13-Jan-21,17425.4,17615.45,17229.05,17430.15,0.03%,271408090,6131.15
14-Jan-21,17531.7,17694.95,17463,17669.4,0.79%,176598377,4480.51
15-Jan-21,17771.1,17811.95,17266.7,17341.05,-2.42%,194400471,4557.36
18-Jan-21,17371.2,17400.25,16933.3,17200.75,-0.98%,200709927,5712.22
19-Jan-21,17346.25,17552.35,17334.55,17518.55,0.99%,154644474,4847.53
20-Jan-21,17565.05,17634.2,17394.65,17596.3,0.18%,139572803,4626.37
21-Jan-21,17710.45,17835.65,17480.05,17564.15,-0.83%,158782873,5764.49
22-Jan-21,17596.35,17631.9,17172.9,17259.8,-1.91%,184762384,5073.3
25-Jan-21,17327.95,17340.7,16730.7,16772.3,-3.21%,193187606,6878.7
27-Jan-21,16695.5,16706.75,16439.45,16482.9,-1.27%,199455765,5819.51
28-Jan-21,16340.25,16585,16334.15,16459.75,0.73%,180124047,4917.57
29-Jan-21,16586.4,16696.5,16104.6,16159.2,-2.58%,240893388,6395
01-Feb-21,16294.4,16643.8,16202.8,16587.55,1.8%,215925755,5444.57
02-Feb-21,16779.6,17034.65,16618.4,16950.5,1.02%,199029034,5823
03-Feb-21,17040.65,17317.15,16927.25,17221.5,1.06%,251819575,5934.31
04-Feb-21,17274.25,17524.85,17213.5,17462.95,1.09%,303258699,5783.47
05-Feb-21,17614.85,17644.45,17321.15,17415.5,-1.13%,267855163,4758.76
08-Feb-21,17441.5,17718.35,17422.6,17664.05,1.28%,254901060,4860.86
09-Feb-21,17751.8,17913.55,17604.9,17685.4,-0.37%,225555755,5304.53
10-Feb-21,17709.3,17790.9,17502.65,17706.4,-0.02%,203281028,4994.27
11-Feb-21,17661,17969.85,17621.9,17945.9,1.61%,161411464,6368.87
12-Feb-21,17997.7,18041.25,17625.1,17753.05,-1.36%,136528664,4971.82
15-Feb-21,17829,17867.8,17676.25,17714.55,-0.64%,126927533,3434.65
16-Feb-21,17749.85,18235.85,17734.6,18129.3,2.14%,267723404,5959.7
17-Feb-21,18066.65,18347.7,17988.75,18305.45,1.32%,214395609,5634.88
18-Feb-21,18404.55,18893.55,18389.5,18770.65,1.99%,463071582,8834.05
19-Feb-21,18747.4,19035.55,18479.85,18681.5,-0.35%,360679298,7473.6
22-Feb-21,18669.8,18794.3,18252.6,18336.85,-1.78%,189190417,4815.05
23-Feb-21,18576.75,18865.85,18534.6,18717.5,0.76%,283561601,6700.05
24-Feb-21,18843.5,18914.25,18663.2,18782.4,-0.32%,132348301,2799.73
25-Feb-21,18934.15,19519.2,18924.9,19355.7,2.23%,370251302,8470.26
26-Feb-21,19079.05,19315.1,18656.2,18793.35,-1.5%,332099985,8834.06
01-Mar-21,19096.45,19209.6,18962.15,19159.1,0.33%,217409571,4541.87
02-Mar-21,19355.3,19477.05,19138.9,19303.4,-0.27%,273148324,5823.82
03-Mar-21,19567.15,19727.2,19309.55,19670.05,0.53%,223592422,6065.35
04-Mar-21,19486.05,19676.9,19436.8,19507.3,0.11%,281570001,5706.96
05-Mar-21,19514.15,19767.7,19323.55,19428.2,-0.44%,270766451,6134.34
08-Mar-21,19516.05,19907.95,19481.5,19650.35,0.69%,292448253,5839.33
09-Mar-21,19654.2,19692.95,19053.85,19385.15,-1.37%,376597519,12537.59
10-Mar-21,19544.25,19548.45,19238.7,19331.25,-1.09%,157774568,3552.36
12-Mar-21,19546.55,19612.75,19203.7,19318.3,-1.17%,307057608,6201.74
15-Mar-21,19440.15,19440.85,19005.75,19322.9,-0.6%,232428060,5060.19
16-Mar-21,19404.2,19497,19249.35,19293.2,-0.57%,166124262,3930.74
17-Mar-21,19279,19298.6,18654.55,18693.95,-3.03%,204937496,5174.75
18-Mar-21,18834.9,18952.95,18326.65,18404.4,-2.29%,227163405,4906.01
19-Mar-21,18264.15,19066.5,18045.15,18985.4,3.95%,398047417,9093.06
22-Mar-21,19151.3,19152.2,18862.85,18991.75,-0.83%,203464365,4610.84
23-Mar-21,19076.7,19143.6,18952.55,19005.55,-0.37%,154435151,4134.91
24-Mar-21,18853.9,18984.85,18641.05,18676.75,-0.94%,160704912,3729.79
25-Mar-21,18719.6,18724.35,18094.2,18133.35,-3.13%,226736566,4889.86
26-Mar-21,18345.6,18395.15,18075.5,18217.65,-0.7%,194417384,4333.75
30-Mar-21,18392,18588.9,18309.7,18418.9,0.15%,260195493,5470.36
31-Mar-21,18372.45,18449.45,18160.4,18185.1,-1.02%,156521674,3632.65
01-Apr-21,18295.25,18543,18246.8,18516.2,1.21%,124811318,2709.63
05-Apr-21,18438.8,18476.5,17973.4,18232.2,-1.12%,145246074,3240.69
06-Apr-21,18335.7,18425.1,18139.45,18217.15,-0.65%,138650412,3098.24
07-Apr-21,18339.3,18537.35,18284.35,18333.35,-0.03%,142462336,4123.36
08-Apr-21,18368.85,18445.9,18226.1,18275.55,-0.51%,127917490,3068.97
09-Apr-21,18289.7,18305.1,18058,18077.15,-1.16%,116008131,2792.65
12-Apr-21,17796.95,17811.55,17215.25,17279.45,-2.91%,242314473,4547.06
13-Apr-21,17381.75,17713.55,17348.05,17672.8,1.67%,189371447,3978.18
15-Apr-21,17650.1,17950.5,17544.45,17781.65,0.75%,138573279,3510.86
16-Apr-21,17757.35,17982.75,17712.25,17841.05,0.47%,144985626,3439.66
19-Apr-21,17456,17518.1,17302.3,17357.75,-0.56%,133371341,3293.01
20-Apr-21,17476.6,17570.5,17254.95,17342,-0.77%,129511467,3071.2
22-Apr-21,17271.6,17449.45,17159.3,17370.95,0.58%,112961730,2742.5
23-Apr-21,17323.2,17594.1,17304.4,17537.7,1.24%,170440948,3843.94
26-Apr-21,17662.7,17742.1,17609.5,17675,0.07%,107105503,3286.09
27-Apr-21,17702.05,17919.15,17686.55,17879.2,1%,100993700,3111.69
28-Apr-21,17990.35,18037.5,17914.95,17990.6,0%,99962161,3036.19
29-Apr-21,18176.8,18234.65,18003.2,18063.1,-0.63%,113960098,3127.24
30-Apr-21,17926.7,18387.35,17897.05,18031.1,0.58%,239507505,5209.06
03-May-21,17854.9,18048.9,17789.55,17983.4,0.72%,136735081,3882.16
04-May-21,18031.75,18150.6,17881.6,17947.85,-0.47%,184555386,4454.48
05-May-21,18102.2,18203.75,17961.65,18058.8,-0.24%,166335895,3382.84
06-May-21,18169.75,18209.8,18031.75,18178.2,0.05%,146884740,3363.95
07-May-21,18283.25,18366,18149.9,18295.6,0.07%,141645412,3281.63
10-May-21,18428.25,18614.35,18379.3,18590.05,0.88%,213674807,4100.31
11-May-21,18489.65,18944.75,18409.35,18917.8,2.32%,312070065,5427.31
12-May-21,18968,19088.2,18585.5,18717.4,-1.32%,289676762,5203.84
14-May-21,18858.1,18858.1,18489.95,18652.95,-1.09%,174814082,3478.25
17-May-21,18803.75,18870.4,18684.55,18847.05,0.23%,125388572,2656.81
18-May-21,19106.7,19289.35,19052.45,19201.55,0.5%,183807665,3867.13
19-May-21,19248.5,19353.15,19164.5,19308.1,0.31%,193973265,4450.49
20-May-21,19376.95,19432.8,19098.75,19155.5,-1.14%,150278155,3306.9
21-May-21,19283.15,19358.9,19258.15,19326.3,0.22%,178834785,4211.7
24-May-21,19420.3,19608.4,19364.35,19583.55,0.84%,213457700,4054.41
25-May-21,19767.25,19767.25,19521.05,19542.4,-1.14%,177086362,4123.97
26-May-21,19637.7,19637.7,19300.05,19321,-1.61%,135411968,2992.6
27-May-21,19435.55,19453.1,19263.85,19295.35,-0.72%,232028607,7599.5
28-May-21,19446.45,19713.6,19401.85,19566.8,0.62%,151533964,7608.23
31-May-21,19648.1,19949.35,19485.5,19908.95,1.33%,171728572,8113.53
03-Jan-22,22657.85,22892.75,22630.3,22849.25,0.84%,54482207,1585.37
04-Jan-22,22962.8,23417.25,22924.65,23370.35,1.77%,117605769,3288.85
05-Jan-22,23333.35,23548.25,23274.95,23518,0.79%,92522578,2921.18
06-Jan-22,23419,23421.25,23148,23370.6,-0.21%,79978737,3025.55
07-Jan-22,23477.1,23641.75,23379,23577.7,0.43%,110642277,3533.13
10-Jan-22,23647.25,23749.8,23517.8,23712.35,0.28%,75539383,2404.16
11-Jan-22,23777.5,24051.45,23706,24003.3,0.95%,82339432,3462.3
12-Jan-22,24211,24565.3,24118.9,24515.8,1.26%,98168858,3834.09
13-Jan-22,24629.9,24847.1,24505.55,24817.55,0.76%,114164409,3795.04
14-Jan-22,24754.45,24902.5,24652.25,24867.85,0.46%,101087475,4289.58
17-Jan-22,24891.35,25236.5,24875.85,25184.5,1.18%,101743813,3118.34
18-Jan-22,25266.6,25418.9,24987.85,25054.95,-0.84%,89218194,2810.54
19-Jan-22,25136.2,25330.1,24997.6,25293.95,0.63%,145497976,3982.23
20-Jan-22,25241.95,25339.65,25049.8,25270.1,0.11%,106039329,4061.04
21-Jan-22,25113.6,25289.05,24774.5,25055.85,-0.23%,108850499,3797.2
24-Jan-22,25098.95,25285.85,24231,24425.25,-2.68%,135559213,4934.87
25-Jan-22,24062.95,24800.55,23857.9,24716.4,2.72%,118821486,4969.19
27-Jan-22,24512.2,24744.8,24367.65,24557,0.18%,138356950,4741.39
28-Jan-22,24873.1,25079.1,24618.9,24677,-0.79%,145845209,4310.28
31-Jan-22,24993.25,25210.65,24901.15,24983.95,-0.04%,123226110,3691.23
01-Feb-22,25180.35,25261.1,24622.5,24888.45,-1.16%,165393165,5052.61
02-Feb-22,25069.1,25138.75,24918.75,24998.95,-0.28%,83759380,2832.67
03-Feb-22,24944.95,25032.6,24678.9,24728.95,-0.87%,88427765,2819.23
04-Feb-22,24774.9,24868.4,24621.45,24699.15,-0.31%,105583814,3367.99
07-Feb-22,24817.35,25003.6,24665.15,24825,0.03%,87640126,2942.35
08-Feb-22,24920.25,24982.35,24340.25,24500.9,-1.68%,148409070,4395.49
09-Feb-22,24579.9,24638.2,24451.55,24514.35,-0.27%,95967257,3164.46
10-Feb-22,24599.15,24738.35,24528.25,24685.55,0.35%,147593930,4366.56
11-Feb-22,24591.2,24703.4,24455.3,24549.7,-0.17%,111440841,3900.57
14-Feb-22,24211.2,24333.6,23819.65,23899.8,-1.29%,129586713,3578
15-Feb-22,23980.7,24401.55,23608.25,24363.8,1.6%,120908241,3507.86
16-Feb-22,24417.1,24621.7,24311.45,24392.95,-0.1%,106792185,3288.38
17-Feb-22,24568.15,24870.85,24501.5,24757.95,0.77%,94130364,3438.29
18-Feb-22,24755.5,24937.1,24495.4,24540.7,-0.87%,66275584,2179.35
21-Feb-22,24470.75,24489.8,24119.2,24174.4,-1.21%,78822319,2703.51
22-Feb-22,23696.25,24242.7,23644.3,24166.35,1.98%,115992819,3736.96
23-Feb-22,24306.6,24477.3,24116.25,24164.75,-0.58%,83133934,2409.35
24-Feb-22,23513.75,23679.1,22831.1,22928.1,-2.49%,163089825,5547.95
25-Feb-22,23254.65,23644.95,23245.25,23590.6,1.44%,129256393,3931.57
28-Feb-22,23403.8,24255.55,23342.8,24212.1,3.45%,159163667,5430.02
02-Mar-22,24061.05,24636.45,23975.7,24520.65,1.91%,165746474,5389.12
03-Mar-22,24826.15,25027.6,24788.05,24968.25,0.57%,156177169,4104.85
04-Mar-22,24871.5,24977,24443.75,24491.35,-1.53%,129565574,3619.09
07-Mar-22,24156.4,24336.6,23961,24207.6,0.21%,253543701,6472.33
08-Mar-22,24190.85,24580.15,23804.3,24229,0.16%,222069769,6244.54
09-Mar-22,24513.7,24636.6,24339.9,24459.1,-0.22%,154107097,4981.51
10-Mar-22,24755.2,24913.3,24578.8,24816.65,0.25%,175136129,5188.21
11-Mar-22,24760.8,25043.05,24722.7,25004.3,0.98%,107591061,3382.77
14-Mar-22,24960.45,25040.8,24716.3,24889.8,-0.28%,92986339,2733.58
15-Mar-22,24886.6,24918.9,24205,24347.95,-2.16%,121949969,3938.07
16-Mar-22,24598.55,24810.9,24520.55,24783.8,0.75%,88547245,2896.58
17-Mar-22,25020.2,25383.8,24884.9,25304.8,1.14%,188399811,6279.97
21-Mar-22,25274.35,25355.75,24893.5,24936.65,-1.34%,99170427,3209.5
22-Mar-22,25014.65,25408,24991.15,25359.5,1.38%,126891738,4839.92
23-Mar-22,25431.85,25689.95,25431.85,25569.75,0.54%,105682138,3996.6
24-Mar-22,25485.7,25815.9,25478.95,25789.1,1.19%,103369437,3610.97
25-Mar-22,25849.8,25917.9,25710.25,25833.55,-0.06%,81921715,3305.13
28-Mar-22,25965.4,26023.2,25716.15,25989.3,0.09%,96838137,3051.97
29-Mar-22,26128.9,26128.9,25852.75,25889.95,-0.91%,77804351,2626.97
30-Mar-22,25959.55,26236.35,25689.05,25856.2,-0.4%,313612976,7402.75
31-Mar-22,25822.05,25955,25718.35,25822,0%,130162276,4022.2
01-Apr-22,25921.1,26540.85,25893.9,26454.5,2.06%,155712831,4070.29
04-Apr-22,26493.1,26895.9,26432.05,26841,1.31%,114121306,3691.87
05-Apr-22,26966.6,27237.3,26871.3,27150.65,0.68%,183755085,6121.54
06-Apr-22,27035.65,27571.65,27023.8,27472.05,1.61%,342227771,10297.69
07-Apr-22,27403.85,27813.35,26926.7,27005.15,-1.45%,264375566,8723.08
08-Apr-22,27229.15,27594.75,27150.7,27512.7,1.04%,132246777,5279.94
11-Apr-22,27672.8,28440.2,27624.5,28235.25,2.03%,119201694,4922.04
12-Apr-22,28384.65,28706.35,27910.6,28059.05,-1.15%,135903799,6756.14
13-Apr-22,28388.05,28543.35,28056.25,28193.7,-0.68%,116392885,4284.07
18-Apr-22,28109.3,28524.85,27850.25,28423.2,1.12%,248451127,6942.63
19-Apr-22,28710.75,29080.75,28046.4,28440.85,-0.94%,190487947,7650.09
20-Apr-22,28737.2,28957.5,28537.9,28690.7,-0.16%,137735132,6225.36
21-Apr-22,28965.1,29086.2,28774,29026,0.21%,134870798,5802.86
22-Apr-22,28891.35,29172.3,28814.15,28877.65,-0.05%,95455877,5952.08
25-Apr-22,28562.3,28651.75,28015.6,28155.1,-1.43%,105334257,4380.57
26-Apr-22,28468.45,29015.15,28353.8,28902.6,1.53%,97257057,3902.84
27-Apr-22,28840.7,28987.05,28471.15,28527.6,-1.09%,111257328,4935.89
28-Apr-22,28939.3,29168.3,28651.85,29046.1,0.37%,115453315,5679.24
29-Apr-22,29302.7,29304.05,28424.4,28594.15,-2.42%,112745126,4826.63
02-May-22,28342.7,28612.25,28271.75,28573.65,0.81%,92998082,3139.54
04-May-22,28634.35,28743.3,28016,28201.4,-1.51%,124668545,5021.96
05-May-22,28538.35,28655.9,28114.25,28284.9,-0.89%,126008018,4653.99
06-May-22,27901.6,28442.35,27783.8,28339,1.57%,110408189,4686.9
09-May-22,27968.85,28097.2,27480.05,27570.25,-1.43%,161483532,5549.48
10-May-22,27425.35,27700.35,26482.05,26581.35,-3.08%,133824888,4973.46
11-May-22,26596.05,27229.45,26102.9,26464.7,-0.49%,110043711,4358.63
12-May-22,26427.4,26581.95,25590.85,25719.15,-2.68%,127171686,4802.12
13-May-22,26048.7,26239.1,25155.45,25347.65,-2.69%,116199750,4596.92
16-May-22,25482.25,25825.15,25218.2,25657.4,0.69%,79601375,3144.64
17-May-22,25885.5,26523.45,25730.9,26455.85,2.2%,116348441,4255.74
18-May-22,26540.25,26686.95,26261.3,26314.9,-0.85%,137946566,4784.12
19-May-22,25754.35,25938.6,25669.6,25839.75,0.33%,89989469,3444.63
20-May-22,26285.8,26517.95,26110.7,26433.5,0.56%,91529453,4397.71
23-May-22,26619.55,26767.6,26006.25,26052,-2.13%,99164784,3668.55
24-May-22,26143.3,26288.75,25696.8,25824.2,-1.22%,95008792,3435.08
25-May-22,26044,26105.8,25587.95,25778,-1.02%,95085669,3404.85
26-May-22,25914.45,25973.35,25120.85,25760.45,-0.59%,123167251,4647.62
27-May-22,26032.6,26047.85,25362.1,25511.85,-2%,117709838,3978.38
30-May-22,25753.5,25994.65,25671.15,25921.1,0.65%,108732778,3651.13
02-Jan-23,25948.2,26127.5,25879.55,26031,0.32%,61517076,1759.27
03-Jan-23,26018.95,26070.95,25878.95,26005.3,-0.05%,58999413,1993.53
04-Jan-23,26018.8,26029,25571.95,25605.55,-1.59%,76876117,2441.09
05-Jan-23,25702.55,25772.85,25453.45,25717.85,0.06%,99645722,3338.41
06-Jan-23,25766,25857.7,25641.95,25728.85,-0.14%,88831282,2193.97
09-Jan-23,25886.15,26208.85,25876.55,26163.95,1.07%,107722543,3144.76
10-Jan-23,26223.3,26227.35,25831.25,26092.9,-0.5%,75695863,2336.09
11-Jan-23,26115.4,26152.9,25830.95,25876.6,-0.91%,102400950,2937.76
12-Jan-23,25941.55,25941.55,25584.75,25699.6,-0.93%,79532520,3404.2
13-Jan-23,25668.75,25883.2,25578.9,25862.55,0.76%,55527388,3247.49
16-Jan-23,25943.05,26055.6,25788.4,26026.9,0.32%,59542637,3495.62
17-Jan-23,26116.6,26369.35,26080.5,26331.1,0.82%,76346379,3725.89
18-Jan-23,26307.55,26340.65,26174.65,26272.55,-0.13%,58598057,2833.05
19-Jan-23,26216.15,26230.55,26013.15,26163,-0.2%,65167565,2845.04
20-Jan-23,26189.1,26252.5,26087.55,26135.05,-0.21%,75216947,3370.54
23-Jan-23,26232.3,26294.75,26077.1,26137.45,-0.36%,83735230,2728.09
24-Jan-23,26230,26230,25896.4,25962.25,-1.02%,53358056,2816.98
25-Jan-23,25864.2,25908.3,25374.1,25450.3,-1.6%,62837647,2617.61
27-Jan-23,25262,25336.2,23948.85,24169.95,-4.32%,94992573,5420.26
30-Jan-23,23711.45,24181.5,23144.85,23434.7,-1.17%,143421197,6581.2
31-Jan-23,23497.95,23770.85,23305.05,23713.5,0.92%,157757138,6543.4
01-Feb-23,24060.45,24064.15,23001.8,23402.75,-2.73%,119865169,4773.51
02-Feb-23,22994.05,23123.6,22785.25,22874,-0.52%,91873044,2949.88
03-Feb-23,22707.8,22707.8,22350.35,22638.4,-0.31%,83722058,3753.97
06-Feb-23,22328.7,22501.15,22304.1,22478.05,0.67%,72137706,2655.93
07-Feb-23,22391.7,22646.75,22314.1,22386.5,-0.02%,74364497,4031.41
08-Feb-23,22440.6,22607.75,22414.1,22559.8,0.53%,72668555,4249.58
09-Feb-23,22506.8,22559.7,22329.05,22499.75,-0.03%,53592574,2547.85
10-Feb-23,22365.4,22391.45,22242.1,22325.85,-0.18%,53778751,2042.78
13-Feb-23,22248.05,22322.15,22160.2,22258.95,0.05%,47662403,1820.97
14-Feb-23,22203.7,22295.7,22106.05,22273.85,0.32%,50117540,2251.23
15-Feb-23,22140.2,22380.75,22132.05,22349.15,0.94%,65075084,4558.85
16-Feb-23,22448.65,22631.4,22380.7,22427.65,-0.09%,90065433,4199.25
17-Feb-23,22367.95,22544.7,22324.1,22469.2,0.45%,84030880,2792.36
20-Feb-23,22461.55,22506.8,22217.45,22249.05,-0.95%,56545058,1949.49
21-Feb-23,22296.15,22425.75,22220.7,22339,0.19%,76839744,2762.8
22-Feb-23,22204.85,22226.2,21862.1,21916.45,-1.3%,73415255,2377.2
23-Feb-23,21880.95,21975.5,21750.85,21801.8,-0.36%,100657947,2471.12
24-Feb-23,21774.9,21979.85,21770.2,21946.65,0.79%,94617582,2312.41
27-Feb-23,21890.05,21937.2,21724.65,21900.6,0.05%,98319847,2707.64
28-Feb-23,21801.3,21844.65,21631.1,21682.25,-0.55%,125783380,4791.78
01-Mar-23,21768.95,21899.35,21725.65,21874.6,0.49%,58750948,2298.5
02-Mar-23,21894.55,21961.35,21831.9,21900.05,0.03%,106077177,3043.69
03-Mar-23,22098.9,22339.2,22066.9,22268.75,0.77%,80588131,2787.82
06-Mar-23,22446.1,22785.35,22436.1,22698.5,1.12%,102806359,2715.45
08-Mar-23,22717.6,22898.6,22646.8,22887.75,0.75%,90566567,3202.31
09-Mar-23,22988.3,22989.25,22654.6,22682.15,-1.33%,75685150,3025.48
10-Mar-23,22570.45,22718.05,22509.45,22696.75,0.56%,72652820,2656.41
13-Mar-23,22836.65,22918.9,22513.2,22561.65,-1.2%,80638227,2627.6
14-Mar-23,22564.9,22678.35,22319.45,22403.3,-0.72%,85331088,3623.81
15-Mar-23,22505.85,22550,22351.7,22393.7,-0.5%,75013402,3740.33
16-Mar-23,22480.5,22735.6,22295.3,22621.35,0.63%,136328043,4492.03
17-Mar-23,22850.2,22870.75,22598.45,22659,-0.84%,172932591,6657.93
20-Mar-23,22529.9,22655.45,22405.55,22585.7,0.25%,96420011,4043.12
21-Mar-23,22715.25,22826.5,22589.15,22792.9,0.34%,89563527,3939.88
22-Mar-23,22930.25,22940.35,22785.95,22835.75,-0.41%,84310031,2634.44
23-Mar-23,22841.85,22918.55,22739.45,22821.75,-0.09%,64872060,2879.47
24-Mar-23,22905.1,22947.75,22580.45,22613.4,-1.27%,83710978,4004.67
27-Mar-23,22718.05,22811.5,22466.5,22514.55,-0.9%,89323087,3726.27
28-Mar-23,22452.55,22473.45,22300,22388.85,-0.28%,62072406,2333.11
29-Mar-23,22260.6,22494.8,22205.45,22373.05,0.51%,121151594,4740.87
31-Mar-23,22552.65,22948.85,22550.35,22814.45,1.16%,75182331,4520.17
03-Apr-23,22937.65,22952.9,22734.3,22805.9,-0.57%,86735317,2883.66
05-Apr-23,22907.35,22942.55,22622.4,22707.9,-0.87%,73457983,3282.66
06-Apr-23,22763.15,22887.4,22683.05,22816.05,0.23%,54285063,3071.43
10-Apr-23,22930,23122.15,22904.6,23060.05,0.57%,59853196,2566.29
11-Apr-23,23181.5,23321.3,23162.85,23297.2,0.5%,46098976,2006.77
12-Apr-23,23396.7,23435.4,23181.4,23233.1,-0.7%,60421008,3807.72
13-Apr-23,23266.85,23350.7,23117.75,23215.65,-0.22%,59709779,2615.54
17-Apr-23,23494.6,23494.6,23272.05,23363.75,-0.56%,74506678,3422.73
18-Apr-23,23426.8,23431.95,23124.6,23211.85,-0.92%,61128086,2339.53
19-Apr-23,23160.2,23236.3,23076.55,23159.4,0%,68094448,2603.43
20-Apr-23,23182.5,23225.15,23116.05,23185.25,0.01%,50322698,1701.83
21-Apr-23,23227.45,23250.15,23095.6,23185.45,-0.18%,33221020,1464.77
24-Apr-23,23248.55,23279.95,23133,23207.4,-0.18%,43910880,2202.77
25-Apr-23,23206.75,23431.6,23195.65,23385.75,0.77%,47645555,2030.78
26-Apr-23,23397.85,23419.25,23230.45,23365.8,-0.14%,49289243,1948.27
27-Apr-23,23401.95,23470.35,23323.4,23443.65,0.18%,57258505,1967.6
28-Apr-23,23528.4,23764.2,23376.35,23734.55,0.88%,81096220,3327.27
02-May-23,23876.3,24104.05,23862.45,24046.95,0.71%,66836364,2916.22
03-May-23,24049,24067.65,23877.5,23901.15,-0.61%,58229717,1993.31
04-May-23,23910.55,24072.25,23855.4,24042.4,0.55%,64532366,2344.91
05-May-23,24036.8,24091.15,23901.5,23946.75,-0.37%,48866879,2096.55
08-May-23,23896.35,24166.3,23863.5,24129.65,0.98%,55448349,2315.35
09-May-23,24107.6,24254.15,24028.95,24099.1,-0.04%,56102409,2198.42
10-May-23,24156.35,24281.8,24088.75,24268.95,0.47%,52732537,2480.3
11-May-23,24284.4,24458.35,24253.25,24316.5,0.13%,53994456,2317.56
12-May-23,24254,24263.9,23963.85,24040.2,-0.88%,60821410,2188.74
15-May-23,24092.4,24132.8,23932.8,24040.2,-0.22%,51836387,1890.95
16-May-23,24128.4,24193.45,23994.9,24027.8,-0.42%,107447714,2802.61
17-May-23,24118,24118,23835.9,23901.15,-0.9%,68262357,2297.22
18-May-23,24011.55,24014.05,23663.35,23692.15,-1.33%,62686637,2384.47
19-May-23,23653.15,23754.85,23458.35,23723.35,0.3%,56641646,2309.8
22-May-23,23782.65,24019.8,23775.9,23898.2,0.49%,53868169,1832.61
23-May-23,24046.2,24124.8,24009.35,24028.45,-0.07%,72638683,1906.91
24-May-23,24117.95,24220.35,24043.95,24085.25,-0.14%,66980502,2934.64
25-May-23,24113.55,24144.4,23899.55,24071.7,-0.17%,60128002,2712.33
26-May-23,24164.05,24270.45,24098.3,24238.9,0.31%,58632313,2648.16
29-May-23,24258.4,24314,24150.6,24261.3,0.01%,102763309,3364.18
30-May-23,24319.7,24384.45,24189.5,24218.15,-0.42%,71684239,2971.7
01-Jan-24,33562.8,33715.1,33464.45,33544.2,-0.06%,65755753,2396.54
02-Jan-24,33632.1,33791.4,33238.15,33703.7,0.21%,117303052,4551.81
03-Jan-24,33902.55,34074.65,33657.1,33791.6,-0.33%,114880750,6511.81
04-Jan-24,33974.9,34328.05,33863.2,34189.25,0.63%,170610892,6281.06
05-Jan-24,34387.7,34503.8,34067.25,34216.15,-0.5%,142673848,5166.34
08-Jan-24,34374.6,34472.9,34046.65,34142.6,-0.67%,108223779,3999.21
09-Jan-24,34379.1,34460.95,34184.6,34226.7,-0.44%,83038061,3222.91
10-Jan-24,34188.75,34374.3,33791.65,34330.65,0.42%,115381058,4974.16
11-Jan-24,34529,34831.35,34493.65,34776.7,0.72%,127445860,6683.79
12-Jan-24,34910.2,35016.45,34571,34969.95,0.17%,130593371,5401.57
15-Jan-24,35190.85,35480.1,34807.65,35449.85,0.74%,136968775,4943.13
16-Jan-24,35456.2,35495.55,35062.2,35185.05,-0.76%,161324011,5828.27
17-Jan-24,34945,35319.9,34718.25,34853.25,-0.26%,139167854,5366.85
18-Jan-24,34532.6,34846.1,34066.5,34580.5,0.14%,150756085,5600.41
19-Jan-24,34881.05,35034.2,34679.4,34985.3,0.3%,143301673,5448.27
20-Jan-24,35116.65,35483.2,35031.15,35236.1,0.34%,90697671,3881.11
23-Jan-24,35845,35846.45,34124.55,34324.3,-4.24%,172956443,7521.32
24-Jan-24,34440.25,34982.85,34104.5,34895.1,1.32%,182754959,9275.4
25-Jan-24,34979.85,35330,34876.8,35203.85,0.64%,162284301,6199.99
29-Jan-24,35542.25,37106.5,35468.4,37024.75,4.17%,227637368,10661.72
30-Jan-24,37221.95,37221.95,36346.25,36398.8,-2.21%,199408131,7968.17
31-Jan-24,36470.75,36827.85,36460.3,36748,0.76%,174797316,7243.72
01-Feb-24,36978.3,37237.65,36714.05,36910.6,-0.18%,162584901,6777.81
02-Feb-24,37139.05,38226.6,37122.75,38077.7,2.53%,280865335,11165.18
05-Feb-24,38395.45,39045.3,38028.85,38481.3,0.22%,264930913,9224.26
06-Feb-24,38646.6,38796,37968.5,38721.4,0.19%,231419290,8126.71
07-Feb-24,39025.9,39425.75,38768.15,38945.5,-0.21%,201940025,8731.22
08-Feb-24,39218.45,39600.1,38901.95,39354.35,0.35%,266405495,10406.76
09-Feb-24,39571.5,39612.95,38386.1,39037.65,-1.35%,236390350,9423.64
12-Feb-24,38937.4,38990,37946.15,38097.1,-2.16%,197551470,7483.15
13-Feb-24,38271.45,38635,37820.4,38394.3,0.32%,167566427,6814.87
14-Feb-24,38230.6,39324.45,38087.45,39253.5,2.68%,183800152,7473.3
15-Feb-24,39444.95,40064.35,39344.75,39942.15,1.26%,222606875,9262.49
16-Feb-24,40140.3,40194.9,39627.05,39682.4,-1.14%,188889198,8239.85
19-Feb-24,39866.1,40146.45,39704.05,39804.5,-0.15%,119542921,5620.8
20-Feb-24,39859.1,40027.85,39609.65,39955.15,0.24%,169427477,6849.29
21-Feb-24,40067.65,40113.3,39133.45,39283.15,-1.96%,129634849,6394.5
22-Feb-24,39388.6,39651.2,38723.3,39589.55,0.51%,155745696,7669.66
23-Feb-24,39696.4,39704.25,39375.35,39561.45,-0.34%,97260342,5172.21
26-Feb-24,39590.7,39901.7,39414.9,39758.9,0.42%,123786927,5856.01
27-Feb-24,39617.75,39837.8,39461.55,39659.5,0.11%,124336935,5618.98
28-Feb-24,39624.9,39698.8,38652.35,38748.05,-2.21%,108024363,4595.2
29-Feb-24,38911.45,39047.3,38567.65,38838,-0.19%,163856890,8231.46
01-Mar-24,39059.05,39757.4,39050.1,39707.1,1.66%,107005054,5087.45
02-Mar-24,39792.75,39880.05,39626.75,39753.55,-0.1%,8188875,364.71
04-Mar-24,39927.05,40635.65,39895.55,40466.6,1.35%,163607679,6862.41
05-Mar-24,40468.95,40702.4,40264.2,40646.1,0.44%,108619827,4658.78
06-Mar-24,40558.7,40749.2,39747.4,40451.5,-0.26%,129878497,5474.08
07-Mar-24,40475.7,40681.85,40182.8,40301.8,-0.43%,175264779,7984.7
11-Mar-24,40251.4,40415.05,39761.9,39853.1,-0.99%,127133007,6199.89
12-Mar-24,39863.25,39990.7,39539.1,39599.25,-0.66%,112042822,5287.54
13-Mar-24,39628.6,39649.65,37209.95,37439.4,-5.52%,183325247,8037.81
14-Mar-24,37417.9,38272.9,37261.85,38159.95,1.98%,168681372,8468.08
15-Mar-24,38042.8,38280.65,36854.95,37583.1,-1.21%,320947171,12110.84
18-Mar-24,37497.25,37935.6,37284.5,37825.4,0.88%,116466562,5323.91
19-Mar-24,37592.4,37742.2,37053.85,37232.1,-0.96%,135203420,5158.68
20-Mar-24,37391.5,37670.3,37058.9,37630.7,0.64%,97845145,4399.33
21-Mar-24,37984.05,38381.6,37961.4,38328.35,0.91%,128455341,5739.66
22-Mar-24,38314.05,38618.05,38107.95,38411.55,0.25%,119522088,6535.16
26-Mar-24,38096.45,38557.25,38058.9,38428.5,0.87%,107770841,5206.96
27-Mar-24,38629.9,39050.75,38599.8,38690.15,0.16%,169000891,7766.94
28-Mar-24,38803.3,39401,38803.3,39020.6,0.56%,129560727,7347.72
01-Apr-24,39322.55,39557.3,39227.85,39489.7,0.43%,73743276,3479.97
02-Apr-24,39503.5,39807.25,39405.7,39693.75,0.48%,104741179,4722.08
03-Apr-24,39679.8,39826.05,39562.35,39704.55,0.06%,108175973,4560.63
04-Apr-24,40023.8,40099.25,39270.7,39530.35,-1.23%,143991001,6963.91
05-Apr-24,39534.55,39581.35,39157.4,39451.55,-0.21%,87414712,3840.8
08-Apr-24,39649.2,40025.3,39637.45,39951.25,0.76%,76723151,3758.36
09-Apr-24,40065.8,40092.65,39602.65,39693.45,-0.93%,93229686,4416.04
10-Apr-24,39785.7,40248.3,39785.7,40120.1,0.84%,109972890,5121.82
12-Apr-24,40058.6,40437.75,39714.3,39756,-0.76%,147038914,7165.87
15-Apr-24,39232.9,40017,38876.9,39629.25,1.01%,193761091,8023.61
16-Apr-24,39426.7,39900.2,39298.25,39712.75,0.73%,154687788,6137.34
18-Apr-24,40094.95,40275.55,39244.5,39359.55,-1.83%,193433267,8882.13
19-Apr-24,38987.55,39501.9,38726.85,39357.85,0.95%,138339485,6554.58
22-Apr-24,39712.25,39727.9,39458.6,39570.05,-0.36%,119031102,5426.39
23-Apr-24,39721.55,39853,39392.05,39446.6,-0.69%,83789274,4739.43
24-Apr-24,39585.25,39770.35,39498,39561.85,-0.06%,81025656,3985.04
25-Apr-24,39520.35,40059.2,39459.05,39989.25,1.19%,108321013,5773.96
26-Apr-24,40111.2,40208.35,39902.85,39968.3,-0.36%,88496359,4358.82
29-Apr-24,40116.35,40387.3,40059.6,40352.1,0.59%,116475874,4940.4
30-Apr-24,40537.2,40771.35,40311.35,40366.7,-0.42%,170573327,6832.96
02-May-24,40490.75,40971.1,40383.85,40801.1,0.77%,205871870,8854.51
03-May-24,40973.75,41244.55,40122.15,40571.05,-0.98%,198383652,9562.98
06-May-24,40689.9,40736.8,39702.65,39882.1,-1.99%,141143560,6141.89
07-May-24,39976.1,40021.35,38916.85,39035.25,-2.35%,126040742,6024.6
08-May-24,38911.4,39918.5,38911.4,39635.1,1.86%,114680188,5165.78
09-May-24,39622.1,39742.9,38367.65,38458,-2.94%,122826731,5688.86
10-May-24,38687.25,39137.6,38504.4,39089.45,1.04%,116513724,5927.04
13-May-24,39092.9,39148.8,38132.75,38868.15,-0.57%,114381912,5406.51
14-May-24,38939.5,39543.95,38924.2,39494.2,1.42%,87562720,4483.17
15-May-24,39617.2,40075.3,39563.95,39949.55,0.84%,102378609,5692.13
16-May-24,40122.6,40146.55,39422.85,40076.6,-0.11%,130245487,6923.23
17-May-24,40118.85,40368.2,39976.05,40302.5,0.46%,74632388,4471.76
18-May-24,40480.1,40502.75,40397.75,40432.85,-0.12%,11674178,463.31
21-May-24,40307.7,41190.55,40305.4,40971.05,1.65%,134643156,6584.46
22-May-24,41204.4,41397.9,40946.9,41331.55,0.31%,121039349,6045.6
23-May-24,41318.45,41625.9,41088.5,41559.25,0.58%,130050488,7189.05
24-May-24,41536.6,41876.95,41413.25,41634.65,0.24%,96085121,5071.51
27-May-24,41842.65,41854.3,41114.2,41292.65,-1.31%,97546576,5173.01
01-Jan-25,35173.35,35466.6,35076.55,35430.45,0.73%,262162315,5412.21
02-Jan-25,35446.75,35744.9,35268.2,35715.9,0.76%,309101021,9091.16
03-Jan-25,35807.45,36202.05,35770.55,35894.05,0.24%,305329257,9381.62
06-Jan-25,35928.15,35937.65,34647.6,34731.15,-3.33%,365771414,10582.87
07-Jan-25,34877.6,35388.2,34856.05,35164.75,0.82%,326995846,10007.06
08-Jan-25,35306.2,35358.45,34884.5,35157.4,-0.42%,296788662,11232.71
09-Jan-25,35196,35205.3,34408.75,34444.95,-2.13%,251876386,8723.52
10-Jan-25,34484.1,34536.9,33657.1,33743,-2.15%,308309009,7742.08
13-Jan-25,33379.6,33602.75,32490.85,32623.1,-2.27%,452920012,11940.9
14-Jan-25,32807.5,33665.85,32802.8,33567.75,2.32%,396644821,14459.07
15-Jan-25,33793.8,34131.85,33666.15,33821.2,0.08%,348705957,11457.29
16-Jan-25,34279.4,34380.45,34135.75,34275.1,-0.01%,264729380,9225.65
17-Jan-25,34415.75,34784.4,34234.45,34686.1,0.79%,279875919,10406.88
20-Jan-25,34833.45,35041.4,34552.9,34970.55,0.39%,228755732,7134.56
21-Jan-25,35014.85,35043.4,34262.3,34308.5,-2.02%,258106169,8195.81
22-Jan-25,34400.5,34452.5,33434.25,33805.2,-1.73%,245146674,7023.78
23-Jan-25,33707.3,34095.25,33574.7,33866.6,0.47%,216646209,6298.29
24-Jan-25,33946.9,34203.95,33171.8,33263.55,-2.01%,269048309,8579.59
27-Jan-25,33074.6,33079.1,32304.4,32417.55,-1.99%,304848087,7090.22
28-Jan-25,32499.1,32582.9,31511.7,31966.1,-1.64%,391109160,9904.64
29-Jan-25,32086.35,32663,32073.7,32607.85,1.63%,324315035,9514.38
30-Jan-25,32824.35,33210.8,32760.3,33026.05,0.61%,276806536,8612.7
31-Jan-25,33139.2,33954.05,32958.8,33895.6,2.28%,369307973,8877.22
01-Feb-25,34028.05,34238.1,32874.75,33172.6,-2.51%,479365795,9307.94
03-Feb-25,32882.05,32917.6,31884.15,32177.4,-2.14%,438493934,11072.89
04-Feb-25,32479.85,32923,32393.2,32896.7,1.28%,367309321,11483.66
05-Feb-25,33115.15,33492.4,33097.7,33345.45,0.7%,301191393,9822.98
06-Feb-25,33492.4,33571.9,32893.05,33059.75,-1.29%,280819103,7995.13
07-Feb-25,32978.75,33141.05,32613.9,32817.3,-0.49%,219131906,6082.98
10-Feb-25,32778.45,32834.25,32023.25,32109.9,-2.04%,231736187,6205.01
11-Feb-25,32156.65,32157.75,31217.7,31436.75,-2.24%,277279999,7306.01
12-Feb-25,31369.45,31411.9,30485.8,31317.3,-0.17%,351855123,9494.16
13-Feb-25,31378,31734.15,31213.55,31286.8,-0.29%,233930970,6322.74
14-Feb-25,31389.1,31466.4,30265.55,30572.3,-2.6%,262388162,6631.85
17-Feb-25,30401.35,30785.05,29892.35,30737.55,1.11%,263909866,6895.01
18-Feb-25,30763.25,30909.2,30300.5,30849.05,0.28%,250773199,8403.27
19-Feb-25,30620.2,31279.5,30487.35,31198.5,1.89%,284182742,7499.85
20-Feb-25,31072.75,31816.95,30992.05,31769.65,2.24%,304461982,7971.47
21-Feb-25,31721.65,32022.7,31441.5,31592,-0.41%,302434287,7515.87
24-Feb-25,31251.95,31405.8,31049.05,31240.8,-0.04%,214758958,5702.67
25-Feb-25,31222.8,31369.85,30921.9,31018.3,-0.65%,237248461,7578.56
27-Feb-25,31017.2,31095.85,30478.05,30659.25,-1.15%,259229003,7429.97
28-Feb-25,30511.5,30540.4,29863.25,30018.15,-1.62%,487594358,15217.14
03-Mar-25,30091.9,30219.8,29313.2,30007.05,-0.28%,401275882,9028.42
04-Mar-25,29623.3,30334.25,29406.6,30239.15,2.08%,304186165,7347.88
05-Mar-25,30248.35,31126.35,30246.75,31099.45,2.81%,339147388,9365.63
06-Mar-25,31431.8,31782.55,31249.9,31729.85,0.95%,394527934,11987.14
07-Mar-25,31723.35,32075.6,31599,31788.45,0.21%,408873005,10585.49
10-Mar-25,31788.45,32154.15,31214,31302.2,-1.53%,355841776,9732.45
11-Mar-25,31023.9,31528.9,30847.8,31462.65,1.41%,268799507,7078.17
12-Mar-25,31638.1,31827.45,31158.35,31535.3,-0.32%,322661183,7362.52
13-Mar-25,31738.8,31889.5,31448.1,31483,-0.81%,247386403,6892.51
17-Mar-25,31560.6,31827.35,31503.6,31660.15,0.32%,243557754,7043.96
18-Mar-25,31857.85,32195.3,31727.1,32165.5,0.97%,259610579,8650.47
19-Mar-25,32277.45,32786.25,32216.1,32735.05,1.42%,379842427,8910.57
20-Mar-25,33013.15,33042.95,32580.35,33001.05,-0.04%,292830964,8128.8
21-Mar-25,33047,33722.95,33011.05,33475.05,1.3%,560733086,14936.43
24-Mar-25,33849.25,34149.1,33760.2,33955,0.31%,340807051,10096.64
25-Mar-25,34123.8,34144.35,33418.95,33502.4,-1.82%,312430752,8482.63
26-Mar-25,33600.05,33791.55,33165.3,33205.4,-1.17%,323143567,9358.09
27-Mar-25,33130.75,33778.9,33060.1,33682.95,1.67%,581026568,16662.86
28-Mar-25,33771.45,34075,33481.45,33571.6,-0.59%,486985903,11188.6
01-Apr-25,33381.2,33790.35,33190.6,33289.15,-0.28%,303242532,7671.69
02-Apr-25,33321.8,33503.9,32924.55,33463.7,0.43%,290414242,7459.54
03-Apr-25,33151.9,33596.6,33143.05,33559.8,1.23%,326358822,7138.3
04-Apr-25,33502.2,33514.45,32109.7,32308.9,-3.56%,411333167,10910.99
07-Apr-25,29810.9,31554.75,29802.2,31414.55,5.38%,487694492,11810.52
08-Apr-25,32031.15,32204.2,31426.45,31866.75,-0.51%,308062284,9075.02
09-Apr-25,31788.9,31824.15,31422.65,31558.95,-0.72%,288357367,6788.36
11-Apr-25,32250,32454.6,31981.2,32411.1,0.5%,297158898,7483.86
15-Apr-25,33033.25,33182.4,32811.4,33106.55,0.22%,363467324,8253.05
16-Apr-25,33081.05,33482.3,33004.25,33456.9,1.14%,289345509,7744.81
17-Apr-25,33432.6,33877.3,33178.95,33797.5,1.09%,304171321,8562.58
