Date,Open,High,Low,Close,Change_percentage,Shares_traded,Turnover_in_crores
09-Nov-15,16667.9,17069,16587.25,17003,2.01%,80562033,2519.91
10-Nov-15,16895.2,17047.3,16805.05,16836,-0.35%,60864871,1692.89
11-Nov-15,16944.7,17016.8,16935.9,16956,0.07%,10972178,393.04
13-Nov-15,16829.3,16962.55,16741.8,16932.85,0.62%,47160823,1655.74
16-Nov-15,16881.65,17230.5,16855.5,17184.9,1.80%,50710286,1543.3
17-Nov-15,17302.55,17302.55,17028.2,17140.45,-0.94%,53695877,1608.57
18-Nov-15,17108.9,17186.7,16787.55,16812.1,-1.73%,44250311,1342.1
19-Nov-15,16944.35,17110.35,16874.7,17071.9,0.75%,42911555,1427
20-Nov-15,17022.7,17262.85,16931.3,17055.6,0.19%,56529641,1862.49
23-Nov-15,17120.25,17126.35,16969.35,17060.25,-0.35%,45465543,1430.55
24-Nov-15,17012.85,17108.4,16964.9,16988.65,-0.14%,39690936,1265.36
26-Nov-15,16988.2,17111.45,16972.6,17036.55,0.28%,74810537,2690.8
27-Nov-15,17095.2,17403.65,17049.55,17370.95,1.61%,70130117,2097.43
30-Nov-15,17336.25,17498.35,17336.25,17430.4,0.54%,57553672,1861.22
01-Dec-15,17456.75,17495.45,17353.85,17398.55,-0.33%,40750147,1395.83
02-Dec-15,17457.15,17470.85,17164,17218.5,-1.37%,40854274,1263.18
03-Dec-15,17137.8,17219,17080.25,17110.1,-0.16%,41691597,1323.84
04-Dec-15,17009.45,17009.45,16880.35,16897.3,-0.66%,47280436,1522.98
07-Dec-15,17018,17031.85,16921.75,16947,-0.42%,34913097,1162.91
08-Dec-15,16888.65,16943.05,16783.65,16801.15,-0.52%,43130595,1340.55
09-Dec-15,16762.15,16868.6,16626.55,16660.75,-0.60%,41301150,1274.24
10-Dec-15,16697.2,16745.25,16573.15,16711.05,0.08%,50821530,1699.95
11-Dec-15,16751.35,16758.7,16260.1,16342.5,-2.44%,79358482,2386.65
14-Dec-15,16212.4,16440.85,16205.8,16350.65,0.85%,60757601,1861.6
15-Dec-15,16342.35,16425.15,16188.05,16398.65,0.34%,56408351,1714.81
16-Dec-15,16464.5,16640.4,16363.9,16579.4,0.70%,67659792,1985.14
17-Dec-15,16704.05,16771.8,16544.65,16741.5,0.22%,72117905,2081.73
18-Dec-15,16719.45,16737.7,16572.75,16594.3,-0.75%,68363392,2030.29
21-Dec-15,16593.4,16848.6,16580.65,16825.15,1.40%,43038799,1256.07
22-Dec-15,16810.7,16946.1,16704.15,16749.2,-0.37%,55650655,1569.96
23-Dec-15,16828.35,16913.15,16812.5,16882.5,0.32%,37200425,1077.83
24-Dec-15,16926.95,16939.6,16756.9,16811,-0.69%,27091752,807.26
28-Dec-15,16843.4,17019,16843.4,16979.15,0.81%,41135712,1365.1
29-Dec-15,16988.3,17045.55,16921.15,16991.45,0.02%,36299594,1153.71
30-Dec-15,16997.5,17011.3,16889.05,16917.9,-0.47%,40935766,1101.5
31-Dec-15,16916.05,16972.25,16896.65,16922.2,0.04%,59187548,1742.66
01-Jan-16,16932.5,17067.45,16824.05,17039.25,0.63%,29215687,842.48
04-Jan-16,16966.35,16966.35,16575.45,16599.15,-2.16%,52324127,1541.5
05-Jan-16,16652.05,16670.2,16474.85,16542.5,-0.66%,53646729,1398.28
06-Jan-16,16505.45,16614.95,16377.65,16433.15,-0.44%,55221322,1497.85
07-Jan-16,16256.55,16256.55,16049.75,16073.85,-1.12%,76230933,2123.7
08-Jan-16,16135.4,16229,16104.1,16142.65,0.04%,53483569,1559.14
11-Jan-16,15979.05,16156.8,15840.6,16016.25,0.23%,67298931,1807.79
12-Jan-16,16080.4,16080.4,15699.4,15734.8,-2.15%,98499719,2317.63
13-Jan-16,15835.05,15956.25,15532.25,15871.85,0.23%,113380181,2788.44
14-Jan-16,15612.1,15803.2,15453.4,15609.8,-0.01%,81791556,2078.88
15-Jan-16,15621.85,15650.7,15154.35,15206.3,-2.66%,98894244,2370.35
18-Jan-16,15165.2,15270.4,14956.95,15020.8,-0.95%,121191177,2858.69
19-Jan-16,15086.75,15338.2,15086.75,15269.65,1.21%,85097353,2244.94
20-Jan-16,15059.5,15533.45,14754.65,14935.5,-0.82%,92651950,2387.1
21-Jan-16,15132.2,15364.6,14918.15,15101.2,-0.20%,109781594,2868.71
22-Jan-16,15343.15,15575.65,15274.9,15497.55,1.01%,87614131,2171.13
25-Jan-16,15667,15682.65,15495.1,15561.15,-0.68%,66198778,1818.37
27-Jan-16,15648.4,15673.95,15442.2,15534.6,-0.73%,68640342,1620.28
28-Jan-16,15569.55,15572.2,15349.75,15381.45,-1.21%,85676389,2253.06
29-Jan-16,15140.15,15554.9,15136.85,15522.4,2.52%,137127980,3961.51
01-Feb-16,15547.75,15565.5,15281.35,15314.45,-1.50%,101914265,2931.57
02-Feb-16,15353.6,15463.45,15018.85,15068,-1.86%,117353243,2840.84
03-Feb-16,14897.4,14947.8,14777.75,14834.05,-0.43%,84639389,2169.51
04-Feb-16,14969.2,14978.35,14761.4,14869.15,-0.67%,91114395,2315.65
05-Feb-16,14928.25,15211.9,14890.9,15162.05,1.57%,97272505,2486.58
08-Feb-16,15206.3,15367.9,14960.1,15046.8,-1.05%,89200251,2170.65
09-Feb-16,14830.4,14964.9,14760.8,14875.1,0.30%,104650249,2188.07
10-Feb-16,14740.2,14779.15,14490.2,14588.45,-1.03%,125483478,2671.87
11-Feb-16,14518.65,14530.8,13969.85,14028.55,-3.38%,177103186,3557.95
12-Feb-16,14088.6,14154.55,13810.6,13971.5,-0.83%,159082790,3869.88
15-Feb-16,14120.9,14548.15,14120.5,14445,2.30%,173684225,3623
16-Feb-16,14602.25,14602.25,14136.8,14166.45,-2.98%,122479893,2661.57
17-Feb-16,14165.25,14186.1,13892.1,14119.85,-0.32%,132908648,2737.11
18-Feb-16,14301.75,14385.65,14180.9,14298.15,-0.03%,108987470,2402.51
19-Feb-16,14243.45,14395.85,14207.35,14344.2,0.71%,99325491,2016.18
22-Feb-16,14331.2,14467.15,14322.65,14384.8,0.37%,68267346,1536.4
23-Feb-16,14373.3,14373.3,13961.75,14008.35,-2.54%,81430644,1965.76
24-Feb-16,13873.7,13974.5,13760.25,13794.05,-0.57%,92126868,2031.46
25-Feb-16,13844.45,13844.45,13519.9,13555.7,-2.09%,107787803,2375.44
26-Feb-16,13715.1,13889.25,13595.2,13791.45,0.56%,102344200,2155.84
29-Feb-16,13818.9,14222.3,13407.25,13946.4,0.92%,262463001,6538.28
01-Mar-16,14064.8,14445.7,14064.8,14412.9,2.47%,99318596,2340.78
02-Mar-16,14770.35,15138.7,14767.3,15092.45,2.18%,176235867,3966.29
03-Mar-16,15150.05,15206.25,15000.05,15177.75,0.18%,106177314,2659.42
04-Mar-16,15243.75,15451.75,15005.5,15339.2,0.63%,131358681,2755.33
08-Mar-16,15323.45,15326.65,15066.5,15146.5,-1.15%,93409280,2172.12
09-Mar-16,15022.35,15331.25,14989.4,15279.05,1.71%,103166377,2532.39
10-Mar-16,15347.45,15354.15,15098.5,15180.65,-1.09%,71231660,1842.52
11-Mar-16,15133.75,15343.55,15024.8,15168.2,0.23%,76974856,2153.88
14-Mar-16,15309.05,15416.15,15220.15,15277.8,-0.20%,62568481,1651.96
15-Mar-16,15310.45,15386.85,15268.1,15326.8,0.11%,75740344,2008.44
16-Mar-16,15304.35,15489.5,15178.3,15461.7,1.03%,80437373,2070.96
17-Mar-16,15622.3,15704.75,15312.5,15444,-1.14%,103772808,2858.64
18-Mar-16,15485.8,15678.55,15456.2,15654.85,1.09%,71783060,1896
21-Mar-16,15735.55,15945.8,15735.55,15926.1,1.21%,73595488,1979.57
22-Mar-16,15930.45,15967.85,15779.15,15936,0.03%,58606010,1669.75
23-Mar-16,15884.25,15919.6,15799.95,15887.75,0.02%,64078807,1982.19
28-Mar-16,15867.75,15890.7,15522.2,15604.9,-1.66%,83527683,2658.69
29-Mar-16,15583.1,15774.1,15580.8,15666.25,0.53%,69537187,1823.03
30-Mar-16,15829.6,16167.5,15762.2,16134.85,1.93%,93824682,2461.58
31-Mar-16,16134.4,16282.75,16062.05,16141.65,0.04%,161944757,4080.61
01-Apr-16,16099.65,16235.8,16020.6,16174.9,0.47%,90417981,2174.55
04-Apr-16,16236.9,16278.5,16046.5,16190.6,-0.29%,72458835,1912.58
05-Apr-16,16127.45,16147.15,15659.75,15695,-2.68%,125878076,3117.87
06-Apr-16,15750.15,15768.55,15578.55,15636.95,-0.72%,71126678,1853.86
07-Apr-16,15668.95,15726.6,15458.05,15530.75,-0.88%,70929338,1645.12
08-Apr-16,15519.3,15642.7,15483.05,15568.35,0.32%,53833509,1396.16
11-Apr-16,15623.35,15853.85,15440.25,15818.5,1.25%,72003720,1773.01
12-Apr-16,15809.1,15958.8,15794.15,15880.2,0.45%,66751340,1648.47
13-Apr-16,16087.95,16349.7,16080.55,16278.55,1.18%,84613287,2362.26
18-Apr-16,16328.7,16330.55,16011.9,16222.7,-0.65%,63260117,1846.69
20-Apr-16,16299.5,16386.35,16160.55,16349.7,0.31%,85634855,2166.91
21-Apr-16,16526.55,16769.55,16526.55,16637.15,0.67%,149128885,3646.44
22-Apr-16,16641.05,16755.85,16549.1,16703.4,0.37%,117886991,2835.84
25-Apr-16,16746.95,16767.9,16605,16678.65,-0.41%,80059352,2003.6
26-Apr-16,16647.75,17029.85,16572,17002.55,2.13%,104748280,3051.26
27-Apr-16,16869.35,16995,16827.35,16872.95,0.02%,127303882,4530.95
28-Apr-16,16885.8,17023.35,16692.7,16716.9,-1.00%,136491989,4343.04
29-Apr-16,16712.95,16841.3,16527.55,16795,0.49%,138730300,3571.79
02-May-16,16614,16674.15,16519.55,16543,-0.43%,101321996,2491.46
03-May-16,16570.75,16719.4,16358.4,16388.7,-1.10%,90747922,2221.84
04-May-16,16320.1,16465.6,16250.5,16274.25,-0.28%,114513664,2742.03
05-May-16,16292.4,16398.25,16193.7,16281,-0.07%,90435449,2488.23
06-May-16,16264.45,16346.25,16186.25,16296.6,0.20%,74991308,1712.86
09-May-16,16357,16712.9,16357,16686.1,2.01%,75762620,2373.13
10-May-16,16710.05,16812.2,16613.9,16784.95,0.45%,82060322,2263.64
11-May-16,16544.25,16861.95,16518.75,16754.45,1.27%,110386461,3461.5
12-May-16,16881.25,16962,16779.5,16923.7,0.25%,86110726,2480.92
13-May-16,16891.7,16891.7,16594.55,16716.9,-1.03%,89058321,2155.87
16-May-16,16744.15,16780.05,16431.65,16737.55,-0.04%,126894276,2890.41
17-May-16,16818.4,16903.35,16738.7,16762.75,-0.33%,99004259,2789.41
18-May-16,16671.7,16759.05,16556.6,16728.95,0.34%,130870012,2430.36
19-May-16,16725.45,16726.15,16535.75,16565.25,-0.96%,87516244,1995.4
20-May-16,16600.8,16623.2,16455.4,16481.45,-0.72%,73956019,1584.93
23-May-16,16560.15,16604.15,16368,16407.55,-0.92%,69309872,1618.48
24-May-16,16422.35,16501.05,16368.6,16456.65,0.21%,60212588,1531.44
25-May-16,16600.65,17025.85,16599.05,16997.45,2.39%,86513208,2190.92
26-May-16,17037.6,17424.05,16971.35,17359.3,1.89%,134389985,3368.29
27-May-16,17348.35,17543.3,17327.65,17511.8,0.94%,163233119,3840.31
30-May-16,17580.85,17666.05,17484.8,17520.65,-0.34%,96747582,2371.69
02-Jan-17,18242.3,18249,17844.9,17969.6,-1.49%,74444730,1857.24
03-Jan-17,18002.75,18115.05,17830.95,18035.6,0.18%,64513818,1769.3
04-Jan-17,18037.45,18092.85,17868.9,17891,-0.81%,50508161,1615.85
05-Jan-17,18000.75,18164.05,17977.8,18115.95,0.64%,68874940,2271.18
06-Jan-17,18168.45,18325.5,18157.3,18264,0.53%,65919927,2174.59
09-Jan-17,18314.25,18373.1,18256.15,18286.65,-0.15%,42677260,1404.38
10-Jan-17,18351.45,18441.15,18275.75,18409.6,0.32%,59993426,2012.18
11-Jan-17,18535.35,18889.45,18515.25,18830,1.59%,102842482,3493.47
12-Jan-17,18885.45,18966.3,18805.85,18873.95,-0.06%,66286062,1982.54
13-Jan-17,18949.7,18952.25,18781.25,18912.1,-0.20%,55762182,1855.3
16-Jan-17,18899.7,19134.5,18865.25,19096.45,1.04%,59319825,1740.77
17-Jan-17,19128.15,19202.25,18981.85,19067.05,-0.32%,63686033,1862.62
18-Jan-17,19074.85,19276.5,19072.1,19164.5,0.47%,56898977,1871.38
19-Jan-17,19165.35,19185.3,19046.1,19124.25,-0.21%,83679399,2409.78
20-Jan-17,18996.6,19071.65,18793.05,18820.8,-0.93%,110140976,3855.9
23-Jan-17,18762,18909.65,18722.85,18842.7,0.43%,97144867,3232.45
24-Jan-17,18931,19054.3,18906.95,19023.5,0.49%,81717037,3118.62
25-Jan-17,19120.05,19518.45,19114.15,19473.2,1.85%,131028002,4672.67
27-Jan-17,19588.4,19794.95,19534.9,19708.3,0.61%,157251635,4654.79
30-Jan-17,19718.8,19767.05,19561.1,19585.25,-0.68%,71178678,2113.37
31-Jan-17,19533.2,19624.1,19435.45,19515.15,-0.09%,67343878,2331.66
01-Feb-17,19522.4,20047.85,19470.95,20020.6,2.55%,145906975,4549.85
02-Feb-17,20053.95,20146.9,19915.2,20070.3,0.08%,116963782,3279.64
03-Feb-17,20061.9,20229.65,20009.95,20196.8,0.67%,113714035,3092.66
06-Feb-17,20307.15,20462.45,20298.05,20371.6,0.32%,99281709,2853.85
07-Feb-17,20367.3,20426.95,20281.5,20327.25,-0.20%,109432014,2835.6
08-Feb-17,20335.25,20362.8,20070.15,20245.4,-0.44%,85902788,2626.17
09-Feb-17,20312.65,20406.6,20000.35,20151.15,-0.80%,107559620,2763.25
10-Feb-17,20225.75,20310,20167.1,20213.9,-0.06%,117595817,3354.08
13-Feb-17,20273.65,20308.7,20116.9,20251.8,-0.11%,108967330,3171.01
14-Feb-17,20304.5,20314.05,20158.85,20258.1,-0.23%,69832338,2184.7
15-Feb-17,20282.1,20368.2,20115.85,20163.7,-0.58%,74195087,2264.21
16-Feb-17,20243.25,20295.55,20088.2,20243.7,0.00%,81485552,2495.9
17-Feb-17,20918.45,21042.35,20449.65,20551.35,-1.75%,197061810,17389.12
20-Feb-17,20494.85,20702.6,20472.4,20677.1,0.89%,66182208,1900.02
21-Feb-17,20695.9,20903.35,20619.25,20860.95,0.80%,74587721,2472.87
22-Feb-17,20937.6,20958.25,20829.65,20868.45,-0.33%,92261695,3234.58
23-Feb-17,20887.65,21011.9,20828.4,20876.65,-0.05%,95406666,4117
27-Feb-17,20853.45,20853.45,20584.75,20613.05,-1.15%,60499704,2147.48
28-Feb-17,20632.85,20681.3,20560.6,20607.25,-0.12%,76658515,1994.39
01-Mar-17,20698.9,20833.75,20678.75,20783.75,0.41%,75542256,2221.57
02-Mar-17,20885,20905,20516.9,20560.05,-1.56%,81044163,2531.48
03-Mar-17,20572.85,20580.45,20423.35,20495.6,-0.38%,53179917,1530.14
06-Mar-17,20548.95,20727.5,20532.2,20663.65,0.56%,56093806,1770.09
07-Mar-17,20685.95,20701.25,20585.95,20627.5,-0.28%,47804156,1672.58
08-Mar-17,20630.15,20715.2,20534.25,20676.55,0.22%,63112788,2417.86
09-Mar-17,20620.55,20780.25,20603.9,20721.35,0.49%,59782379,2026.91
10-Mar-17,20825.9,20876.95,20648.8,20727.55,-0.47%,53537238,1964.77
14-Mar-17,21189.85,21274.45,21059.7,21102.7,-0.41%,98698328,3498.01
15-Mar-17,21089.4,21216.9,21063.95,21157.9,0.32%,75243419,2391.61
16-Mar-17,21237.5,21289.8,21194.25,21249.9,0.06%,73921069,2310.19
17-Mar-17,21308.45,21336.05,21127.95,21175.05,-0.63%,92308641,3726.23
20-Mar-17,21202.55,21202.55,21084.8,21110.25,-0.44%,50376495,1837.69
21-Mar-17,21110.65,21146.5,20967,21019,-0.43%,72936344,2481.96
22-Mar-17,20815.35,20899,20753.9,20781.35,-0.16%,83727177,3342.31
23-Mar-17,20848.75,20934.75,20775.35,20895.5,0.22%,60387250,2370.82
24-Mar-17,20987.6,21174.1,20929.15,21122.55,0.64%,124797100,3469.38
27-Mar-17,21178.1,21179.2,20979.55,21056.9,-0.57%,97615919,2724.96
28-Mar-17,21229,21264.95,21145,21225.4,-0.02%,95258847,3085.11
29-Mar-17,21291.45,21418.6,21255.75,21391.15,0.47%,119195883,3822.73
30-Mar-17,21374.35,21696,21331.9,21620.7,1.15%,111132480,4310.1
31-Mar-17,21551.85,21574.15,21414,21444.15,-0.50%,103206746,3006.08
03-Apr-17,21539.2,21565.45,21408.6,21547.75,0.04%,61067763,1906.61
05-Apr-17,21602.2,21699.3,21499.75,21652.7,0.23%,84599454,2687.88
06-Apr-17,21572.7,21674,21488.9,21622.95,0.23%,93689427,3046.09
07-Apr-17,21536.5,21616.85,21397,21431.15,-0.49%,96285404,2249.17
10-Apr-17,21492.05,21552.1,21396.05,21520.15,0.13%,57491405,1899.75
11-Apr-17,21521.45,21753.35,21483.55,21736.15,1.00%,89433764,2573
12-Apr-17,21735.65,21787.1,21551.75,21666.8,-0.32%,78966353,2262.2
13-Apr-17,21651.25,21758.85,21627,21686.6,0.16%,71469667,2103.68
17-Apr-17,21700.5,21743.3,21576.75,21647.6,-0.24%,49031440,1613.7
18-Apr-17,21706.05,21947,21634.15,21671.85,-0.16%,85174794,2519.03
19-Apr-17,21674.1,21706.3,21470.2,21556.35,-0.54%,81449296,2982.23
20-Apr-17,21419.45,21558.85,21396,21491.4,0.34%,100132829,4072.58
21-Apr-17,21567.5,21614.55,21386.2,21551.45,-0.07%,77253527,3180.14
24-Apr-17,21591.9,21884.85,21578.65,21857.4,1.23%,84637572,3426.83
25-Apr-17,21960.65,22093.25,21900.3,22054.7,0.43%,88819491,2951.25
26-Apr-17,22158.65,22276.05,21814.9,22242.85,0.38%,133893025,3440.25
27-Apr-17,22274.05,22380.85,22169.8,22326.3,0.23%,166567366,5121.57
28-Apr-17,22296.8,22383,22182.55,22358.25,0.28%,167782299,3435.87
02-May-17,22412.55,22492.15,22266.15,22341.35,-0.32%,140738147,3271.81
03-May-17,22445.85,22449,22240.05,22307.3,-0.62%,130697797,2999.79
04-May-17,22618.3,22743.7,22449.9,22720.1,0.45%,226413641,6577.31
05-May-17,22844.85,22853.55,22514,22604.95,-1.05%,255187439,6371.44
08-May-17,22678.45,22835.15,22632.5,22767.35,0.39%,106479323,3170.57
09-May-17,22820.8,22835.35,22664.35,22707.3,-0.50%,81028829,2350.68
10-May-17,22767.75,22859.4,22742.05,22830.35,0.27%,73498955,2353.34
11-May-17,22916.05,22977.85,22764.65,22818.45,-0.43%,78856978,2557.6
12-May-17,22840.4,22859.15,22578,22671.7,-0.74%,96397424,4278.32
15-May-17,22735.85,22891.7,22730.35,22821.5,0.38%,74700041,3207.83
16-May-17,22857.6,22944.1,22727.65,22928.6,0.31%,134784390,3836.41
17-May-17,22972.35,22978.15,22830.1,22935.95,-0.16%,96263996,3028.04
18-May-17,22750.45,22834.55,22660.2,22698.6,-0.23%,113423012,4013.89
19-May-17,22761.95,22902.25,22628.45,22769.8,0.03%,154944222,4945.9
22-May-17,22874.8,22918.35,22637.75,22652.85,-0.97%,99779442,3093.31
23-May-17,22674.9,22740.4,22492.2,22582.8,-0.41%,114212196,3364.36
24-May-17,22624.5,22673.4,22469.8,22536.3,-0.39%,91993332,2841.15
25-May-17,22573.65,23267.8,22570.35,23190.8,2.73%,132711087,4830.6
26-May-17,23151.4,23408.35,23092.35,23362.2,0.91%,78876968,2631.64
29-May-17,23310.6,23464,23141.15,23182.75,-0.55%,60052384,2070.83
01-Jan-18,25565.75,25588,25271.55,25318.1,-0.97%,57576913,2037.55
02-Jan-18,25382.2,25425.5,25232.8,25338.25,-0.17%,72033811,2270.36
03-Jan-18,25425.75,25454.9,25300.9,25318.6,-0.42%,59730356,1958.21
04-Jan-18,25367.65,25490.35,25310.3,25462.6,0.37%,105995860,2646.62
05-Jan-18,25524.45,25643.35,25499.55,25601.85,0.30%,123622612,3188.08
08-Jan-18,25690.25,25771.5,25643.8,25676.1,-0.06%,127527935,2727.53
09-Jan-18,25727.95,25803.8,25617.25,25703.8,-0.09%,101820385,2617.13
10-Jan-18,25709.9,25717.6,25527.5,25617.3,-0.36%,81094270,2168.32
11-Jan-18,25628.2,25694.65,25532.25,25660.9,0.13%,122695505,2960.91
12-Jan-18,25732.4,25775.15,25557.6,25749.05,0.06%,110836433,2926.84
15-Jan-18,25858.15,26091.8,25842.95,26069.2,0.82%,192163936,4226.08
16-Jan-18,26129.15,26136.4,25931.7,25974.9,-0.59%,169867241,3770.65
17-Jan-18,25946.15,26335.85,25922.3,26289.1,1.32%,172092208,4554.66
18-Jan-18,26762.25,26887.65,26423.75,26537.4,-0.84%,224021671,7050.86
19-Jan-18,26615.65,26957.85,26433.55,26909.5,1.10%,134390957,4160.2
22-Jan-18,26940.5,27074.9,26841.2,27041.2,0.37%,113869602,4222.79
23-Jan-18,27089.95,27422.05,27066.15,27390.6,1.11%,169332288,5229.45
24-Jan-18,27310.15,27479.25,27219.45,27398.55,0.32%,174331160,4734.19
25-Jan-18,27414.1,27522.85,27151.75,27445.65,0.12%,193342305,6057.2
29-Jan-18,27446.1,27652.05,27407.4,27498.45,0.19%,114099251,3779.23
30-Jan-18,27466.85,27470.25,27242.05,27269.05,-0.72%,111009534,3453.72
31-Jan-18,27136.25,27455.75,27116.95,27379.45,0.90%,109507598,3640.41
01-Feb-18,27334.85,27613.5,27046.35,27220.7,-0.42%,131188028,4790.53
02-Feb-18,27017.4,27017.55,26364.05,26451.15,-2.10%,147521488,4330.16
05-Feb-18,25968.15,26215.1,25917.55,26098.75,0.50%,122729724,3842.46
06-Feb-18,25140.1,26140.6,25023.85,25811.3,2.67%,153713739,4777.31
07-Feb-18,26065.4,26078.4,25558.05,25670,-1.52%,121038215,3663.61
08-Feb-18,25759.85,26126.4,25637.4,25920.65,0.62%,91011548,2686.18
09-Feb-18,25466.3,25598.3,25371,25463.65,-0.01%,75985052,2520.27
12-Feb-18,25530.1,25757.85,25485.4,25701.6,0.67%,161180184,4127.51
14-Feb-18,25810.25,25810.25,25212.35,25341.25,-1.82%,197286979,4757.09
15-Feb-18,25360.9,25615.15,25295.15,25424.35,0.25%,291475391,6015.58
16-Feb-18,25511.95,25601,25100.9,25163.9,-1.36%,278142760,5275.87
19-Feb-18,25324.6,25326.05,24824.55,25058.55,-1.05%,273464127,5217.27
20-Feb-18,25105.55,25158.1,24829,24874.4,-0.92%,258222746,4721.89
21-Feb-18,24996.6,24999.7,24796.35,24936.7,-0.24%,152405865,3527.6
22-Feb-18,24812.7,24987.05,24781.7,24955.2,0.57%,167442673,4865.92
23-Feb-18,25002.25,25345.15,24962.85,25302.5,1.20%,127862871,2800.1
26-Feb-18,25452,25722.15,25381.2,25687.9,0.93%,110903837,2678.89
27-Feb-18,25684.6,25723.55,25356.4,25383.6,-1.17%,289806608,4594.31
28-Feb-18,25116.25,25192.95,24942,25107.4,-0.04%,311474002,5010.14
01-Mar-18,25022.35,25226.05,24854.4,24902.55,-0.48%,214529321,4160.86
05-Mar-18,24831.35,24873.05,24682,24818.7,-0.05%,138679764,3083.52
06-Mar-18,24964.1,25040.25,24362.05,24448.45,-2.07%,135108832,3586.37
07-Mar-18,24333.85,24373.4,24096.75,24134.1,-0.82%,187523331,4460.36
08-Mar-18,24273.9,24534.5,24048.55,24477.65,0.84%,169549517,4215.95
09-Mar-18,24556.95,24564.75,24259.7,24296.45,-1.06%,129956992,2982.89
12-Mar-18,24443.6,24716.05,24358.5,24664.2,0.90%,165215227,3391.7
13-Mar-18,24624.6,25009.65,24597.55,24738.65,0.46%,235984528,4796.93
14-Mar-18,24629.65,24894.3,24487,24851.65,0.90%,209048209,3970.26
15-Mar-18,24854.3,24939.85,24732,24791.85,-0.25%,130382242,2965.53
16-Mar-18,24753.65,24785.35,24439.15,24489.55,-1.07%,189684825,4972.47
19-Mar-18,24530.15,24588.05,24186.95,24245.1,-1.16%,147614260,3469.57
20-Mar-18,24133.95,24355.65,24082.95,24168.2,0.14%,127991875,2880.1
21-Mar-18,24331.3,24459.75,24208.65,24255.6,-0.31%,112895004,3032.01
22-Mar-18,24252.95,24314.4,24094.85,24141.5,-0.46%,131439602,3671.41
23-Mar-18,23785.65,23796.3,23605.6,23670.4,-0.48%,180649286,5169.06
26-Mar-18,23674.9,24290.65,23657.05,24244.35,2.41%,193627423,5403.07
27-Mar-18,24396.4,24496.95,24266.4,24434.15,0.15%,178620655,4150.3
28-Mar-18,24299.5,24361,24203.4,24263.35,-0.15%,183841858,5211.9
02-Apr-18,24235.65,24373.4,24062.95,24328.5,0.38%,,
03-Apr-18,24285.95,24538,24254.35,24510.6,0.93%,135573567,3361.44
04-Apr-18,24502.5,24666.3,24087.8,24129.5,-1.52%,126222576,3124.06
05-Apr-18,24394.45,24824.9,24380.85,24759.8,1.50%,133764907,3277
06-Apr-18,24776.35,24933.6,24626.4,24873.15,0.39%,160970708,3373.86
09-Apr-18,24848.85,25152.85,24828,25093.8,0.99%,165402303,3916.94
10-Apr-18,25153.6,25279.9,25120.2,25226.8,0.29%,171760040,4700.75
11-Apr-18,25198.35,25207.05,24950.3,25098.25,-0.40%,107073367,2600.16
12-Apr-18,25076.9,25244.8,24969.4,25195.1,0.47%,111777276,2910.3
13-Apr-18,25239.65,25411.3,25076.85,25200.6,-0.15%,110293693,3092.82
16-Apr-18,25082.1,25348.55,25067.35,25320.85,0.95%,89034228,2419.76
17-Apr-18,25383.75,25402.55,25224,25334.45,-0.19%,89721865,2271.22
18-Apr-18,25426.75,25426.75,25058.75,25102.3,-1.28%,112438937,2680.92
19-Apr-18,25206.45,25207.3,25049.7,25126.15,-0.32%,95466036,2862.17
20-Apr-18,25126.8,25126.8,24839.3,24943.85,-0.73%,109581669,3213.87
23-Apr-18,25065.5,25084.15,24466.1,24960.65,-0.42%,82787891,2792.74
24-Apr-18,24972.2,25123.45,24955,25042.1,0.28%,87396011,2569.82
25-Apr-18,24993.4,24993.4,24734.6,24814.4,-0.72%,81840418,2183.16
26-Apr-18,24833.2,25064,24753.4,25010.9,0.72%,173426201,5472.93
27-Apr-18,25030.15,25441.5,25029.65,25394.6,1.46%,232368278,7611.56
30-Apr-18,25490.15,25617.5,25464.8,25531.6,0.16%,124580678,4038.16
02-May-18,25607.05,25716.75,25499.35,25568.3,-0.15%,117929750,4671.44
03-May-18,25547.9,25653.45,25469.05,25605.25,0.22%,100388024,3153.73
04-May-18,25632.3,25680.4,25537.7,25645.4,0.05%,97343104,2601.08
07-May-18,25676.25,25913.5,25675.15,25852.05,0.68%,92743092,2919.95
08-May-18,26074.15,26116.25,25954.6,26090.5,0.06%,198848914,5933.21
09-May-18,25988.1,26206.5,25946.3,26154.45,0.64%,96440863,2809.4
10-May-18,26216.1,26266.4,26057.2,26131,-0.32%,214481883,4182.07
11-May-18,26173.7,26437.25,26099.85,26413.15,0.91%,109005797,2559.59
14-May-18,26404.45,26565.4,26338.05,26475.15,0.27%,97254252,2350.74
15-May-18,26494.9,26972.05,26407.3,26474,-0.08%,150002630,3797.98
16-May-18,26269.35,26428.35,26102.15,26182.15,-0.33%,232083519,4137.85
17-May-18,26233.2,26283.55,26012,26073.8,-0.61%,126926383,2743.08
18-May-18,26025.6,26032,25839,25875.6,-0.58%,113573727,2898.79
21-May-18,26017.5,26066.75,25685.35,25750.8,-1.03%,120004208,2859.7
22-May-18,25780.25,25945.65,25701.35,25777.7,-0.01%,179388885,3854.09
23-May-18,25726.95,25903.9,25622.15,25684.95,-0.16%,170573849,4225.48
24-May-18,25722.9,26073.1,25658.4,26016.8,1.14%,110029603,2831.27
25-May-18,26066.75,26325.55,26031.45,26273.55,0.79%,98939554,2451.82
28-May-18,26291.65,26713.65,26273.9,26614.25,1.23%,136868774,3135.71
01-Jan-19,27231.4,27430.55,27019.05,27392.4,0.59%,116379065,3497.39
02-Jan-19,27297,27397.55,27077.6,27174.7,-0.45%,176599164,4422.44
03-Jan-19,27181.6,27206.2,26923.75,26959.85,-0.82%,151201387,4032.83
04-Jan-19,26999.7,27274.5,26926.1,27195,0.72%,189451222,4440.79
07-Jan-19,27378.65,27477.8,27279.55,27304.55,-0.27%,161026470,4112.84
08-Jan-19,27301.9,27542.4,27161.95,27509.5,0.76%,150550286,4359.43
09-Jan-19,27651.25,27754.45,27409.5,27720.4,0.25%,199818392,6148.74
10-Jan-19,27713.55,27713.55,27488.2,27528.55,-0.67%,139266179,4308.94
11-Jan-19,27602.8,27612.45,27382.45,27453.9,-0.54%,116552104,3510.63
14-Jan-19,27389.2,27389.8,27182.2,27248.25,-0.51%,212863498,4859.32
15-Jan-19,27317.55,27447.55,27317.1,27400.75,0.30%,161396521,3884.4
16-Jan-19,27405.65,27554.75,27403.05,27483.7,0.28%,183688179,4155.93
17-Jan-19,27568.6,27611.55,27335.15,27528.75,-0.14%,212321274,4941.09
18-Jan-19,27550.05,27576.45,27410.65,27456.7,-0.34%,129067258,3343.81
21-Jan-19,27514.55,27622.2,27388.5,27533.6,0.07%,128881764,4626.77
22-Jan-19,27526.55,27533.35,27385.4,27482.25,-0.16%,138997867,4661.51
23-Jan-19,27493.1,27564.7,27189.6,27250.75,-0.88%,126935738,3525.23
24-Jan-19,27273.5,27342.35,27142.8,27266.4,-0.03%,210279603,5373.42
25-Jan-19,27261.45,27433.55,27045.2,27115.3,-0.54%,284535180,7269.49
28-Jan-19,27041.45,27134.2,26587.95,26653.05,-1.44%,181836992,5404.63
29-Jan-19,26616.25,26743.85,26441.55,26573.4,-0.16%,194369347,5235.15
30-Jan-19,26789.75,26916.25,26693.7,26825.5,0.13%,249270714,8955.81
31-Jan-19,26969.15,27325.05,26891.05,27295.45,1.21%,306292995,9985.48
01-Feb-19,27334.55,27533.05,26930.45,27085.95,-0.91%,238794913,6813.15
04-Feb-19,26974,27243.8,26825.55,27186.6,0.79%,173078574,4342.07
05-Feb-19,27226.05,27348.25,27153.2,27271.7,0.17%,189860429,4160.27
06-Feb-19,27326.2,27428.65,27294.1,27402.35,0.28%,164747849,3816.51
07-Feb-19,27424.1,27589.75,27322.95,27387.15,-0.13%,156626117,3637.06
08-Feb-19,27302.65,27482.1,27221.25,27294.4,-0.03%,142258447,3838.29
11-Feb-19,27240.5,27305.9,27151.55,27227.8,-0.05%,117311228,3186.38
12-Feb-19,27166.9,27286.65,26988.9,27010.75,-0.57%,117431255,3697.43
13-Feb-19,27068.85,27108,26839.05,26885.4,-0.68%,112116513,3288.32
14-Feb-19,26978,27030,26818.05,26970.6,-0.03%,374943572,8959.41
15-Feb-19,27017.2,27029.95,26635.25,26794.25,-0.83%,252673681,6444.39
18-Feb-19,26754.6,26829.95,26617.7,26654.25,-0.38%,175449436,4231.5
19-Feb-19,26666.55,26996.45,26625.6,26684.85,0.07%,129759984,3282.94
20-Feb-19,26786,26985.5,26732.65,26955.5,0.63%,130711905,3256.71
21-Feb-19,26994.75,27100.9,26973,27052.4,0.21%,148275410,3574.09
22-Feb-19,26960.05,26997.35,26847.8,26867.55,-0.34%,221450091,13958.07
25-Feb-19,26934.2,27197.1,26932.65,27159.25,0.84%,141100629,4254.38
26-Feb-19,26853.8,27127.25,26736.6,26952.95,0.37%,201083249,5390.59
27-Feb-19,27078.1,27189.45,26719.4,26799.3,-1.03%,193745424,5604.59
28-Feb-19,26878,26920.5,26762.55,26789.9,-0.33%,191588675,6926.21
01-Mar-19,26941,27076.55,26928.9,27043.9,0.38%,189425878,4531.37
05-Mar-19,27068.15,27580.75,26958.1,27554.05,1.80%,207435129,5122.25
06-Mar-19,27618.1,27681.65,27492.05,27625.65,0.03%,179778089,4966.69
07-Mar-19,27661,27815.5,27560,27764.6,0.37%,208017462,4715.54
08-Mar-19,27686.15,27811.35,27645.4,27761.8,0.27%,140524297,3711.24
11-Mar-19,27840.1,28035.6,27791.25,27966.65,0.45%,148235712,4381.47
12-Mar-19,28168.2,28488.1,28142.25,28443.7,0.98%,184260495,6427.57
13-Mar-19,28480.3,28927.7,28353.65,28884.3,1.42%,206998023,9124.75
14-Mar-19,29028.9,29070.35,28819.75,28923.1,-0.36%,187139544,6138.11
15-Mar-19,29007,29520.7,28990.85,29381.45,1.29%,296217360,9607.37
18-Mar-19,29521.6,29812,29361.65,29596.1,0.25%,185741004,5835.92
19-Mar-19,29702.6,29799.75,29547.7,29767.85,0.22%,222296391,5295.3
20-Mar-19,29769.65,29885.2,29633.5,29832.2,0.21%,194921072,5196.81
22-Mar-19,29920.75,30008.1,29508.7,29582.5,-1.13%,219823784,6622.27
25-Mar-19,29329.4,29329.4,29156.25,29281.2,-0.16%,132018394,3876.07
26-Mar-19,29300.4,29950.15,29278.5,29882.15,1.99%,131212876,4159.59
27-Mar-19,30034.15,30262.55,29790.25,30019.8,-0.05%,260544922,8006.3
28-Mar-19,30064.8,30496.05,29969.1,30420.55,1.18%,292110701,9523.9
29-Mar-19,30480.35,30499.15,30235.9,30426.8,-0.18%,219687116,6217.73
01-Apr-19,30537.6,30648.1,30218.35,30326.5,-0.69%,224440509,5594.91
02-Apr-19,30450.1,30452.9,30155.85,30354.25,-0.31%,196482019,5205.38
03-Apr-19,30440.85,30602.55,30036.25,30093.3,-1.14%,193071867,5203.95
04-Apr-19,30147.3,30245.7,29809.9,29904.9,-0.80%,199631082,5460.27
05-Apr-19,30002.85,30174,29850,30084.65,0.27%,154141037,4130.84
08-Apr-19,30201.5,30232.05,29716.6,29845.3,-1.18%,147201421,3687.89
09-Apr-19,29901.5,30165.05,29703.55,30113.85,0.71%,165462138,4788.34
10-Apr-19,29916.6,30155.75,29768.1,29803.5,-0.38%,165250173,9946.96
11-Apr-19,29841.85,29852.25,29640.25,29786.1,-0.19%,108247929,3168.46
12-Apr-19,29780.55,30000.95,29707,29938.55,0.53%,104858970,3137.74
15-Apr-19,29983.5,30163.1,29919.1,30104.25,0.40%,90613632,3071.18
16-Apr-19,30236.25,30590.95,30228.2,30531.35,0.98%,117822281,4223.74
18-Apr-19,30656.5,30669.8,30142.2,30223.4,-1.41%,141697748,4610.68
22-Apr-19,30282.5,30289.9,29647.55,29687.95,-1.96%,132778018,4647.04
23-Apr-19,29761.95,29906.5,29455.45,29479.7,-0.95%,145857126,4502.93
24-Apr-19,29550.5,29914.85,29435.05,29860.8,1.05%,129529258,4477.27
25-Apr-19,29927.05,30057.7,29511.95,29561.35,-1.22%,201016367,6526.09
26-Apr-19,29764.85,30048.2,29563.15,30013.5,0.84%,158188658,5736.29
30-Apr-19,29920.4,29920.4,29550.05,29764.8,-0.52%,362563145,9257.75
02-May-19,29699.8,29919.35,29638.8,29708.6,0.03%,242309997,6830.49
03-May-19,29811.65,30121.75,29795.1,29954.15,0.48%,181379119,5248.1
06-May-19,29626.5,29757.4,29528.6,29618.45,-0.03%,188230212,4787.11
07-May-19,29749.55,29835.5,29244.25,29288.2,-1.55%,180581999,5340.05
08-May-19,29261.3,29261.3,28951.35,28994.4,-0.91%,179421775,4926.02
09-May-19,28893.95,29040.3,28784.65,28884.6,-0.03%,206029474,5196.87
10-May-19,28927.6,29202.85,28900.1,29040.5,0.39%,223514610,6070.63
13-May-19,29026.65,29049.05,28621.1,28659.95,-1.26%,253600119,5356.35
14-May-19,28718.75,29058.3,28582.6,28829.2,0.38%,256593306,6110.47
15-May-19,28925.45,28983.15,28555.15,28616.45,-1.07%,218778407,5126.91
16-May-19,28625.9,28947.6,28525.45,28855.3,0.80%,189440058,4501.11
17-May-19,28881.4,29559.45,28856,29450.15,1.97%,257111157,6489.1
20-May-19,30230.4,30827.85,30111.2,30759.7,1.75%,321102950,9217.22
21-May-19,30862.1,30926.7,30265.1,30308.4,-1.79%,216423886,5968.41
22-May-19,30410.65,30675.1,30268.6,30526.8,0.38%,224425509,7602.5
23-May-19,30962.8,31705,30292.35,30409.1,-1.79%,494083740,14547.69
24-May-19,30685.5,31275.4,30564.4,31212.55,1.72%,282765890,7946.04
27-May-19,31234.9,31700.75,31142.5,31647.65,1.32%,239161158,6533.11
28-May-19,31711.3,31712.4,31328.6,31597.9,-0.36%,297603975,6998.27
01-Jan-20,32237.9,32348,32057.2,32102.9,-0.42%,184671555,3183.97
02-Jan-20,32133.15,32465.45,32121.4,32443.85,0.97%,253558509,4310.34
03-Jan-20,32326.95,32329.8,31960.4,32069.25,-0.80%,217584385,4537.65
06-Jan-20,31910.45,31914.45,31170.55,31237.15,-2.11%,256236748,5048.53
07-Jan-20,31598.05,31851.45,31200.9,31399.4,-0.63%,294368120,6636.37
08-Jan-20,30995.5,31451.85,30899.55,31373.65,1.22%,304484779,6150.28
09-Jan-20,31748.25,32172.7,31667.15,32092.4,1.08%,307977487,6013.85
10-Jan-20,32215.7,32347.2,31953.4,32097.4,-0.37%,444709730,6362.46
13-Jan-20,32139.1,32322.65,32074.05,32177.65,0.12%,291441682,4403.11
14-Jan-20,32196.45,32196.45,31989.2,32071.65,-0.39%,438912100,7185
15-Jan-20,31994.75,32000.9,31670.35,31824.9,-0.53%,545708720,7722.68
16-Jan-20,31810.55,31988.9,31692.4,31853.9,0.14%,253715802,5618.01
17-Jan-20,31571.65,31773.55,31445.5,31590.65,0.06%,308136774,7404.95
20-Jan-20,31923.95,31923.95,31050.95,31080.65,-2.64%,282225576,7796.06
21-Jan-20,30978.85,31171.25,30858.6,30947.55,-0.10%,227481016,6114.46
22-Jan-20,31061.6,31149.05,30614,30701.45,-1.16%,200582131,6087.35
23-Jan-20,30742.2,31087.25,30621.35,31004.05,0.85%,343817897,7242.49
24-Jan-20,31040.1,31375.45,30879.05,31241.75,0.65%,424623379,6538.81
27-Jan-20,31110.55,31227.05,30808.55,30837.4,-0.88%,309934514,7207.69
28-Jan-20,30922,31048.45,30656.35,30761.4,-0.52%,239604935,5707.39
29-Jan-20,30915.1,31082.85,30835.8,30877,-0.12%,268788386,5105.28
30-Jan-20,30889.25,30909.5,30521.3,30647.4,-0.78%,328858847,5410.61
31-Jan-20,30950.5,31033.45,30691.8,30833.6,-0.38%,333435455,8892.15
01-Feb-20,30726.2,30918.6,29753,29820.9,-2.95%,255295791,5451.95
03-Feb-20,29811.75,30105.8,29612.55,30023.25,0.71%,337112135,7123.19
04-Feb-20,30235.3,30776.95,30182.45,30686.7,1.49%,336610481,6719.43
05-Feb-20,30761.95,31065.85,30630.85,31001.95,0.78%,427604425,6380.13
06-Feb-20,31070.75,31470.65,30917.25,31304.05,0.75%,334000323,7041.81
07-Feb-20,31367.05,31368.2,31111.05,31201.95,-0.53%,254381768,4762.96
10-Feb-20,31248.65,31248.8,30957.2,31058.15,-0.61%,239696426,4087.3
11-Feb-20,31230.2,31505.95,31225.9,31300.6,0.23%,198887095,4532.51
12-Feb-20,31441.15,31588.6,31398.15,31492.9,0.16%,225958605,5411.53
13-Feb-20,31586.55,31649.45,31180.6,31230.25,-1.13%,303030451,5780.04
14-Feb-20,31281.85,31436.65,30776.1,30834.8,-1.43%,341366207,6732.23
17-Feb-20,30873.85,30998.15,30630.5,30680.7,-0.63%,251931924,5100.18
18-Feb-20,30661.5,30692.75,30252.45,30562.5,-0.32%,398866924,6353.48
19-Feb-20,30905,30947.15,30606.15,30838.2,-0.22%,268822099,5918.93
20-Feb-20,30862.3,31085.3,30702.45,30942.85,0.26%,273065120,6647.05
24-Feb-20,30666.35,30702.15,30428,30455.1,-0.69%,254235861,6006.34
25-Feb-20,30517,30610.7,30329.95,30432.7,-0.28%,215913422,5070.95
26-Feb-20,30279.95,30515.35,30131.75,30306.85,0.09%,290964252,5885.09
27-Feb-20,30270,30271.95,29914.15,30187,-0.27%,358020830,7321.45
28-Feb-20,29501.55,29564.1,29051.5,29147.15,-1.20%,386879090,9281.27
02-Mar-20,29701,29791.15,28571.7,28868.4,-2.80%,368259606,8026.59
03-Mar-20,29012.55,29285.35,28749.55,29177.05,0.57%,367320137,7152.89
04-Mar-20,29252.95,29273.65,28125.15,28653.7,-2.05%,425845356,8645.88
05-Mar-20,28830.3,29134.3,28535.6,28815.35,-0.05%,1075709340,12062.92
06-Mar-20,27649.95,28047.2,27162.3,27801.45,0.55%,1568142743,12009.32
09-Mar-20,27031.45,27091.6,25923.4,26462.6,-2.10%,1058982970,12182.52
11-Mar-20,26272.75,26791.45,26234.1,26487.8,0.82%,723295485,10720.97
12-Mar-20,25175.9,25223.1,23536.35,23971.15,-4.79%,760576349,13585.6
13-Mar-20,22720.75,25670.75,21351.7,25166.45,10.76%,783385213,16247.37
16-Mar-20,24061.6,24074.15,23008.25,23101.15,-3.99%,481906496,9586.4
17-Mar-20,23348.05,23449.5,22002,22155.15,-5.11%,537689478,10577.21
18-Mar-20,22411.85,22544.05,20267.95,20580.2,-8.17%,875287959,17440.23
19-Mar-20,19428.95,21035.05,18675.65,20083.5,3.37%,476621914,12018.94
20-Mar-20,19898.3,20924.55,19265,20317.6,2.11%,501768418,13698.45
23-Mar-20,18311.3,18895.65,16791.05,16917.65,-7.61%,307639369,7807.32
24-Mar-20,17705.85,17841.4,16116.25,17107.3,-3.38%,391702593,9905.9
25-Mar-20,16759.95,18740.2,16635.5,18481.05,10.27%,394556026,9791.54
26-Mar-20,18781.85,20409.35,18364.5,19613.9,4.43%,482884243,13335.36
27-Mar-20,20801.6,21462.4,19580.1,19969,-4.00%,539418047,14946.08
30-Mar-20,19254.45,19716.25,18668.7,18782.4,-2.45%,326991879,9137.65
31-Mar-20,19307.65,19466.3,18792.4,19144,-0.85%,309805792,8241.53
01-Apr-20,19122.4,19154.75,18042.25,18208.35,-4.78%,274864724,7400.87
03-Apr-20,18325.05,18326.1,17143.2,17249.3,-5.87%,342530350,8497.01
07-Apr-20,18454.55,19190.55,17953.75,19062.5,3.29%,435419014,11758.61
08-Apr-20,18799.4,20324.1,18482.9,18946.45,0.78%,508444556,13710.09
09-Apr-20,19553.15,19988.3,19166.9,19913.6,1.84%,389986610,10229.4
13-Apr-20,19854.9,19887.05,19294,19488,-1.85%,288209448,7634.04
15-Apr-20,20096.35,20184.1,18776.75,19057.05,-5.17%,389865463,11188.39
16-Apr-20,18957.15,19520.3,18703.45,19400,2.34%,350278671,10404.75
17-Apr-20,20394.75,20866.55,19729.3,20681.45,1.41%,475038288,12586.71
20-Apr-20,21104.7,21122.1,20444.25,20522.65,-2.76%,438637821,11742.64
21-Apr-20,19812.05,19891.45,19247.95,19409.35,-2.03%,311922545,8248.51
22-Apr-20,19306.95,19806.35,19051.95,19701.85,2.05%,349355747,9091.05
23-Apr-20,19871.35,20356.5,19584.4,20267.95,2.00%,325385187,8994.59
24-Apr-20,19697.65,19950.15,19515.4,19586.65,-0.56%,305735017,8019.89
27-Apr-20,19870.8,20224.75,19847.65,20081.15,1.06%,299864446,8082.32
28-Apr-20,20436.6,20751.3,20260.8,20671.1,1.15%,367772101,10339.15
29-Apr-20,20440.4,21348.15,20393.65,21090.2,3.18%,400629555,12331.95
30-Apr-20,21589.2,21967,21353.65,21534.5,-0.25%,471511130,11158.91
04-May-20,20514.75,20530.45,19643.6,19743.75,-3.76%,328804506,7635.19
05-May-20,20147.3,20223.15,19212.35,19271.75,-4.35%,381269938,9095.4
06-May-20,19302.45,19806.6,18941,19694.55,2.03%,395557269,9797.35
07-May-20,19536.05,19757.25,19332.15,19491.8,-0.23%,300140979,7706.31
08-May-20,19844,19969.6,19285.05,19352.9,-2.47%,330610646,7983.74
11-May-20,19610.45,19733.4,18900.9,18950.5,-3.37%,342556509,8610.25
12-May-20,18751.4,18993.4,18287,18862.85,0.59%,395412970,10402.2
13-May-20,20017.75,20122.25,19429.9,19634.95,-1.91%,520830667,12055.56
14-May-20,19197.7,19380.1,19024.75,19068.5,-0.67%,333038859,7758.17
15-May-20,19098.8,19119.1,18683.65,18833.95,-1.39%,240590869,5598.32
18-May-20,18795.1,18795.1,17514.2,17573.2,-6.50%,434763906,9980.5
19-May-20,18037.15,18175.3,17390.65,17486.25,-3.05%,415466049,9541.76
20-May-20,17486.5,18002.65,17407.7,17840.2,2.02%,326225920,7525.24
21-May-20,17901.95,18200.7,17658.55,17735.1,-0.93%,347575113,7748.12
22-May-20,17554.25,17952.25,17105,17278.9,-1.57%,484792159,9991.95
26-May-20,17537.65,17681.7,17311.25,17440.35,-0.55%,336758208,6854.37
27-May-20,17603.4,18874.25,17560.35,18710.55,6.29%,538003230,12905.82
28-May-20,18924.45,19455.55,18818.95,19169.8,1.30%,561124154,14381.4
01-Jan-21,31297.3,31384.35,31188.25,31225.85,-0.23%,362816824,4578.68
04-Jan-21,31485.15,31489.6,30893.65,31212.45,-0.87%,455777638,7332.25
05-Jan-21,31041.1,31767.65,30935.55,31722.25,2.19%,427039458,9737.71
06-Jan-21,31839.95,31982.3,31548.15,31797.9,-0.13%,546145047,10578.97
07-Jan-21,32129.8,32177.4,31911.5,31956,-0.54%,503480241,9322.79
08-Jan-21,32298.05,32298.05,32002.95,32084.2,-0.66%,320076839,7620.85
11-Jan-21,32280.3,32288.45,31836.95,31998.9,-0.87%,262149604,6540.4
12-Jan-21,31835.05,32397.95,31725.85,32339,1.58%,518130302,9541.83
13-Jan-21,32546.6,32683.5,32148.25,32574.65,0.09%,631806349,11456.79
14-Jan-21,32526.7,32718.95,32442.35,32519.75,-0.02%,418770741,8111.58
15-Jan-21,32508.9,32544.8,32044.35,32246.8,-0.81%,441548129,7707.34
18-Jan-21,32275.15,32441.5,31650.9,31811.75,-1.44%,396843076,10758.03
19-Jan-21,32082.9,32464.95,31863.95,32424.85,1.07%,354794656,7543.27
20-Jan-21,32388.95,32607.45,32322.9,32543.7,0.48%,463373596,7574.88
21-Jan-21,32732.8,32842.3,31985.55,32186.9,-1.67%,429690838,10074.06
22-Jan-21,32088,32131.4,31119.9,31167.25,-2.87%,447189924,10066.98
25-Jan-21,31507.15,31697.55,31013.65,31198.4,-0.98%,354685592,9568.9
27-Jan-21,31236.25,31287.05,30165.65,30284.55,-3.05%,374955694,10597.04
28-Jan-21,29812.3,30464.4,29687.7,30358.3,1.83%,616602174,15327.03
29-Jan-21,30700.65,31111.95,30254.55,30565.5,-0.44%,491234852,12337.91
01-Feb-21,30976.35,33305.3,30906.45,33089.05,6.82%,724603063,18740.71
02-Feb-21,33589.05,34652.5,33583.15,34267.9,2.02%,672200917,18419.28
03-Feb-21,34555.6,34908.05,34011.9,34758.45,0.59%,605204158,14904.35
04-Feb-21,34548.9,35413.15,34238.9,35344.8,2.30%,829671813,17326.58
05-Feb-21,35634.95,36615.2,35545,35654.5,0.05%,929584155,24845.74
08-Feb-21,36073.85,36466.45,35872.25,35983.65,-0.25%,448653152,10478.23
09-Feb-21,36058.8,36477.15,35636.85,36056.5,-0.01%,692481033,11793.28
10-Feb-21,36042.35,36227.2,35428.15,35783.1,-0.72%,454605536,9891.1
11-Feb-21,35687.25,36009.45,35573.3,35752.1,0.18%,397926100,7513.29
12-Feb-21,35736.6,36322.8,35700.25,36108.9,1.04%,400613273,9137.78
15-Feb-21,36501.4,37449.9,36405.1,37306.25,2.20%,395960815,10012.45
16-Feb-21,37492.6,37708.75,36762.75,37098.4,-1.05%,498415137,13143.7
17-Feb-21,37041.95,37331.45,36764.25,36910.95,-0.35%,850487354,13395.15
18-Feb-21,37088.75,37108.75,36367.45,36587,-1.35%,860331083,13935.68
19-Feb-21,36371.55,36656.2,35584.6,35841.6,-1.46%,1057099488,14997.82
22-Feb-21,35874.3,36128.9,35097.55,35257.2,-1.72%,558736003,12053.67
23-Feb-21,35540.55,35680.85,34976,35116.95,-1.19%,495062997,10218.79
24-Feb-21,35205.4,36567.65,35060.65,36452.3,3.54%,272875395,7573.8
25-Feb-21,36763.15,37232.2,36494,36549,-0.58%,455940302,13087.65
26-Feb-21,35806.65,35902.9,34658.7,34803.6,-2.80%,583014812,16332.46
01-Mar-21,35374.25,35581.1,34983.75,35296,-0.22%,321453194,7669.26
02-Mar-21,35458.15,35747.05,35002.45,35419.7,-0.11%,313565974,7869.52
03-Mar-21,35754.45,36455.15,35570.55,36368.05,1.72%,526962435,9532.62
04-Mar-21,35575.65,36316.4,35519.25,35802.5,0.64%,518584470,10419.7
05-Mar-21,35458.5,35616.05,34893.25,35228.15,-0.65%,479018691,11974.97
08-Mar-21,35462.45,35827.3,35090.75,35275.75,-0.53%,300221829,8440.63
09-Mar-21,35705.9,36077.8,35544.95,35865.65,0.45%,276564848,9262.41
10-Mar-21,36112.25,36176.9,35764.35,35938.3,-0.48%,210555025,6446.15
12-Mar-21,36497.35,36497.35,35188.05,35496.65,-2.74%,273642948,7952.81
15-Mar-21,35544.25,35544.25,34430.65,35182.55,-1.02%,353005770,9014.21
16-Mar-21,35352,35405.05,34744.6,34804.6,-1.55%,311778180,7147.29
17-Mar-21,34905.05,35100.5,34126.85,34229.25,-1.94%,294340779,7534.66
18-Mar-21,34577.5,34759.85,33597.55,33856.8,-2.08%,365798753,7932.37
19-Mar-21,33590.4,34355.4,33361,34161.6,1.70%,457208862,10879.76
22-Mar-21,34088.4,34148.9,33389.15,33603.45,-1.42%,298859239,7685.72
23-Mar-21,33747.95,34360.05,33622,34184.4,1.29%,365205246,9444.61
24-Mar-21,33894.7,33970.65,33203.4,33293.25,-1.77%,345484145,8061.91
25-Mar-21,33420.75,33550.15,32415.25,33006.45,-1.24%,486186269,10556.91
26-Mar-21,33605.05,33610.65,33166.1,33318.2,-0.85%,291664756,6932.74
30-Mar-21,33615.9,33990.8,33564.55,33875.1,0.77%,374227813,10246.95
31-Mar-21,33764.8,33773.1,33151.8,33303.9,-1.37%,317682921,8647.1
01-Apr-21,33588,33949.15,33208.75,33858,0.80%,275264439,8451.84
05-Apr-21,33649.15,33697.75,32330.15,32678.85,-2.88%,306389349,8317.73
06-Apr-21,32915.65,33007.65,32338.4,32501.35,-1.26%,263466128,7146.59
07-Apr-21,32529.7,33191.7,32141.55,32991.2,1.42%,301661823,8454.15
08-Apr-21,33154.2,33306.8,32704.75,32782.85,-1.12%,242109321,6459.28
09-Apr-21,32636.9,32972.15,32329.95,32448.05,-0.58%,342531390,8525.93
12-Apr-21,31637.9,31698.05,30520.3,30792,-2.67%,500839301,10617.9
13-Apr-21,30901.8,31885.45,30722.85,31771.6,2.81%,394495718,8562.91
15-Apr-21,31929.1,32187.05,31406.4,32112.85,0.58%,359820808,10459.88
16-Apr-21,32161.45,32325.15,31911.9,31977.45,-0.57%,282437841,6904.9
19-Apr-21,30993.45,31304.3,30405.65,31208.4,0.69%,371591981,9337.41
20-Apr-21,31568.95,31731.65,30891,31112.7,-1.45%,301980700,7876.41
22-Apr-21,30763.5,31834.5,30555.25,31782.6,3.31%,324393822,10428.93
23-Apr-21,31490.6,32148.4,31377.15,31722.3,0.74%,333782207,8936.18
26-Apr-21,32316.65,32603.7,32144.8,32275.15,-0.13%,312038031,11319.42
27-Apr-21,32228.95,32807.1,32152.95,32735.35,1.57%,298418626,10157.29
28-Apr-21,32865.5,33777.7,32840.3,33722.8,2.61%,354104361,12947.01
29-Apr-21,33901.6,34287,33304.6,33714.5,-0.55%,381173342,11785.88
30-Apr-21,33112.4,33455.25,32663.4,32781.8,-1.00%,356408638,11062.75
03-May-21,32368.55,32566.6,31906.55,32465.75,0.30%,313628139,9845.07
04-May-21,32610.4,33011.55,32191.4,32270.35,-1.04%,672537145,10097.81
05-May-21,32577.1,32862.15,32068.55,32783.7,0.63%,343564356,7341.58
06-May-21,32900.75,32956.35,32564,32827.8,-0.22%,268011511,6399.32
07-May-21,33041.65,33259.15,32771.35,32904.5,-0.42%,261346010,5927.59
10-May-21,33175.3,33297.6,33028.15,33142.4,-0.10%,366829284,6814.19
11-May-21,32640.95,33154.3,32611.7,32872.2,0.71%,410859353,7328.56
12-May-21,32717.65,32747.7,32352.3,32452.3,-0.81%,530601264,7947.48
14-May-21,32495.15,32622.65,32115.5,32169.55,-1.00%,344502670,6778.47
17-May-21,32437.85,33506.9,32318.7,33459.25,3.15%,432480348,11186.93
18-May-21,33893.1,34142.85,33730.45,33922.4,0.09%,385809306,10877.63
19-May-21,33717.1,33959.3,33608.25,33685.2,-0.09%,310365750,7151.62
20-May-21,33692.55,33833.7,33273.95,33334.55,-1.06%,498149396,7971.93
21-May-21,33559.8,34694.45,33559.75,34606.9,3.12%,534919600,15481.77
24-May-21,34869.3,35216.1,34528.3,34943.6,0.21%,618209361,13622.16
25-May-21,35095,35125.85,34410.4,34662,-1.23%,349434738,7934.33
26-May-21,34757.15,34897.95,34462.5,34684.2,-0.21%,321416671,6958.58
27-May-21,34664.2,35220.8,34529.7,35095.05,1.24%,726180251,12383.5
28-May-21,35345.65,35436.65,34977.2,35141.45,-0.58%,551320823,10112.32
31-May-21,35097.45,35584.3,34930.1,35526.65,1.22%,379880136,7409.4
03-Jan-22,35585.2,36492.1,35526.6,36421.9,2.35%,219015015,5334.58
04-Jan-22,36551.25,36887.8,36374.4,36840.15,0.79%,190538010,5610.46
05-Jan-22,36943.55,37862.4,36756.35,37695.9,2.04%,237374910,8762.4
06-Jan-22,37242.55,37752.5,37058.45,37490.25,0.67%,199034793,5835.83
07-Jan-22,37667.05,38134.85,37427.8,37739.6,0.19%,183337111,6079.93
10-Jan-22,37930.55,38400.35,37929.35,38347.9,1.10%,206472501,5233.55
11-Jan-22,38370,38504.6,38031.75,38442.2,0.19%,159537910,5111.1
12-Jan-22,38719.6,38851.45,38604.6,38727.55,0.02%,156053463,5993.13
13-Jan-22,38717.55,38717.55,38376.15,38469.95,-0.64%,159208683,6581.17
14-Jan-22,38302.35,38448.05,38007.75,38370.4,0.18%,148647294,5026.83
17-Jan-22,38212.55,38617.5,38138.25,38216.15,0.01%,140304025,6085.82
18-Jan-22,38337.4,38855.55,38095.4,38210.3,-0.33%,168774319,6097.59
19-Jan-22,38145.75,38330.5,37769.25,38041.35,-0.27%,165345459,5649.74
20-Jan-22,38106.1,38167.95,37591.85,37850.85,-0.67%,149614744,5346.09
21-Jan-22,37522.35,37741,37224.25,37574.3,0.14%,157806216,5068.35
24-Jan-22,37601.95,37694.7,36375.35,36947.55,-1.74%,231032351,7721.28
25-Jan-22,36598.05,37788.8,36415.6,37706.75,3.03%,267527334,9128.85
27-Jan-22,37058.2,38147.65,37012.25,37982.1,2.49%,346316385,11525.61
28-Jan-22,38246.6,38421.7,37581.5,37689.4,-1.46%,294272749,8873.07
31-Jan-22,38091.8,38217.25,37647.85,37975.35,-0.31%,217789465,7700.59
01-Feb-22,38460.45,38802.7,37690.6,38505.5,0.12%,234113973,8524.68
02-Feb-22,38841.55,39386.6,38752.65,39330.5,1.26%,252636678,7615.88
03-Feb-22,39255.7,39424.85,38861.15,39010,-0.63%,193762539,5923.08
04-Feb-22,39128,39278.6,38562.6,38789.35,-0.87%,163095693,5657.43
07-Feb-22,38592.05,38837.55,37802.7,37995.45,-1.55%,241900647,7565.95
08-Feb-22,38176.1,38222.1,37319.05,38028.45,-0.39%,200188205,6529.01
09-Feb-22,38283.6,38648.15,38192,38610.25,0.85%,124856780,4526.22
10-Feb-22,38801.45,39197.2,38520,39010.95,0.54%,147797202,5910.34
11-Feb-22,38567.65,38790.25,38396.4,38517.25,-0.13%,154963046,5482.57
14-Feb-22,37664,37796.55,36828.05,36908.55,-2.01%,213830951,6346.2
15-Feb-22,36989.8,38231.6,36651.85,38170.1,3.19%,192987946,6083.63
16-Feb-22,38296.5,38461.7,37762.8,37953.8,-0.89%,170090059,5035.11
17-Feb-22,38042.1,38124.5,37425.6,37531.65,-1.34%,136324646,4766.59
18-Feb-22,37344.45,37817.55,37304.45,37599.15,0.68%,113457242,3555.01
21-Feb-22,37400,38054.4,37156.8,37685.6,0.76%,143330237,4172.28
22-Feb-22,36833,37659.4,36818.1,37371.65,1.46%,159396702,5316.02
23-Feb-22,37628.55,37774.6,37318,37392.05,-0.63%,137348932,5203.1
24-Feb-22,36085.2,36709.15,34991.35,35228.1,-2.38%,427755807,9889.61
25-Feb-22,35901.7,36684.65,35768.2,36430.75,1.47%,372802626,7472.49
28-Feb-22,35938.95,36270.25,35611.9,36205.3,0.74%,238280153,7153.75
02-Mar-22,35381.9,35553.7,34897.45,35372.8,-0.03%,211288285,8248.77
03-Mar-22,35621.15,35804.15,34721.15,34944.3,-1.90%,172533577,6220.88
04-Mar-22,34526.1,35097.75,34094.1,34407.8,-0.34%,194466533,6367.62
07-Mar-22,33278.15,33543.3,32376.5,32871.25,-1.22%,248860897,8562.11
08-Mar-22,32531.9,33263.55,32155.35,33158.1,1.92%,276830725,10371.94
09-Mar-22,33278.9,33969.5,32948.9,33815.45,1.61%,258456568,9509.7
10-Mar-22,35153.95,35374.15,34218.05,34475.6,-1.93%,273948531,10109.9
11-Mar-22,34331,34880.05,34094.3,34546.25,0.63%,169532120,6157.39
14-Mar-22,34660.25,35435.1,34625.05,35312.15,1.88%,193297091,7589.67
15-Mar-22,35467.95,35643.8,34706.05,35022.65,-1.26%,224193669,8437.88
16-Mar-22,35555.75,35806.35,35461.55,35748.25,0.54%,173798310,5703.97
17-Mar-22,36302,36611.95,36261.65,36428.55,0.35%,181953699,6709.49
21-Mar-22,36545.85,36600.2,35900.2,36018.5,-1.44%,128655959,4771.04
22-Mar-22,35975.6,36468.8,35384.75,36348.55,1.04%,202887630,5838.07
23-Mar-22,36627.7,36827.6,36064.75,36147.35,-1.31%,197900273,6074.26
24-Mar-22,35633.7,35957.7,35421.7,35527.1,-0.30%,205174581,8832.5
25-Mar-22,35700.4,35717.4,35203.85,35410.1,-0.81%,156997410,4862.65
28-Mar-22,35488.7,35770.8,35016.3,35710.5,0.62%,197017630,5234.28
29-Mar-22,35931.75,35977.2,35506.55,35847.4,-0.23%,177135786,4586.33
30-Mar-22,36241.55,36421.1,36070.55,36334.3,0.26%,325637452,8056.96
31-Mar-22,36457.2,36590.85,36278.15,36373.6,-0.23%,188135977,6187.65
01-Apr-22,36298.35,37209.8,36242.35,37148.5,2.34%,245689573,6288.75
04-Apr-22,37824.95,38765.85,37665.55,38635.2,2.14%,309170581,14018.76
05-Apr-22,38731.3,38759.25,37935.95,38067.9,-1.71%,220560341,7019.55
06-Apr-22,37711.3,37868.5,37513.85,37632.8,-0.21%,198848773,6772.55
07-Apr-22,37421.75,37975.9,37346.8,37557.35,0.36%,245018646,8711.76
08-Apr-22,37619.7,37884.2,37405.2,37752.05,0.35%,202237753,8312.04
11-Apr-22,37591.75,37941.75,37524.45,37613.8,0.06%,132096631,5192.44
12-Apr-22,37407.4,37920.6,37264.45,37747.4,0.91%,171033301,6333.06
13-Apr-22,37887.3,37988.6,37408.2,37463.4,-1.12%,143255004,6335.55
18-Apr-22,36833.15,36965.85,36441.35,36729,-0.28%,182939705,7933.87
19-Apr-22,36806.8,37123.55,35926.3,36341.6,-1.26%,216336217,11540.48
20-Apr-22,36482.6,36513.85,36114.05,36314.9,-0.46%,153381114,7481
21-Apr-22,36513.1,36913.35,36395.7,36816.1,0.83%,132687618,6966.06
22-Apr-22,36514.15,36578.95,35991.5,36044.75,-1.29%,140125764,5439.74
25-Apr-22,35792.35,36270.15,35511.4,36082.35,0.81%,183091482,7098.21
26-Apr-22,36515.35,36604.55,36265.9,36404.8,-0.30%,143384158,5742.39
27-Apr-22,36067.55,36175.9,35747.15,36028.85,-0.11%,134244167,5976.55
28-Apr-22,36189.95,36501.1,35951.1,36422.2,0.64%,137268325,5750.47
29-Apr-22,36474.05,36718.8,35978.95,36088.15,-1.06%,172738822,8503.43
02-May-22,35627.6,36235.25,35618.2,36163.75,1.50%,170186563,6323.8
04-May-22,36266.15,36309.3,35127.85,35264.55,-2.76%,214565013,7349.13
05-May-22,35705.35,35934.85,35133.8,35232.85,-1.32%,167319447,5571.33
06-May-22,34569.1,34797.95,34353.2,34591.2,0.06%,199208045,6569.78
09-May-22,34091.75,34554.35,33927.2,34275.4,0.54%,179918781,6400.34
10-May-22,34181.2,34781.8,34176.8,34482.65,0.88%,137963004,4938.3
11-May-22,34686.3,34793.2,34143.2,34693.15,0.02%,179510699,5311.39
12-May-22,34289.1,34341.2,33297.65,33532.15,-2.21%,382113108,7136.84
13-May-22,33925.95,34002.2,33007.9,33121.35,-2.37%,272709547,8347.25
16-May-22,33256,33821.65,33001.75,33597.6,1.03%,195136858,5232.06
17-May-22,33796.2,34366.05,33680.6,34301.9,1.50%,161500305,5248.14
18-May-22,34448.2,34655.8,34134.7,34163.7,-0.83%,146780579,5561.35
19-May-22,33461,33633.95,33180.6,33315.65,-0.43%,150355852,5416.02
20-May-22,33765.15,34358.05,33658.05,34276.4,1.51%,129371809,4517.56
23-May-22,34321.4,34819.95,34117.35,34247.6,-0.22%,155978859,5319.59
24-May-22,34223.2,34586.45,34115.8,34290.15,0.20%,163680878,4884.47
25-May-22,34491.8,34722.6,34285.8,34339.5,-0.44%,153586250,4928.93
26-May-22,34670.6,35222.05,34424.75,35094.9,1.22%,191472056,6648.96
27-May-22,35326.6,35694.85,35291.95,35613.3,0.81%,132560154,4677.24
30-May-22,35958.8,36083.7,35748.45,35826.95,-0.37%,126987258,3844.7
02-Jan-23,43038.25,43382.75,42961.75,43203.1,0.38%,179810215,3452.51
03-Jan-23,43151.45,43482.8,43148.45,43425.25,0.63%,197035356,4510.22
04-Jan-23,43417.5,43578.4,42858.65,42958.8,-1.06%,216794117,6213.83
05-Jan-23,43073.05,43137.55,42298.6,42608.7,-1.08%,189076453,5545.57
06-Jan-23,42649.7,42685.9,41877,42188.8,-1.08%,195122493,5618.4
09-Jan-23,42404.85,42716.8,42186.55,42582.75,0.42%,161810057,5778.46
10-Jan-23,42642,42674.25,41835.75,42014.75,-1.47%,179299558,5565.75
11-Jan-23,42071.85,42318,41729,42232.7,0.38%,169795551,5453.72
12-Jan-23,42238.5,42343.5,41742.95,42082.25,-0.37%,154082042,5338.12
13-Jan-23,42171.25,42453.95,41885.6,42371.25,0.47%,205541498,5518.45
16-Jan-23,42622.5,42715.65,42066.55,42167.55,-1.07%,312318332,6279.06
17-Jan-23,42241.2,42383.8,41861.1,42235.05,-0.01%,256323734,5944.25
18-Jan-23,42271.8,42555.9,42119.65,42458,0.44%,170541076,5719.55
19-Jan-23,42416.3,42506.25,42234.9,42328.85,-0.21%,143433045,5565.12
20-Jan-23,42516.05,42709.2,42366.15,42506.8,-0.02%,159095177,5617.05
23-Jan-23,42891.45,43005.85,42727.7,42821.25,-0.16%,203642546,7013.34
24-Jan-23,42994.45,43078.9,42615.65,42733.45,-0.61%,159456752,7347.84
25-Jan-23,42703.6,42733.05,41540.3,41647.65,-2.47%,244652804,7956.45
27-Jan-23,41382.35,41417.9,40148.8,40345.3,-2.51%,350772977,13724.56
30-Jan-23,39856.15,40789.55,39419.8,40387.45,1.33%,369850300,12301.62
31-Jan-23,40563.85,40811.65,40167.7,40655.05,0.22%,289909966,9622.43
01-Feb-23,41115,42015.65,39490.5,40513,-1.46%,400074985,11946.33
02-Feb-23,39943.35,40757.6,39761.45,40669.3,1.82%,348474505,9232.69
03-Feb-23,41019.35,41539.95,40609.75,41499.7,1.17%,308813058,8557.81
06-Feb-23,41530.15,41724.5,41261.2,41374.65,-0.37%,197815054,6236.79
07-Feb-23,41513.1,41630.75,41095.1,41490.95,-0.05%,171891231,5338.11
08-Feb-23,41542.05,41791.95,41403.05,41537.65,-0.01%,136467692,4246.96
09-Feb-23,41634,41634,41252.95,41554.3,-0.19%,142932785,4543.06
10-Feb-23,41452.4,41678.9,41424.9,41559.4,0.26%,154961683,4306.83
13-Feb-23,41563.5,41662.55,41157.9,41282.2,-0.68%,147007745,4421.7
14-Feb-23,41410.45,41718,41195.75,41648.35,0.57%,143113944,5148.89
15-Feb-23,41674.6,41795.45,41455.6,41731.05,0.14%,116292441,4794.75
16-Feb-23,41925.7,41979.1,41521.95,41631.35,-0.70%,111728729,4230.25
17-Feb-23,41514,41516.3,40882.7,41131.75,-0.92%,138786944,4900.54
20-Feb-23,41221.55,41292.6,40580.1,40701.7,-1.26%,143706468,4339.85
21-Feb-23,40784.9,40946.2,40508.25,40673.6,-0.27%,170243478,5366.66
22-Feb-23,40494.15,40529.25,39899,39995.9,-1.23%,155197486,5140.17
23-Feb-23,39983.7,40147.8,39600.25,40001.55,0.04%,200503324,6811.87
24-Feb-23,40259.1,40348.1,39818.9,39909.4,-0.87%,144558694,4833.92
27-Feb-23,39820.4,40371.45,39745.4,40307.1,1.22%,165150412,5365.34
28-Feb-23,40302.7,40391.45,40073,40269.05,-0.08%,327753581,9520.98
01-Mar-23,40473.85,40725.35,40341.95,40698.15,0.55%,169749567,6383.35
02-Mar-23,40604.55,40773.25,40312.9,40389.8,-0.53%,149213201,6231.45
03-Mar-23,40671.4,41390.15,40605.35,41251.35,1.43%,213840069,7013.08
06-Mar-23,41418.4,41671.2,41259.15,41350.4,-0.16%,180157976,7703.48
08-Mar-23,41178.35,41625.35,41100.35,41577.1,0.97%,157566079,7158.23
09-Mar-23,41532.65,41659,41208.1,41256.75,-0.66%,119231844,6603.11
10-Mar-23,40805.25,40839,40341.7,40485.45,-0.78%,145262034,7322.45
13-Mar-23,40356.1,40690.05,39454.6,39564.7,-1.96%,174457859,8875.86
14-Mar-23,39522.4,39768.5,39132.6,39411.4,-0.28%,205727331,9906.59
15-Mar-23,39777.9,39914.1,38934.65,39051.5,-1.83%,164310498,7339.38
16-Mar-23,39061.7,39381.4,38613.15,39132.6,0.18%,196309704,7430.53
17-Mar-23,39442.4,39705.15,38926.8,39598.1,0.39%,173387891,7490.16
20-Mar-23,39512.1,39512.1,38941.9,39361.95,-0.38%,173823282,7300.67
21-Mar-23,39599.65,39970.9,39366.3,39894.7,0.75%,187936424,8669.1
22-Mar-23,40036,40085.6,39837.8,39999.05,-0.09%,143616857,5887.94
23-Mar-23,39836.15,40201.6,39552.5,39616.9,-0.55%,153170787,7988.11
24-Mar-23,39555.25,39767.9,39294.9,39395.35,-0.40%,166141025,7575.24
27-Mar-23,39484.7,39695.2,39273.75,39431.3,-0.14%,194157987,7757.95
28-Mar-23,39545.05,39645.2,39326.1,39567.9,0.06%,202320127,9219.68
29-Mar-23,39611.55,40055,39609.55,39910.15,0.75%,259640527,11694.21
31-Mar-23,40231.25,40690.4,40180.2,40608.65,0.94%,188002824,9261.53
03-Apr-23,40695.8,40857.6,40535.9,40813.05,0.29%,167454466,9198.94
05-Apr-23,40972.3,41071.15,40802.65,40999.15,0.07%,177376872,9194.61
06-Apr-23,40940.7,41274.7,40820.55,41041,0.24%,196452877,10791.31
10-Apr-23,41116.15,41139.85,40727.25,40834.65,-0.68%,153859989,8727.71
11-Apr-23,41232,41403.25,40990.2,41366.5,0.33%,219237547,13404
12-Apr-23,41426,41610.15,41332,41557.95,0.32%,142985802,8208.97
13-Apr-23,41680.1,42196.2,41502.65,42132.55,1.09%,232564439,13769.52
17-Apr-23,42603.55,42603.55,41799,42262.55,-0.80%,229078748,13081.8
18-Apr-23,42406.95,42500.7,42114.35,42265.2,-0.33%,214189864,10108.59
19-Apr-23,42280.1,42339.9,42022.15,42154,-0.30%,169982419,9147.47
20-Apr-23,42218.5,42378.15,42108.85,42269.5,0.12%,180246791,9164.53
21-Apr-23,42252.55,42382.15,41962.35,42118,-0.32%,144147297,8254.2
24-Apr-23,42469.95,42714.15,42269.1,42635.75,0.39%,201023928,10977.6
25-Apr-23,42731.6,42865.55,42601.5,42678.5,-0.12%,262419867,16091.04
26-Apr-23,42559.05,42875.6,42432.25,42829.9,0.64%,177952224,10076.71
27-Apr-23,42753.9,43043.4,42736.6,43000.85,0.58%,181354187,11125.02
28-Apr-23,43045.5,43302.05,42810.35,43233.9,0.44%,238716537,9596.55
02-May-23,43395.05,43483.85,43269.4,43352.1,-0.10%,241565172,8918.99
03-May-23,43154.85,43354.95,43078.15,43312.7,0.37%,175911031,8162.64
04-May-23,43236.1,43739.8,43213.95,43685.45,1.04%,175448903,10303.65
05-May-23,43110.65,43588,42582.2,42661.2,-1.04%,251224734,12574.43
08-May-23,42796.85,43418.55,42780.3,43284,1.14%,223352243,9264.84
09-May-23,43438.55,43533.25,43125.85,43198.15,-0.55%,228991809,10382.06
10-May-23,43275.25,43383.65,42822.15,43331.05,0.13%,249129783,11364.82
11-May-23,43535.1,43774.25,43367.25,43475.3,-0.14%,190686219,9826.89
12-May-23,43447.15,43905.95,43347.75,43793.55,0.80%,144937627,6915.09
15-May-23,43821.05,44151.7,43666.6,44072.1,0.57%,161260256,6189.39
16-May-23,44144.15,44144.15,43815.7,43903.7,-0.54%,222536217,10093.99
17-May-23,43948.5,43992.75,43446.4,43698.7,-0.57%,203597921,9812.19
18-May-23,44006.9,44079.2,43673.7,43752.3,-0.58%,226492176,12657.89
19-May-23,43930,44020.9,43531.9,43969.4,0.09%,192042449,9384.53
22-May-23,43935.3,44026.75,43684.9,43885.1,-0.11%,183783537,8083.39
23-May-23,43978.9,44095.25,43852.2,43954.45,-0.06%,142021247,7352.99
24-May-23,43751.95,44010.45,43639.8,43677.85,-0.17%,148625634,8248.12
25-May-23,43630.25,43719.85,43390.3,43681.4,0.12%,170186160,8602.95
26-May-23,43765.35,44067.6,43588.8,44018,0.58%,143222738,6120.71
29-May-23,44276.8,44483.35,44193.95,44311.9,0.08%,148580468,6899.27
30-May-23,44277.35,44498.6,44207.5,44436.35,0.36%,157593352,9002.94
01-Jan-24,48203.45,48450,48044.15,48234.3,0.06%,146861652,4959.89
02-Jan-24,48194.8,48223.55,47689.8,47761.65,-0.90%,183177683,8751.01
03-Jan-24,47796.3,47798.75,47481.35,47704.95,-0.19%,233345158,9832.53
04-Jan-24,47805.4,48281.2,47738.15,48195.85,0.82%,175744981,9718.17
05-Jan-24,48245.55,48381.95,47822.85,48159,-0.18%,180954626,9834.28
08-Jan-24,48096.65,48154.5,47387.35,47450.25,-1.34%,231436501,9469.54
09-Jan-24,47705.4,47939.3,47156.05,47242.65,-0.97%,160987383,7934.05
10-Jan-24,47073.85,47423.45,47010.8,47360.85,0.61%,165160645,6969.8
11-Jan-24,47538.6,47662.1,47237,47438.35,-0.21%,132519875,5966.43
12-Jan-24,47572.7,47873.7,47408.5,47709.8,0.29%,191640544,7146.18
15-Jan-24,47891.05,48248.05,47825.4,48158.3,0.56%,167053734,8548.16
16-Jan-24,48109.95,48305.4,48002.85,48125.1,0.03%,224460146,8140.38
17-Jan-24,46573.95,47212.75,45979.6,46064.45,-1.09%,499645242,29225.38
18-Jan-24,45492.75,46184.05,45430.7,45713.55,0.49%,275044049,19277.92
19-Jan-24,46103.5,46249.85,45558.05,45701.15,-0.87%,296609385,17405.47
20-Jan-24,45989.25,46183.7,45640.9,46058.2,0.15%,157202694,7004.79
23-Jan-24,46495.45,46580.3,44886.1,45015.05,-3.18%,422624502,23485.75
24-Jan-24,44489.4,45485.5,44489.4,45082.4,1.33%,348696634,17822.46
25-Jan-24,45057.95,45139.05,44429,44866.15,-0.43%,386805113,19114.35
29-Jan-24,45171.5,45660.35,45110.9,45442.35,0.60%,336781672,14163.2
30-Jan-24,45481.5,45678.7,45206.05,45367.75,-0.25%,232110117,10108.33
31-Jan-24,45295.65,46179.75,45071.2,45996.8,1.55%,373131629,16491.11
01-Feb-24,46164.9,46306.9,45668.35,46188.65,0.05%,305721773,10681.78
02-Feb-24,46568.2,46892.35,45901.25,45970.95,-1.28%,337040622,12743.15
05-Feb-24,45962.25,46048.6,45615.1,45825.55,-0.30%,265909716,11202.01
06-Feb-24,45891.2,45932.15,45527,45690.8,-0.44%,178592534,9115.56
07-Feb-24,45944.6,46062.85,45620.5,45818.5,-0.27%,283674776,13737.11
08-Feb-24,45973.85,46181.2,44893.75,45012,-2.09%,319908560,17193.25
09-Feb-24,44986.75,45718.15,44859.15,45634.55,1.44%,275980366,13111.21
12-Feb-24,45664.3,45748.5,44633.85,44882.25,-1.71%,268816417,10317.6
13-Feb-24,45056.8,45750.4,44819.55,45502.4,0.99%,245860544,12243.15
14-Feb-24,45014.65,46170.45,44860.75,45908.3,1.99%,279949703,16369.67
15-Feb-24,46027.1,46297.7,45590.2,46218.9,0.42%,277735723,11616.29
16-Feb-24,46454.3,46693.4,46264.4,46384.85,-0.15%,291383103,10101.23
19-Feb-24,46554.9,46717.4,46317.7,46535.5,-0.04%,158391356,8048.39
20-Feb-24,46444.9,47136.75,46367.8,47094.2,1.40%,171886069,10520.32
21-Feb-24,47363.4,47363.4,46886.95,47019.7,-0.73%,198947007,11151.61
22-Feb-24,46934.55,47024.05,46426.85,46919.8,-0.03%,177182875,11307.92
23-Feb-24,47060.7,47245.35,46723.15,46811.75,-0.53%,200518213,8632.88
26-Feb-24,46615.85,46893.15,46513.55,46576.5,-0.08%,223684075,8008.66
27-Feb-24,46480.2,46722.25,46324.9,46588.05,0.23%,157256037,7924.81
28-Feb-24,46640.9,46754.55,45852.55,45963.15,-1.45%,167271103,6980.13
29-Feb-24,45881.45,46329.65,45661.75,46120.9,0.52%,544734727,16455.05
01-Mar-24,46218,47342.25,46218,47286.9,2.31%,172519003,8587.25
02-Mar-24,47377.45,47433.85,47237,47297.5,-0.17%,12241084,495.48
04-Mar-24,47318.5,47529.6,47191.65,47456.1,0.29%,158086247,7795.84
05-Mar-24,47265.7,47737.85,47196.75,47581,0.67%,176908608,8513.12
06-Mar-24,47451.65,48161.25,47442.25,47965.4,1.08%,301719696,14489.87
07-Mar-24,48035.8,48071.7,47747.2,47835.8,-0.42%,146312130,8873.38
11-Mar-24,47792.2,47853.8,47230.65,47327.85,-0.97%,204168522,10257.14
12-Mar-24,47351.35,47812.75,46884.45,47282.4,-0.15%,207215490,13545.13
13-Mar-24,47341.15,47468.7,46842.15,46981.3,-0.76%,274610911,14793.18
14-Mar-24,46825.75,47231.5,46565.55,46789.95,-0.08%,220394655,11310.48
15-Mar-24,46572.1,46802.55,46310.5,46594.1,0.05%,339276817,26718.21
18-Mar-24,46458.75,46739.25,46022.15,46575.9,0.25%,151328904,6888.3
19-Mar-24,46421.9,46602.35,46258.75,46384.8,-0.08%,147080034,8734.12
20-Mar-24,46392.9,46655.55,45828.8,46310.9,-0.18%,210365443,11766.43
21-Mar-24,46674.85,46990.25,46570.15,46684.9,0.02%,150392246,8896.96
22-Mar-24,46634.9,46974.15,46566.8,46863.75,0.49%,172184807,10851.42
26-Mar-24,46552.95,46788.35,46529.05,46600.2,0.10%,171655734,11171.03
27-Mar-24,46643.45,46956.1,46643.45,46785.95,0.31%,285050400,16539.74
28-Mar-24,46827.85,47440.45,46827.85,47124.6,0.63%,347979603,13594.54
01-Apr-24,47391.05,47646.8,47373.1,47578.25,0.40%,134089417,6573
02-Apr-24,47490.75,47707.35,47408.55,47545.45,0.12%,183398624,10412.26
03-Apr-24,47350.25,47676.95,47279.8,47624.25,0.58%,283779413,13792.53
04-Apr-24,48086.2,48254.65,47712.7,48060.8,-0.05%,324271925,18895.59
05-Apr-24,48104.65,48557.4,47894.5,48493.05,0.81%,214305236,11909.32
08-Apr-24,48586.75,48716.95,48424.65,48581.7,-0.01%,263381555,7900.46
09-Apr-24,48810.8,48960.75,48568.25,48730.55,-0.16%,147583296,7024.79
10-Apr-24,48879.55,49057.4,48669.25,48986.6,0.22%,247065747,9611.82
12-Apr-24,48671.2,48882.65,48477.55,48564.55,-0.22%,207985339,10643.84
15-Apr-24,48057.5,48255.5,47725.8,47773.25,-0.59%,197115142,7882.76
16-Apr-24,47436.7,47609,47316.55,47484.8,0.10%,186069576,7841.45
18-Apr-24,47592.7,47829.75,46982.15,47069.45,-1.10%,186371057,10326.12
19-Apr-24,46744.95,47668.7,46579.05,47574.15,1.77%,164580371,9513.25
22-Apr-24,48145.7,48146.3,47628.45,47924.9,-0.46%,177719481,9898.66
23-Apr-24,48299.6,48302.7,47899.3,47970.45,-0.68%,141110604,7677.26
24-Apr-24,48120.9,48246.2,48028.7,48189,0.14%,112159300,5867.57
25-Apr-24,47772.65,48625.45,47737.2,48494.95,1.51%,337412581,27018.59
26-Apr-24,48660,48679.65,48088.25,48201.05,-0.94%,208118242,12146.84
29-Apr-24,48359.9,49473.6,48342.7,49424.05,2.20%,327134115,15966.76
30-Apr-24,49477.1,49974.75,49249.9,49396.75,-0.16%,402874252,20351.02
02-May-24,49262,49529.35,49123.6,49231.05,-0.06%,291857104,16230.32
03-May-24,49375.05,49607.75,48659.7,48923.55,-0.91%,222964426,12837.75
06-May-24,49174.55,49252.65,48784,48895.3,-0.57%,340187386,15200.24
07-May-24,48965.05,49023.5,48213.75,48285.35,-1.39%,230306618,10179.38
08-May-24,48124.2,48223.05,47851.15,48021.1,-0.21%,286041100,13795.53
09-May-24,47976.35,48258.65,47440.65,47487.9,-1.02%,272914366,13331.32
10-May-24,47555.5,47868.7,47313.35,47421.1,-0.28%,218854712,10013.36
13-May-24,47389.8,47841.6,46983.25,47754.1,0.77%,220865860,8760.91
14-May-24,47748.85,47937.25,47607.85,47859.45,0.23%,151958187,6712.08
15-May-24,47923.1,47957.2,47534.5,47687.45,-0.49%,188783717,8763.34
16-May-24,47945.85,48052.9,47340.35,47977.05,0.07%,219943967,11108.34
17-May-24,47842.95,48188.65,47758.8,48115.65,0.57%,143821357,8123.45
18-May-24,48197.3,48222.35,48108.15,48199.5,0.00%,19246577,541.44
21-May-24,47927.1,48259.75,47927.1,48048.2,0.25%,166750558,9490
22-May-24,48113.9,48114.05,47435.25,47781.95,-0.69%,204867369,11396.04
23-May-24,47899.35,48829.7,47873.15,48768.6,1.81%,184456258,11162.27
24-May-24,48668,49052.95,48644.8,48971.65,0.62%,135007612,7585
27-May-24,49105.9,49688.85,49051.25,49281.8,0.36%,226530645,9390.6
01-Jan-25,50841.9,51321.95,50485.05,51060.6,0.43%,81129924,3485.94
02-Jan-25,51084.95,51672.75,50992.8,51605.55,1.02%,134402813,6772.81
03-Jan-25,51567.15,51671.6,50904.35,50988.8,-1.12%,148238026,8040.74
06-Jan-25,50990.65,51026.1,49751,49922,-2.10%,184590426,7006.9
07-Jan-25,50061.2,50447.6,49969.3,50202.15,0.28%,103825140,5397.67
08-Jan-25,50201.75,50246.9,49389.75,49835.05,-0.73%,131178850,6950.22
09-Jan-25,49712.55,49798.1,49230.15,49503.5,-0.42%,136379631,8842.81
10-Jan-25,49426.5,49483.15,48631.2,48734.15,-1.40%,142386637,6354.11
13-Jan-25,48264.25,48606.35,47898.35,48041.25,-0.46%,168780899,7299.58
14-Jan-25,48266.9,49007.35,48235.2,48729.15,0.96%,151923269,7745.76
15-Jan-25,48832.75,49083.65,48522.4,48751.7,-0.17%,145112403,5702.11
16-Jan-25,49082.9,49459,49038.45,49278.7,0.40%,146732136,7742.3
17-Jan-25,48959.5,49047.2,48309.5,48540.6,-0.86%,130598508,8620.64
20-Jan-25,48834.15,49650.6,48683.6,49350.8,1.06%,173115109,10519.88
21-Jan-25,49532,49543.15,48430.95,48570.9,-1.94%,134686328,9193.77
22-Jan-25,48689.55,48781.75,48074.05,48724.4,0.07%,151683951,8347.43
23-Jan-25,48770.15,48892.7,48493,48589,-0.37%,124573638,8807.77
24-Jan-25,48546.05,48858.65,48203,48367.8,-0.37%,139948431,7505.19
27-Jan-25,47881.65,48319.2,47844.15,48064.65,0.38%,271808231,8969.36
28-Jan-25,48642.5,49247.15,48449.05,48866.85,0.46%,299944475,12208.48
29-Jan-25,48997.2,49199.65,48849.8,49165.95,0.34%,177169221,5952.79
30-Jan-25,49206.2,49426.2,49031.8,49311.95,0.21%,197906088,8567.72
31-Jan-25,49259.65,49674.8,49031.8,49587.2,0.66%,232021331,7728.28
