Date,Open,High,Low,Close,Change_percentage,Shares_traded,Turnover_in_crore
09-Nov-15,6863.55,7006.15,6842.6,6967.9,1.52%,61480896,2481.14
10-Nov-15,6933.15,6977.6,6883.75,6896.55,-0.53%,42116159,1547.35
11-Nov-15,6936.55,6965.5,6936.55,6945.45,0.13%,9186154,357.64
13-Nov-15,6908.2,6953.95,6859.55,6941.65,0.48%,43901230,1805.56
16-Nov-15,6912.7,7027.15,6903.6,7000.75,1.27%,42595137,1698.69
17-Nov-15,7054.8,7054.8,6964.75,7017.7,-0.53%,44750299,1635.21
18-Nov-15,7008.9,7034.45,6880.45,6889.65,-1.7%,37862022,1429.1
19-Nov-15,6940.3,7025.4,6921.25,7014.6,1.07%,39426484,1694.31
20-Nov-15,7003.35,7079.45,6962.1,6998.8,-0.06%,47308996,1946.14
23-Nov-15,7026.55,7026.55,6945.65,6979.1,-0.68%,42522189,1627.93
24-Nov-15,6964.9,7032.1,6954.7,6997.95,0.47%,38343561,1709.77
26-Nov-15,6999.45,7052.15,6996.15,7017.85,0.26%,68889154,2933.1
27-Nov-15,7034.65,7143.05,7016.75,7125.8,1.3%,48855199,1957.91
30-Nov-15,7106.8,7152,7096.8,7109.35,0.04%,57834665,2581.71
01-Dec-15,7128.3,7145.15,7098.95,7122.2,-0.09%,39604051,1626.34
02-Dec-15,7137.05,7149.9,7032.6,7057.7,-1.11%,34082876,1385.76
03-Dec-15,7030.05,7047.95,6995.6,7005.1,-0.35%,36124987,1474.5
04-Dec-15,6962.8,6962.8,6890.85,6899.1,-0.91%,42124463,1772.8
07-Dec-15,6942.75,6953.7,6919.05,6927.6,-0.22%,30867549,1362.94
08-Dec-15,6902.8,6908.4,6859.1,6864.9,-0.55%,42626654,1701.89
09-Dec-15,6845.75,6879.05,6795.25,6803.4,-0.62%,39041898,1513.79
10-Dec-15,6816.6,6865.5,6795.8,6855.25,0.57%,50321121,2039.97
11-Dec-15,6871.25,6872.4,6702.85,6741.6,-1.89%,61466014,2212.4
14-Dec-15,6677.85,6780.75,6677.85,6765.1,1.31%,48993166,1857.49
15-Dec-15,6757.2,6813.7,6709.85,6801.8,0.66%,46955774,1851.12
16-Dec-15,6827.65,6890.8,6801.5,6873,0.66%,52493819,1969.34
17-Dec-15,6911,6963.05,6859.25,6956.3,0.66%,56102781,2090.65
18-Dec-15,6960.2,6960.2,6883.35,6891.25,-0.99%,55863533,2097.41
21-Dec-15,6880.9,6986.25,6880.45,6976.3,1.39%,37295551,1429.78
22-Dec-15,6974,7020.55,6938.95,6953.6,-0.29%,47655504,1697.94
23-Dec-15,6982.1,7015.6,6978.5,7006.25,0.35%,30926471,1166.16
24-Dec-15,7022.75,7025.2,6948.2,6968.3,-0.78%,25251073,921.55
28-Dec-15,6978.4,7028.5,6978.4,7014.15,0.51%,35970822,1449.21
29-Dec-15,7017,7044.6,7003.8,7032,0.21%,35834080,1456.24
30-Dec-15,7040.6,7051,7001.6,7006.35,-0.49%,35406745,1291.12
31-Dec-15,7006.3,7077,7006.3,7059.15,0.75%,54178151,2167.03
01-Jan-16,7057.95,7103.05,7024.4,7091.45,0.47%,25489537,1015.25
04-Jan-16,7058.25,7058.25,6901.95,6909.3,-2.11%,42817811,1680.34
05-Jan-16,6942.3,6942.3,6873.55,6891.65,-0.73%,45414124,1738.3
06-Jan-16,6878.35,6925.5,6829.15,6854.25,-0.35%,49144607,1882.71
07-Jan-16,6785.95,6785.95,6691.9,6704,-1.21%,61199964,2193.54
08-Jan-16,6734.85,6758.4,6706.55,6723.05,-0.18%,48878368,1872.24
11-Jan-16,6660.55,6722.45,6599.65,6664.75,0.06%,56606377,1963.03
12-Jan-16,6696.3,6696.3,6563.9,6579.7,-1.74%,56915121,1957.29
13-Jan-16,6617.55,6662.75,6495.3,6632,0.22%,74770675,2532.22
14-Jan-16,6535.7,6611.55,6481.25,6539.8,0.06%,62158541,2257.55
15-Jan-16,6541.7,6546.7,6363.75,6380.15,-2.47%,78271422,2377.72
18-Jan-16,6356.85,6392.85,6273.4,6283.65,-1.15%,98502222,2933.93
19-Jan-16,6308,6414.55,6308,6395.95,1.39%,73519421,2269.33
20-Jan-16,6314.65,6316.85,6215.95,6279.85,-0.55%,78439934,2494.69
21-Jan-16,6356.2,6416.25,6260.2,6317.6,-0.61%,99440109,3406.21
22-Jan-16,6406.55,6496.3,6379.3,6470.7,1%,68951221,2287.94
25-Jan-16,6531.75,6541.7,6501.4,6519.95,-0.18%,59111044,2051.73
27-Jan-16,6554.05,6561.5,6484.35,6501.1,-0.81%,54876606,1824.01
28-Jan-16,6487.35,6487.35,6412.8,6422.05,-1.01%,84108849,2765.13
29-Jan-16,6347.75,6518.15,6347.75,6507.8,2.52%,102278776,3123.12
01-Feb-16,6521.8,6521.8,6415.65,6429.35,-1.42%,83468564,2404.31
02-Feb-16,6439.4,6480.5,6326.05,6344,-1.48%,94882842,2685.81
03-Feb-16,6284.4,6285.2,6233.65,6244.2,-0.64%,75602218,2524.43
04-Feb-16,6293.7,6314,6234.35,6267.9,-0.41%,77935234,2246.62
05-Feb-16,6289.2,6404.3,6284,6389.25,1.59%,82782964,2488.52
08-Feb-16,6408,6452.1,6302.35,6335.1,-1.14%,64673207,1944.36
09-Feb-16,6250.85,6306.3,6234.05,6278.1,0.44%,66567153,1880.82
10-Feb-16,6228.9,6246.4,6117.25,6143.4,-1.37%,88020746,2476.94
11-Feb-16,6116,6124.8,5857.05,5886.25,-3.76%,132827501,3217.94
12-Feb-16,5921.7,5949.3,5811.9,5884.2,-0.63%,136261960,3874.65
15-Feb-16,5943.85,6057.85,5943.35,6022.85,1.33%,100122685,2974.02
16-Feb-16,6071.3,6071.3,5909.4,5921.1,-2.47%,84527056,2417.27
17-Feb-16,5920.5,5932.55,5818.8,5906.85,-0.23%,92539838,2431.18
18-Feb-16,5977.75,5993.75,5910.7,5950.15,-0.46%,84404728,2452.28
19-Feb-16,5930,5969.45,5903.6,5954.2,0.41%,69383915,1987.72
22-Feb-16,5938.75,5986.9,5936.95,5962.15,0.39%,55205737,1774.51
23-Feb-16,5967.05,5967.05,5821.35,5836.95,-2.18%,65366041,1954.43
24-Feb-16,5793.05,5797.8,5717.05,5728.55,-1.11%,68662625,2159.05
25-Feb-16,5746,5755.3,5679.2,5689.9,-0.98%,95761369,2817.75
26-Feb-16,5755.5,5810.8,5706.6,5775.15,0.34%,80170399,2333.74
29-Feb-16,5786.2,5935.8,5615,5839.25,0.92%,217386429,6465.3
01-Mar-16,5886.9,6014.8,5871.15,6001.6,1.95%,84731565,2744.46
02-Mar-16,6121.15,6265.2,6118.9,6247.35,2.06%,126433580,3597.82
03-Mar-16,6283.4,6313.25,6239.25,6299.6,0.26%,85900518,2600.38
04-Mar-16,6328.3,6385.8,6234.55,6356.25,0.44%,87028760,2370.03
08-Mar-16,6344.85,6370.3,6281.65,6314.5,-0.48%,68416196,2065.48
09-Mar-16,6276.3,6344.1,6224.65,6331.7,0.88%,71974667,2328.61
10-Mar-16,6362.95,6368.85,6277.85,6332.3,-0.48%,57620229,2059.06
11-Mar-16,6331.75,6391.7,6276.15,6333.25,0.02%,63283751,2164.29
14-Mar-16,6389.8,6431.8,6342.5,6374.15,-0.24%,49818541,1585.86
15-Mar-16,6366.7,6374.85,6315.7,6321.75,-0.71%,60739580,2132.13
16-Mar-16,6298.85,6391.45,6255.7,6382.55,1.33%,61790062,2099.58
17-Mar-16,6441.8,6489.6,6323.05,6364.2,-1.2%,86143260,2980.7
18-Mar-16,6381.15,6459.15,6364.45,6450.85,1.09%,62220879,2219.47
21-Mar-16,6476.8,6574.95,6476.8,6565.75,1.37%,58989957,2182.53
22-Mar-16,6555,6612.7,6511.6,6595.45,0.62%,54128223,2006.54
23-Mar-16,6572.05,6588.7,6523.3,6576.3,0.06%,50083366,1921.53
28-Mar-16,6560.05,6564.7,6433.75,6463.45,-1.47%,65150121,2458.93
29-Mar-16,6444.6,6500.1,6441.6,6453.95,0.15%,57162799,2041.84
30-Mar-16,6509.3,6602.5,6469.15,6591.9,1.27%,70501273,2639.9
31-Mar-16,6587.35,6621.7,6543.45,6579.4,-0.12%,105607794,4300.28
01-Apr-16,6560.75,6600.7,6529.2,6590.5,0.45%,58132533,2098.08
04-Apr-16,6624.05,6633.3,6532.1,6584.4,-0.6%,48220542,1786.33
05-Apr-16,6563.15,6572.2,6420.3,6435.15,-1.95%,89901647,2961.78
06-Apr-16,6464.55,6464.55,6394.8,6417.25,-0.73%,55252989,1842.83
07-Apr-16,6424.3,6424.3,6319.2,6355.05,-1.08%,58338956,1993.19
08-Apr-16,6355,6394.3,6347.35,6380.6,0.4%,41968687,1425.41
11-Apr-16,6403.05,6456.5,6309.95,6446.4,0.68%,55813814,1901.31
12-Apr-16,6449.95,6499.7,6438.45,6482.95,0.51%,51204558,1684.21
13-Apr-16,6557.2,6664.7,6557.2,6645.6,1.35%,67695417,2415.05
18-Apr-16,6684.95,6684.95,6549.5,6650.55,-0.51%,53589393,2123.13
20-Apr-16,6697.8,6719.5,6644.15,6695.15,-0.04%,67926094,2577.46
21-Apr-16,6751.4,6828.95,6751.4,6791,0.59%,104390224,3722.33
22-Apr-16,6782.15,6792.3,6745.35,6781.55,-0.01%,86701291,2737.32
25-Apr-16,6783.45,6794,6730.2,6754.15,-0.43%,72213835,2340.83
26-Apr-16,6733.9,6875.65,6715.45,6864.85,1.94%,89571043,3001.66
27-Apr-16,6813.65,6847.9,6793.3,6806.15,-0.11%,104303240,3618.4
28-Apr-16,6810.2,6851.6,6686.1,6697.45,-1.66%,103085628,3720.93
29-Apr-16,6696.85,6745.6,6644.4,6724.7,0.42%,112871926,3513.07
02-May-16,6672.75,6703.15,6656.05,6676.15,0.05%,71303847,2571.08
03-May-16,6694.7,6760.45,6626.75,6635.8,-0.88%,67227548,2464.7
04-May-16,6612.05,6700.4,6603.2,6635.25,0.35%,76600164,2647.83
05-May-16,6653.55,6732,6652.45,6677.85,0.37%,68038551,2425.02
06-May-16,6674.15,6711.35,6644.8,6692.6,0.28%,53368183,1659.85
09-May-16,6712.4,6863,6712.4,6854.3,2.11%,54479323,2071.44
10-May-16,6862.05,6914.9,6841.85,6904.65,0.62%,62373999,2334.17
11-May-16,6819.45,6925.45,6807,6879.25,0.88%,91342571,3388.44
12-May-16,6922.6,6951.65,6888.75,6934,0.16%,68519999,2488.29
13-May-16,6921.35,6928.3,6791.1,6824.8,-1.39%,64942994,2286.62
16-May-16,6837.35,6868.35,6746.7,6856.65,0.28%,70465208,2186.53
17-May-16,6894.1,6956.85,6879.85,6905.6,0.17%,62839995,2297.23
18-May-16,6864.6,6902.65,6826.85,6888.3,0.35%,63689210,2265.97
19-May-16,6891.55,6891.55,6783.6,6794.15,-1.41%,58443464,1870.8
20-May-16,6810.3,6830,6748.55,6759.1,-0.75%,46468055,1590.93
23-May-16,6793.1,6800.15,6708.95,6720.6,-1.07%,44604993,1546.68
24-May-16,6734.65,6783.3,6716.25,6765.55,0.46%,44486848,1819.95
25-May-16,6824.15,6960.75,6818.05,6952.8,1.89%,62696380,2314.26
26-May-16,6973.6,7125.9,6942.9,7099.75,1.81%,94933566,3382.76
27-May-16,7101.3,7194.5,7099.3,7189.45,1.24%,135836384,3801.53
30-May-16,7209.7,7229.75,7140.35,7171.9,-0.52%,80664245,2414.6
02-Jan-17,7442.4,7443.1,7262.95,7304.25,-1.86%,56355561,2064.55
03-Jan-17,7316.5,7347.5,7249.85,7318.85,0.03%,48839142,2009.71
04-Jan-17,7325.1,7336.75,7255.85,7264.1,-0.83%,42114287,1939.03
05-Jan-17,7303.15,7348.25,7284.45,7333.55,0.42%,52785871,2200.81
06-Jan-17,7353.5,7403.9,7347.65,7368.35,0.2%,52920643,2247.49
09-Jan-17,7386.15,7400.25,7362.85,7371.75,-0.19%,32683112,1322.2
10-Jan-17,7391.85,7416.6,7370.7,7404.4,0.17%,50618874,1961.69
11-Jan-17,7444.6,7534.4,7428.45,7515.75,0.96%,63229599,2486.45
12-Jan-17,7540,7576.6,7504.95,7520.55,-0.26%,52397746,1801.48
13-Jan-17,7550.65,7583.45,7517.55,7577.4,0.35%,52924237,2007.61
16-Jan-17,7572,7658.7,7560.85,7649.1,1.02%,52272823,1973.9
17-Jan-17,7660.7,7679.75,7590.5,7625.5,-0.46%,51073086,1978.46
18-Jan-17,7627.65,7702.9,7627.65,7645.45,0.23%,48644787,1888.67
19-Jan-17,7649,7652.7,7605.45,7626.7,-0.29%,45374699,1774.18
20-Jan-17,7574.55,7591.15,7494.55,7505.5,-0.91%,78033619,3219.86
23-Jan-17,7485.7,7555,7476.1,7538.8,0.71%,81737569,2916.69
24-Jan-17,7569.45,7637.85,7559.25,7627.95,0.77%,67758281,2464.1
25-Jan-17,7658.6,7871.05,7658.4,7853.3,2.54%,118487536,5036.25
27-Jan-17,7880.8,8006.85,7874.1,7980.5,1.27%,142092902,4917.53
30-Jan-17,7979.8,7998.5,7941.4,7957.75,-0.28%,51731374,2443.04
31-Jan-17,7943.8,7978.35,7894.6,7917.45,-0.33%,77745950,2868.77
01-Feb-17,7920.95,8137.65,7914.95,8130.1,2.64%,113542979,4231.65
02-Feb-17,8140.45,8153.5,8084.8,8138.3,-0.03%,78360904,3033.51
03-Feb-17,8137.4,8155.45,8108.95,8146.1,0.11%,60973676,2449.18
06-Feb-17,8182.9,8245.3,8182,8227.95,0.55%,61660055,2585.95
07-Feb-17,8225.5,8235.75,8183.85,8203.2,-0.27%,56314974,2206.31
08-Feb-17,8209.85,8211.45,8103.6,8168.4,-0.5%,59236352,2472.37
09-Feb-17,8193.55,8247.45,8092.8,8139.45,-0.66%,61928999,2411.3
10-Feb-17,8174.55,8200.05,8125.25,8141.2,-0.41%,80361839,2941.94
13-Feb-17,8176.1,8188.55,8099.8,8158.3,-0.22%,55933665,2027.15
14-Feb-17,8181.45,8185.4,8121.1,8162.6,-0.23%,49034835,1726.48
15-Feb-17,8171.15,8205.6,8119.6,8147.35,-0.29%,52893115,2150.6
16-Feb-17,8166.3,8183.3,8116.35,8176.65,0.13%,66093909,2499.31
17-Feb-17,8434.75,8469.3,8252.7,8281.55,-1.82%,178142805,17292.14
20-Feb-17,8263.95,8324.8,8250.1,8313.75,0.6%,47388267,1860.83
21-Feb-17,8318.3,8413.4,8288.35,8399.55,0.98%,58045537,2207.69
22-Feb-17,8429.85,8431,8371.55,8390.35,-0.47%,97747098,3585.97
23-Feb-17,8404.45,8435.5,8370.1,8383.2,-0.25%,103342745,4942.42
27-Feb-17,8378.2,8378.2,8291.7,8302.75,-0.9%,57103347,2336.89
28-Feb-17,8309.8,8325.95,8272.5,8286.9,-0.28%,52905975,2041.21
01-Mar-17,8317.35,8394.5,8312.75,8377.35,0.72%,58372091,2427.8
02-Mar-17,8411.4,8428.6,8295.9,8310.9,-1.19%,70273978,2893.24
03-Mar-17,8305.1,8307.45,8221.2,8252.85,-0.63%,38381857,1532
06-Mar-17,8277.25,8351.35,8269.45,8293,0.19%,50083121,2006.26
07-Mar-17,8314,8317.05,8273.25,8283.45,-0.37%,46828987,1864.51
08-Mar-17,8288.75,8314.1,8242.55,8299.45,0.13%,56282233,2490.81
09-Mar-17,8275.9,8339.85,8269.9,8320.45,0.54%,55425001,2274.29
10-Mar-17,8355.55,8376.45,8294.5,8320.65,-0.42%,46994015,1882.44
14-Mar-17,8516.7,8539.4,8473.1,8509.5,-0.08%,102469565,4386.16
15-Mar-17,8509.75,8575,8498.8,8544.55,0.41%,68185281,2714.39
16-Mar-17,8573.95,8610,8568.4,8601.15,0.32%,55236220,2444.93
17-Mar-17,8629.2,8638.35,8571.85,8592.65,-0.42%,103362401,4154.9
20-Mar-17,8600.5,8600.5,8560,8583.6,-0.2%,59623809,2182.67
21-Mar-17,8577.15,8608.85,8533.25,8561.95,-0.18%,62455836,2630.55
22-Mar-17,8485.65,8514.15,8461.8,8472.6,-0.15%,84891947,3477.67
23-Mar-17,8501.45,8531.9,8466.4,8520.9,0.23%,51779772,2108.36
24-Mar-17,8548.7,8609.75,8531.2,8591.4,0.5%,77731731,2651.19
27-Mar-17,8602.85,8602.85,8529.9,8569.3,-0.39%,55784220,2262.11
28-Mar-17,8624.85,8684.95,8605.85,8670.95,0.53%,79886992,3284.4
29-Mar-17,8706.8,8763.25,8679.3,8747.5,0.47%,95378478,3834.41
30-Mar-17,8737.65,8825.25,8724.4,8806.15,0.78%,103988471,5326.79
31-Mar-17,8788.35,8790.85,8722.3,8734.3,-0.62%,71757146,2977.06
03-Apr-17,8775.5,8831.55,8737,8825.8,0.57%,53588972,2168.64
05-Apr-17,8828.25,8833.25,8774.15,8804.1,-0.27%,64677944,2941.36
06-Apr-17,8774.7,8801,8734.95,8789.95,0.17%,72261989,3067.08
07-Apr-17,8751.65,8796.4,8729,8741.75,-0.11%,56788269,2407.41
10-Apr-17,8761.45,8765.7,8711.8,8739.6,-0.25%,43064134,1968.44
11-Apr-17,8734.55,8844.45,8722.6,8836.3,1.16%,112633149,3356.64
12-Apr-17,8835.3,8841.75,8765,8797.7,-0.43%,86316611,3002.62
13-Apr-17,8798.6,8846.7,8781.4,8821.7,0.26%,50345048,2045.44
17-Apr-17,8826.1,8859.25,8790.25,8805.1,-0.24%,73626895,2321.55
18-Apr-17,8829.3,8901.4,8785.7,8802.45,-0.3%,66859091,2452.42
19-Apr-17,8813.45,8813.45,8737,8789.7,-0.27%,65261372,2399.56
20-Apr-17,8776.8,8845.75,8764.25,8808.25,0.36%,75904256,2888.41
21-Apr-17,8834.2,8852.6,8741.95,8816.75,-0.2%,66476622,2913.19
24-Apr-17,8830.45,8962.75,8824.5,8953.7,1.4%,71311858,3382.96
25-Apr-17,8994,9061.6,8977.6,9056.2,0.69%,71898594,3409.28
26-Apr-17,9091.55,9149.45,8977.45,9133.2,0.46%,68897686,3465.61
27-Apr-17,9138.55,9140.5,9075.45,9106.4,-0.35%,97214219,5078.66
28-Apr-17,9092.25,9094.3,9022,9066.05,-0.29%,53732192,2557.39
02-May-17,9089.75,9129.55,9045.5,9117.85,0.31%,64454884,3045.2
03-May-17,9153.65,9159.1,9069.1,9088.05,-0.72%,61699022,2756.83
04-May-17,9186.5,9264.35,9132.2,9227.1,0.44%,172760407,6572.1
05-May-17,9267.15,9269.55,9132,9164.5,-1.11%,112575565,4139.72
08-May-17,9182.25,9232.2,9158,9180.6,-0.02%,63687009,2516.12
09-May-17,9208.35,9220.45,9156.9,9165.75,-0.46%,60385928,2407.96
10-May-17,9196.9,9291.25,9190.1,9280.3,0.91%,49612332,2447.27
11-May-17,9313.9,9335.2,9252.9,9277.9,-0.39%,53213300,2455.39
12-May-17,9284.5,9292.85,9188.2,9232.7,-0.56%,58661852,2640.29
15-May-17,9257.85,9335.1,9256.65,9309.5,0.56%,52467089,2417.67
16-May-17,9324.9,9353.3,9284.95,9347.45,0.24%,65626032,2798.36
17-May-17,9360.2,9367,9317.95,9344.05,-0.17%,63019740,2793.22
18-May-17,9272.5,9311.8,9242.2,9259.25,-0.14%,75073758,3364.92
19-May-17,9288.7,9316.25,9192.9,9246.6,-0.45%,95690199,3776.28
22-May-17,9292,9298.7,9189,9196.5,-1.03%,71038757,2760.87
23-May-17,9207.2,9225.7,9133.55,9158.45,-0.53%,77611827,3053.2
24-May-17,9180.1,9206.2,9115.15,9143.7,-0.4%,63538069,2603.08
25-May-17,9162.15,9370.55,9159.6,9348.75,2.04%,105983371,4792.97
26-May-17,9331.7,9439.75,9316.9,9419.75,0.94%,68071966,2783.45
29-May-17,9403.3,9499,9389.05,9438.05,0.37%,54601556,2443.24
01-Jan-18,10479.65,10482.3,10360.05,10373.7,-1.01%,44679107,2073.75
02-Jan-18,10406.95,10426.55,10350.75,10398.4,-0.08%,44782201,2078.7
03-Jan-18,10429,10443.75,10376.5,10386.35,-0.41%,39824851,2015.06
04-Jan-18,10412.35,10440.75,10381.25,10428.95,0.16%,50511341,2149.62
05-Jan-18,10466.15,10490.85,10420.65,10473.25,0.07%,43201092,2322.64
08-Jan-18,10500.6,10551,10500.55,10520,0.18%,45125459,2573
09-Jan-18,10539.55,10566.45,10476.35,10499.5,-0.38%,45174101,2241.82
10-Jan-18,10496.35,10503.4,10448.7,10464.55,-0.3%,35146176,1846.52
11-Jan-18,10468.25,10497.45,10434.95,10486.25,0.17%,43749562,2209.17
12-Jan-18,10507.75,10547.6,10451.95,10531.55,0.23%,54570765,2941.17
15-Jan-18,10598.4,10804.8,10584.95,10785.6,1.77%,78132444,5005.31
16-Jan-18,10806.95,10808.55,10721.85,10736.55,-0.65%,74301809,3932.75
17-Jan-18,10720.9,10855.2,10719.95,10837.85,1.09%,96317243,4323.93
18-Jan-18,10991.95,11060.75,10910.85,10951.85,-0.36%,109008111,6031.66
19-Jan-18,10970,11088.4,10903.6,11073.25,0.94%,66855395,3641.58
22-Jan-18,11089.55,11132.6,11044.4,11093.15,0.03%,69708590,4304.8
23-Jan-18,11101.7,11207.65,11097.6,11195.05,0.84%,93862854,4637
24-Jan-18,11175.35,11257,11153.35,11212.25,0.33%,81463404,3965.12
25-Jan-18,11219.45,11267.4,11115.55,11232.65,0.12%,116086302,5528.15
29-Jan-18,11244.6,11368.5,11229.4,11331.25,0.77%,70657411,4374.07
30-Jan-18,11327.8,11328.5,11191.8,11208.15,-1.06%,64849273,3652.25
31-Jan-18,11151.2,11273,11145.1,11262.15,0.99%,73278624,4133.34
01-Feb-18,11252.25,11337.75,11127.35,11231.75,-0.18%,88838828,4802.62
02-Feb-18,11143.75,11145.55,10863.05,10886.9,-2.3%,80117985,4006.81
05-Feb-18,10697.85,10741.5,10643.5,10685.15,-0.12%,72585583,4223.18
06-Feb-18,10302.45,10698.6,10267.75,10572.5,2.62%,95052576,4891
07-Feb-18,10659.25,10670.9,10492.15,10539.95,-1.12%,70295902,3811.65
08-Feb-18,10569.15,10735.05,10542.15,10656.9,0.83%,52957639,2568.79
09-Feb-18,10469,10513.2,10432.75,10467.05,-0.02%,50662235,2748.89
12-Feb-18,10493.95,10578.75,10462.45,10562,0.65%,81974344,3391.2
14-Feb-18,10620,10620.35,10450.35,10498.1,-1.15%,89041026,3830.73
15-Feb-18,10527.4,10637.6,10504.2,10560.4,0.31%,82084106,3716.48
16-Feb-18,10593.75,10623.8,10436.4,10464.9,-1.22%,71438678,2990.31
19-Feb-18,10539.1,10540.5,10354.7,10437.7,-0.96%,82059646,3127.5
20-Feb-18,10481.8,10498.9,10360.6,10381.1,-0.96%,67732524,2797.08
21-Feb-18,10432.65,10433.2,10364,10405.55,-0.26%,60113899,3159.62
22-Feb-18,10361.85,10407.65,10335.8,10396.85,0.34%,94262612,5035.84
23-Feb-18,10416.9,10529.75,10396.9,10519,0.98%,45106828,2219.66
26-Feb-18,10572.5,10686.45,10552.1,10678.65,1%,56037392,2545.19
27-Feb-18,10687.85,10696.1,10552.15,10561.65,-1.18%,59452416,2524.34
28-Feb-18,10481.45,10490.4,10422,10439.1,-0.4%,72952315,3164.19
01-Mar-18,10416.4,10482.35,10359.55,10372.6,-0.42%,73682517,3283.36
05-Mar-18,10354.4,10354.65,10281.45,10337.55,-0.16%,58971521,2662.24
06-Mar-18,10396.55,10424.2,10148.95,10200.65,-1.88%,75720724,3453.89
07-Mar-18,10161.2,10162.9,10035.4,10054.55,-1.05%,96432276,3714.08
08-Mar-18,10113.9,10230.8,10066.15,10209.1,0.94%,99144285,3627.16
09-Mar-18,10235.7,10279.4,10183.1,10194.2,-0.41%,64162376,2732.51
12-Mar-18,10262.1,10368.35,10245.85,10346.8,0.83%,73651903,3106.61
13-Mar-18,10328.2,10475.2,10322.1,10384.75,0.55%,93068267,3707.55
14-Mar-18,10338.45,10400.6,10264.25,10387.8,0.48%,74598942,2659.17
15-Mar-18,10391.75,10432.3,10356.5,10373.4,-0.18%,59975597,2553.58
16-Mar-18,10355.7,10363.1,10189.3,10211.25,-1.39%,107541635,5195.79
19-Mar-18,10232.15,10252.15,10092.85,10112.8,-1.17%,69390935,3068.63
20-Mar-18,10073.85,10173.9,10072.9,10132.95,0.59%,62464869,2742.73
21-Mar-18,10211.4,10269.8,10178.1,10199.55,-0.12%,65565572,3054.76
22-Mar-18,10197.1,10232.65,10125.4,10140.8,-0.55%,79227242,3355.42
23-Mar-18,9997.05,10014.35,9934.5,9972.75,-0.24%,112930711,4740.39
26-Mar-18,9964.5,10222.9,9960.1,10207.1,2.43%,96556128,4360.77
27-Mar-18,10259.4,10304.15,10215.75,10269.5,0.1%,99334129,4170.32
28-Mar-18,10232.85,10241.2,10188,10207.6,-0.25%,111286075,5376.88
02-Apr-18,10199.75,10273.45,10157.95,10261.35,0.6%,,
03-Apr-18,10248.15,10326.55,10227.65,10311.45,0.62%,89178171,3646.88
04-Apr-18,10317.65,10346.5,10143.35,10169.25,-1.44%,88586353,3815.47
05-Apr-18,10268.25,10432.65,10265.6,10414.55,1.42%,82973319,3943.61
06-Apr-18,10424.3,10482.9,10388.1,10468.15,0.42%,83401242,3947.55
09-Apr-18,10459.25,10560.15,10445.8,10530.8,0.68%,78628872,3562.1
10-Apr-18,10554.2,10575.85,10517,10541.05,-0.12%,107542254,4578.04
11-Apr-18,10542.75,10545.95,10444.65,10502.95,-0.38%,58211264,2721.38
12-Apr-18,10493,10568.35,10454.35,10555.9,0.6%,67122459,2844.51
13-Apr-18,10577.6,10631.2,10525.85,10569.95,-0.07%,70527290,3232.35
16-Apr-18,10522.7,10668.95,10517.85,10658.65,1.29%,57661090,2864.45
17-Apr-18,10689.5,10707,10626.65,10684.2,-0.05%,54729891,2711.72
18-Apr-18,10722.5,10722.6,10583.5,10605,-1.1%,57918633,2625.49
19-Apr-18,10640.15,10640.4,10557.9,10579.7,-0.57%,57740880,2659.84
20-Apr-18,10583.45,10585.1,10471.4,10501.4,-0.78%,62077841,3189.45
23-Apr-18,10558.05,10558.05,10349,10479.55,-0.74%,53639127,3380.49
24-Apr-18,10496,10568.7,10492.9,10547.3,0.49%,63748467,3353.92
25-Apr-18,10533.85,10533.85,10441.85,10466.6,-0.64%,59410167,2895.28
26-Apr-18,10483.2,10493.55,10439,10480.9,-0.02%,92982560,4578.58
27-Apr-18,10475.7,10626.4,10475.7,10614.9,1.33%,134239828,6427.65
30-Apr-18,10658.65,10714.8,10640.55,10675.75,0.16%,68650018,3974.46
02-May-18,10721.85,10776.4,10673.75,10726.25,0.04%,90425467,5389.47
03-May-18,10714.3,10770.9,10702.35,10743.9,0.28%,67150798,3606.21
04-May-18,10760.65,10760.65,10706.3,10735.8,-0.23%,53686796,2727.58
07-May-18,10753.45,10829.4,10744.7,10813.6,0.56%,64467142,3086.04
08-May-18,10880.95,10885.45,10826.8,10864.55,-0.15%,144830443,5827.22
09-May-18,10814.25,10881.05,10795.85,10866.8,0.49%,57961838,2815.66
10-May-18,10909.05,10926.25,10843.3,10859.2,-0.46%,60721215,2919.91
11-May-18,10881.45,10996.85,10863.85,10988.3,0.98%,51732379,2655.21
14-May-18,10990.8,11039.85,10965.65,11007.6,0.15%,57104025,2676.1
15-May-18,11019,11168.2,10984.95,11016.65,-0.02%,79257256,4238.68
16-May-18,10945.2,10993.2,10884.45,10903.2,-0.38%,79743956,3444.01
17-May-18,10930.3,10934.6,10828.6,10875.75,-0.5%,63490106,4288.59
18-May-18,10853.55,10868.2,10769.95,10783.2,-0.65%,74347019,5134.54
21-May-18,10831.05,10838.1,10669.65,10693.65,-1.27%,71074775,3648.76
22-May-18,10704.8,10789.7,10689.9,10721.55,0.16%,107643705,4765.08
23-May-18,10703,10744.15,10637.15,10653.7,-0.46%,116905585,4739.02
24-May-18,10686.85,10809.8,10657.4,10781.75,0.89%,80717955,3267
25-May-18,10803.45,10902.45,10795.75,10885.8,0.76%,88877692,3446.1
28-May-18,10898.5,11045.9,10892.65,11014.55,1.06%,89747063,3521.98
01-Jan-19,11608.55,11718,11526.75,11702.05,0.81%,55575390,3063.65
02-Jan-19,11660.4,11697.85,11535.95,11586.2,-0.64%,87236751,4603.95
03-Jan-19,11590.9,11602.15,11447.85,11458.95,-1.14%,83532681,4843.49
04-Jan-19,11486.1,11591.7,11457.7,11572.45,0.75%,83269222,4287.28
07-Jan-19,11635.65,11663.55,11575.9,11591.6,-0.38%,75242791,3816.29
08-Jan-19,11600.15,11646,11527.9,11635.45,0.3%,84817002,4585.81
09-Jan-19,11684.95,11752.15,11616,11740.75,0.48%,97787503,5224.44
10-Jan-19,11736.2,11741.55,11660.15,11675.5,-0.52%,81030931,4168.72
11-Jan-19,11694.1,11734.05,11629.9,11690.85,-0.03%,65484465,3426.84
14-Jan-19,11662.25,11662.5,11552,11589.9,-0.62%,58677496,3201.04
15-Jan-19,11620.7,11684.25,11609.4,11675.3,0.47%,56574366,3230.17
16-Jan-19,11670.75,11719.5,11638.55,11653.35,-0.15%,63313075,3588.51
17-Jan-19,11691.9,11733.45,11620.5,11703.55,0.1%,85387508,4759.72
18-Jan-19,11715.8,11724.15,11649.55,11678.25,-0.32%,55914762,3155.8
21-Jan-19,11689.15,11744.9,11632.5,11717.35,0.24%,57872411,4620.76
22-Jan-19,11704.8,11706.95,11630.8,11670.1,-0.3%,73095813,5052.65
23-Jan-19,11672.2,11687.7,11529.5,11556.6,-0.99%,78169379,4175.66
24-Jan-19,11567.25,11579.05,11504.1,11545.15,-0.19%,66761204,3644.81
25-Jan-19,11531.2,11607.75,11457.25,11483.6,-0.41%,76741076,4152.85
28-Jan-19,11460.55,11482.3,11223.05,11266.5,-1.69%,101898516,5732.89
29-Jan-19,11249.75,11289.55,11148.5,11224.8,-0.22%,108059871,7501.17
30-Jan-19,11307.05,11323.9,11215.15,11275.2,-0.28%,160795062,10028.17
31-Jan-19,11315,11465.35,11273.85,11456.4,1.25%,221490816,11649.68
01-Feb-19,11476.95,11614.65,11396.05,11460.9,-0.14%,146500667,7962.67
04-Feb-19,11420.15,11518.85,11357.05,11492.65,0.63%,83694042,4513.61
05-Feb-19,11506.65,11533.85,11453.35,11519.55,0.11%,67714818,3761.55
06-Feb-19,11542,11620.9,11536.75,11610.15,0.59%,70106442,4086.17
07-Feb-19,11622.15,11685.15,11576.15,11606.5,-0.13%,80525655,4506.48
08-Feb-19,11563.6,11632.3,11513.75,11540.25,-0.2%,84057484,4720.85
11-Feb-19,11524.95,11531.75,11467.75,11488.75,-0.31%,75574587,4013.23
12-Feb-19,11474.2,11516.55,11358.6,11368.8,-0.92%,86171231,4865.13
13-Feb-19,11392,11444.1,11348,11369.3,-0.2%,80733937,4497.59
14-Feb-19,11363.85,11365.25,11267.85,11304.75,-0.52%,103789220,4902.33
15-Feb-19,11315.05,11320.65,11138.1,11213.9,-0.89%,103340691,4951.28
18-Feb-19,11223.7,11254.45,11134.6,11148.25,-0.67%,68309994,3516.76
19-Feb-19,11144.55,11285.45,11136.4,11158.1,0.12%,83451429,3900.03
20-Feb-19,11207.95,11299.35,11187.75,11287.7,0.71%,68419631,3537.56
21-Feb-19,11299.65,11401.65,11291.25,11386.8,0.77%,89607198,4242.66
22-Feb-19,11362.15,11372.7,11309.5,11319.75,-0.37%,161167957,14530.59
25-Feb-19,11353.9,11416.9,11330.45,11406.7,0.47%,85721953,4493.53
26-Feb-19,11278.8,11362,11231.95,11294.85,0.14%,89813590,5432.79
27-Feb-19,11352.1,11398.05,11188.2,11234.1,-1.04%,93980704,5265.85
28-Feb-19,11271.05,11285.1,11215.5,11227.4,-0.39%,151365951,7710.83
01-Mar-19,11284.85,11330.15,11266.3,11308.15,0.21%,79425580,4167.5
05-Mar-19,11313.5,11507.2,11259.25,11500.55,1.65%,116964577,6040.63
06-Mar-19,11541.55,11595,11509.3,11581.2,0.34%,118263534,5905.87
07-Mar-19,11603.2,11634.8,11533.2,11613.8,0.09%,82885351,4488.51
08-Mar-19,11582.85,11626.85,11563.35,11619.6,0.32%,100606837,4570.65
11-Mar-19,11649.35,11737.2,11637.25,11721.05,0.62%,96744288,4917.09
12-Mar-19,11807,11909.65,11793.6,11895.45,0.75%,124345220,6814.55
13-Mar-19,11915.55,12054,11855.75,12034.15,1%,132477344,8909.9
14-Mar-19,12102.25,12116.75,11992.65,12027.3,-0.62%,87139656,5313.96
15-Mar-19,12057.85,12272.05,12052.85,12206.4,1.23%,166352356,9222.83
18-Mar-19,12265.15,12372.3,12196.8,12269.95,0.04%,97742431,5996.17
19-Mar-19,12312.6,12331.8,12259.25,12314.85,0.02%,108986538,5385.71
20-Mar-19,12324.7,12384.8,12279.2,12351.05,0.21%,103833425,5968.44
22-Mar-19,12386.45,12423.05,12239.9,12261.6,-1.01%,108089336,6837.39
25-Mar-19,12175.8,12175.8,12086.9,12136.1,-0.33%,150851762,5470.02
26-Mar-19,12155.9,12344.8,12142.05,12323.45,1.38%,159804312,6229.05
27-Mar-19,12377.7,12419.65,12228.6,12302.85,-0.6%,146143938,7988.03
28-Mar-19,12308.15,12489.9,12293.15,12474.35,1.35%,191039936,10601.87
29-Mar-19,12510.35,12552.75,12418.45,12544.15,0.27%,154720747,8090.59
01-Apr-19,12575.1,12603.3,12453.8,12499.65,-0.6%,108248175,6340.75
02-Apr-19,12547.2,12575.7,12456.5,12538.6,-0.07%,99407784,5662.44
03-Apr-19,12569.6,12652,12486.9,12506.8,-0.5%,109855856,6912.72
04-Apr-19,12528.55,12614.9,12458,12499.7,-0.23%,103267445,6661.1
05-Apr-19,12532,12628.8,12513.1,12594.95,0.5%,82777394,5245.9
08-Apr-19,12635.35,12642.9,12439.05,12504.05,-1.04%,78814959,5352.94
09-Apr-19,12522.95,12587.55,12418.2,12568.1,0.36%,87384311,5681.34
10-Apr-19,12496.95,12569.6,12410.1,12426.65,-0.56%,109709169,11030.33
11-Apr-19,12442.25,12467.1,12399.85,12450,0.06%,65362038,4409.96
12-Apr-19,12450.4,12519.45,12419.6,12495.6,0.36%,61852137,3888.75
15-Apr-19,12526.45,12556.15,12492.9,12535.3,0.07%,51969539,3313.86
16-Apr-19,12584.05,12688.7,12580.25,12663.3,0.63%,76109740,4656.17
18-Apr-19,12723.85,12726.55,12542.2,12567.3,-1.23%,79902472,5040.76
22-Apr-19,12591.8,12598.45,12339.05,12347.05,-1.94%,68209737,4843.63
23-Apr-19,12376.75,12425.55,12286.3,12295.45,-0.66%,73813616,5115.46
24-Apr-19,12321.9,12485.4,12292.45,12466.85,1.18%,72306352,4697.18
25-Apr-19,12491.8,12536.8,12322.15,12344.7,-1.18%,128257499,7322.21
26-Apr-19,12408.25,12519.6,12328.05,12506.1,0.79%,88778011,5538.16
30-Apr-19,12513.55,12572.15,12446.3,12555.45,0.33%,103279751,6818.34
02-May-19,12542.2,12637.05,12517.8,12583.8,0.33%,85516851,5550.35
03-May-19,12604.95,12712.4,12602.85,12637,0.25%,90943687,5402.62
06-May-19,12499.55,12539.55,12444.55,12477.4,-0.18%,73673365,4604.02
07-May-19,12525.85,12568.75,12345.35,12363.65,-1.29%,94847263,5443.28
08-May-19,12345.2,12345.2,12201.15,12216.15,-1.05%,88831618,5395.66
09-May-19,12176.55,12242.2,12121.45,12174.25,-0.02%,74184514,4888.42
10-May-19,12185.55,12324.9,12181.5,12248,0.51%,119010670,6106.46
13-May-19,12242.8,12307.1,12155.45,12179.95,-0.51%,93770316,5427.29
14-May-19,12204.15,12335.6,12125.8,12225.9,0.18%,112527749,6514.99
15-May-19,12282.4,12315.5,12186.7,12209.3,-0.6%,90436201,5631.15
16-May-19,12223.45,12362.25,12174.5,12325.55,0.84%,69152599,4972.85
17-May-19,12334.1,12676.45,12324.65,12640.8,2.49%,96027678,7985.11
20-May-19,12953.2,13263.1,12919.15,13222.45,2.08%,170100355,11326.4
21-May-19,13271.55,13348.45,13056.15,13084.75,-1.41%,116966596,8285.3
22-May-19,13132.3,13224.7,13079.15,13156,0.18%,95221109,6280.17
23-May-19,13332.6,13581.7,12980.7,13028.35,-2.28%,197035341,13092.45
24-May-19,13128.25,13330.25,13062.85,13304.35,1.34%,126330650,7765.8
27-May-19,13323.1,13520.75,13293.95,13498.2,1.31%,102214070,6415.35
28-May-19,13523.15,13523.15,13336.15,13447.2,-0.56%,117835267,9177.64
01-Jan-20,14590.1,14621.65,14543.4,14574.2,-0.11%,65150366,3274.21
02-Jan-20,14578.15,14707.6,14572.9,14697.5,0.82%,91010933,4816.9
03-Jan-20,14644.6,14656.75,14510.85,14560.7,-0.57%,105051074,5820.09
06-Jan-20,14472.8,14493.15,14161.85,14202.5,-1.87%,120943293,7048.64
07-Jan-20,14346.55,14467.5,14226,14314.75,-0.22%,142841913,8091.19
08-Jan-20,14134.85,14321.4,14117.15,14306.65,1.22%,120211251,6751.71
09-Jan-20,14461.15,14604.4,14427.25,14590.1,0.89%,129535970,7262.23
10-Jan-20,14642.8,14693.7,14544.95,14609.65,-0.23%,124949923,6368.8
13-Jan-20,14630.9,14701.6,14604,14635.05,0.03%,87092501,4870.51
14-Jan-20,14644.35,14685.8,14568.65,14667.2,0.16%,91112826,5355.23
15-Jan-20,14637.55,14655.7,14528.3,14636.05,-0.01%,105945952,5837.54
16-Jan-20,14625.05,14697.9,14586.75,14655.35,0.21%,84332728,4929.7
17-Jan-20,14582.5,14636.8,14541.3,14561.8,-0.14%,124311288,6951.66
20-Jan-20,14686.7,14686.7,14346.75,14359.65,-2.23%,125785753,7774.29
21-Jan-20,14308.25,14385.7,14248.3,14305.7,-0.02%,116861155,6701.25
22-Jan-20,14358.7,14396.2,14152.85,14178.5,-1.25%,155739831,7787.38
23-Jan-20,14196.85,14314.7,14145.8,14288.45,0.65%,229307361,8674.99
24-Jan-20,14293.4,14450.7,14229.45,14420.4,0.89%,124151181,6657.8
27-Jan-20,14355.15,14400.1,14213.05,14234.7,-0.84%,139653597,7655.91
28-Jan-20,14278.65,14394.35,14227.85,14273.1,-0.04%,125482695,7590.13
29-Jan-20,14340.85,14409.8,14308,14346.8,0.04%,123527676,8417.45
30-Jan-20,14382.95,14388.35,14247.95,14289.95,-0.65%,112416431,7246.82
31-Jan-20,14389.2,14413.55,14270.25,14316.9,-0.5%,180552208,9775.49
01-Feb-20,14272.3,14378.65,13724.75,13758.85,-3.6%,154966620,9020.7
03-Feb-20,13719.65,13877.3,13647.6,13822.3,0.75%,180774638,9723.42
04-Feb-20,13908,14241.6,13902.85,14218.8,2.23%,167458450,9686.74
05-Feb-20,14245.4,14420.75,14178.3,14407.8,1.14%,161147873,8454.65
06-Feb-20,14427.3,14596.65,14373.25,14545.75,0.82%,247942092,11555.5
07-Feb-20,14551.7,14558.5,14466.4,14502.4,-0.34%,130194129,6450.91
10-Feb-20,14514.75,14520.85,14414.25,14496.75,-0.12%,99115945,5207.05
11-Feb-20,14564.1,14676.3,14562.5,14589.55,0.17%,147951634,7439.98
12-Feb-20,14668.8,14747.7,14632.55,14685.4,0.11%,166566408,8097.02
13-Feb-20,14698.1,14713.7,14539.4,14578.85,-0.81%,137552984,6628.04
14-Feb-20,14596.15,14672.8,14434,14477.45,-0.81%,127052977,6573.83
17-Feb-20,14491,14527.5,14350.2,14370.25,-0.83%,95723762,4959.96
18-Feb-20,14356.3,14367.35,14214.05,14315.7,-0.28%,108150402,5750.03
19-Feb-20,14456.65,14536.7,14374.1,14520.25,0.44%,99514572,5710.32
20-Feb-20,14511.05,14569.95,14438.45,14510.4,0%,170935284,8905.64
24-Feb-20,14398.3,14405.85,14215,14236.15,-1.13%,144900357,8119.47
25-Feb-20,14282.1,14312.85,14202.8,14236.1,-0.32%,127886527,7059.95
26-Feb-20,14156.75,14251.95,14072.45,14132.7,-0.17%,137970847,7888.14
27-Feb-20,14113.25,14113.25,13953.5,14086.05,-0.19%,159372914,8661.49
28-Feb-20,13778.35,13784.65,13520.35,13566.45,-1.54%,233891364,14864.25
02-Mar-20,13824.5,13875.85,13374.25,13520,-2.2%,229845084,11397.72
03-Mar-20,13595.55,13722.15,13478.05,13636.95,0.3%,197749915,10043.88
04-Mar-20,13685,13695.7,13245.45,13439.5,-1.79%,210357904,11488.27
05-Mar-20,13499,13607.7,13394.3,13472.75,-0.19%,272492672,12287.93
06-Mar-20,13027.9,13174.6,12851,13082.5,0.42%,251980382,12342.69
09-Mar-20,12765.75,12780.85,12272.1,12522.2,-1.91%,263819199,13092.52
11-Mar-20,12391.4,12692.7,12383.45,12560.45,1.36%,252460586,12187.08
12-Mar-20,12037.5,12054.45,11293.7,11454.8,-4.84%,331580667,16645.91
13-Mar-20,10830.25,12332,10305.05,12101.6,11.74%,412176509,20278.35
16-Mar-20,11589.65,11600.75,11069.6,11123.4,-4.02%,223248967,11751.22
17-Mar-20,11215.75,11248,10541.7,10613.6,-5.37%,241285462,11234.03
18-Mar-20,10709.45,10753.4,9711.4,9800.3,-8.49%,346700911,15652.54
19-Mar-20,9234.7,10081.6,8866.65,9598.35,3.94%,372356304,16149.81
20-Mar-20,9539.95,10113.3,9175.8,9871.95,3.48%,454848867,17760.44
23-Mar-20,8898.4,9210.2,8239.15,8298.5,-6.74%,273309987,10887.86
24-Mar-20,8623,8746.7,7984.2,8418.7,-2.37%,303850237,12725.91
25-Mar-20,8285.25,9247.85,8256.45,9203.3,11.08%,294945987,12487.45
26-Mar-20,9366.95,10073.85,9174.25,9698.55,3.54%,394293210,16362.04
27-Mar-20,10159,10428.6,9594.6,9754.3,-3.98%,405222974,17741.39
30-Mar-20,9408,9528.55,8993.6,9030.65,-4.01%,254528339,11669.87
31-Mar-20,9327.75,9439.95,9106.2,9317.3,-0.11%,238862005,11909.42
01-Apr-20,9293.9,9319.95,8889.25,8942.55,-3.78%,206865917,9513.47
03-Apr-20,8986.6,8989.5,8521.15,8562.1,-4.72%,258150876,11327.13
07-Apr-20,9072.45,9328.95,8802,9278.3,2.27%,319179446,14985.66
08-Apr-20,9152.6,9814.3,9084.4,9243.45,0.99%,347658511,15555.3
09-Apr-20,9485,9836.35,9424.7,9803,3.35%,267033096,12704.41
13-Apr-20,9814.3,9842.35,9454.7,9500.65,-3.2%,209142336,10082.33
15-Apr-20,9780,9780.1,9136.65,9239.35,-5.53%,294025414,14034.29
16-Apr-20,9191.15,9466.15,9097,9392.6,2.19%,312332970,13396.43
17-Apr-20,9821.6,9972.2,9577.25,9905.55,0.85%,411858140,17128.68
20-Apr-20,10112.5,10142,9898.3,9930.65,-1.8%,341757931,14820.31
21-Apr-20,9612.45,9643.3,9410.35,9468.8,-1.49%,247858144,10692.99
22-Apr-20,9429.8,9607.05,9300.3,9569.2,1.48%,265191133,11592.07
23-Apr-20,9647.95,9851.5,9526.7,9808.95,1.67%,229820943,10935.62
24-Apr-20,9522.6,9619.45,9413.95,9431.85,-0.95%,267032474,12204.09
27-Apr-20,9569.1,9749.5,9557.8,9627.6,0.61%,239744655,12387.27
28-Apr-20,9766.45,9978.4,9696.1,9951.2,1.89%,244696501,13129.2
29-Apr-20,9919.4,10392.85,9900.5,10292.9,3.77%,352449698,17536.88
30-Apr-20,10504.1,10695.45,10476,10570.8,0.63%,292221446,14220.22
04-May-20,10120.65,10128.2,9627.1,9679.95,-4.35%,236130769,10364.1
05-May-20,9856,9912.35,9460,9483.15,-3.78%,302022710,13004.83
06-May-20,9524.4,9806.95,9385.85,9727,2.13%,325607262,14594.25
07-May-20,9668.7,9737.85,9557.8,9575.75,-0.96%,206619838,9049.27
08-May-20,9751.85,9775.8,9535.9,9559.35,-1.97%,230156348,9324.63
11-May-20,9684,9729.45,9362.65,9386.05,-3.08%,267408214,10830.18
12-May-20,9271.6,9417.25,9052.75,9365.85,1.02%,311078165,13610.74
13-May-20,9867.85,9909.5,9604.9,9679.6,-1.91%,395195279,15292.01
14-May-20,9499.85,9581.65,9337.2,9355.65,-1.52%,303269159,12950.23
15-May-20,9386.35,9391.3,9195.3,9291.6,-1.01%,194006302,8428.83
18-May-20,9275.4,9275.65,8654,8675.4,-6.47%,356525441,13654
19-May-20,8920.05,8986.65,8650.15,8715.25,-2.3%,310195113,12675.66
20-May-20,8737.85,9033.85,8716.95,8983.5,2.81%,258470205,11723.07
21-May-20,9019.35,9142.95,8900.65,8924.35,-1.05%,243602021,11080.58
22-May-20,8846.25,9001.1,8574.5,8651.7,-2.2%,373304804,15750.49
26-May-20,8750.1,8869.8,8634.1,8673.65,-0.87%,231658584,11048.4
27-May-20,8743,9235.05,8687.1,9181.5,5.02%,403953339,18270.06
28-May-20,9274.25,9521.7,9246.35,9426.65,1.64%,356977908,16595.56
01-Jan-21,15215.4,15282.45,15156.65,15184.5,-0.2%,82922032,5707.89
04-Jan-21,15289.65,15290.9,15016.8,15193.05,-0.63%,124986679,9011.42
05-Jan-21,15159.3,15405.45,15105.75,15380.55,1.46%,151866653,12251.95
06-Jan-21,15444.2,15451.9,15281.35,15393.95,-0.33%,161662928,12335.26
07-Jan-21,15529.8,15540.6,15400.45,15424.55,-0.68%,136411332,11376.64
08-Jan-21,15557.1,15557.55,15430.85,15511.15,-0.3%,136333168,11213.37
11-Jan-21,15613.5,15626.85,15493.25,15605.1,-0.05%,111368082,9646.5
12-Jan-21,15554.55,15733,15510.35,15711.95,1.01%,136722248,11126.8
13-Jan-21,15803.45,15848.25,15480.4,15624.05,-1.14%,184510225,13120.47
14-Jan-21,15615.35,15692.7,15567.6,15608.95,-0.04%,113974944,9417.43
15-Jan-21,15576.9,15613.85,15364.35,15453.45,-0.79%,124810953,8943.29
18-Jan-21,15484,15525.35,15193.9,15246.15,-1.54%,173278936,13768.91
19-Jan-21,15356.2,15648.8,15269.15,15614.1,1.68%,140163221,11880.58
20-Jan-21,15613.8,15703.35,15541.85,15663,0.32%,115537685,9998.43
21-Jan-21,15721.2,15748.45,15463.65,15546.7,-1.11%,131686342,14124.71
22-Jan-21,15530.75,15538.1,15115.95,15141.8,-2.5%,154060301,11841.89
25-Jan-21,15323.4,15447.8,15102.35,15143.65,-1.17%,156492680,13736.76
27-Jan-21,15156.75,15156.75,14687.75,14723.9,-2.86%,158771900,12480.02
28-Jan-21,14510.35,14634.95,14352.2,14602.85,0.64%,225374114,16789.13
29-Jan-21,14768.55,14876.4,14545.35,14593.3,-1.19%,222044858,16931.05
01-Feb-21,14779.8,15770.75,14732.65,15702.45,6.24%,299250595,20681.22
02-Feb-21,15943.45,16455.45,15928.45,16208.9,1.66%,301623793,22620.01
03-Feb-21,16360.1,16452.45,16074.85,16403.65,0.27%,200731060,14283.55
04-Feb-21,16379,16633.55,16190.5,16606.9,1.39%,277559117,18972.01
05-Feb-21,16643.7,16987.55,16641.1,16724,0.48%,363626201,24926.97
08-Feb-21,16917.35,17036.55,16806.8,16862.3,-0.33%,172099621,13324.58
09-Feb-21,16931.75,17080.6,16747.1,16904.9,-0.16%,173899680,13380.23
10-Feb-21,16903.1,16992.7,16730.25,16869.35,-0.2%,180295313,14575.98
11-Feb-21,16806.75,16950.25,16790.05,16861.85,0.33%,122038476,9361.84
12-Feb-21,16843.2,17077.55,16839.55,17016.3,1.03%,149260800,10222.93
15-Feb-21,17175.1,17556.05,17141.25,17504.9,1.92%,214686831,14911.98
16-Feb-21,17564.1,17654.45,17320.85,17448.3,-0.66%,199389177,13696.29
17-Feb-21,17392,17457.45,17218.45,17255.6,-0.78%,166450377,12468.66
18-Feb-21,17296.4,17302.9,16923.35,17000.6,-1.71%,173180360,12573.12
19-Feb-21,16901.1,17035.9,16634.15,16747.1,-0.91%,170973267,12161.35
22-Feb-21,16754.4,16832.55,16404.6,16479.2,-1.64%,179979792,13242.04
23-Feb-21,16589.8,16636.75,16351.9,16394.8,-1.18%,145095853,11424.92
24-Feb-21,16408.15,17007.7,16371.2,16951.45,3.31%,107835423,8599.5
25-Feb-21,17052.2,17214,16892.7,16919.3,-0.78%,189960907,14185.73
26-Feb-21,16618.25,16636.6,16011.25,16085.25,-3.21%,254867805,20648.94
01-Mar-21,16314.45,16462.35,16199.9,16372.85,0.36%,121578899,9495.47
02-Mar-21,16458.6,16543.95,16220.5,16398.6,-0.36%,119708244,9667.36
03-Mar-21,16577.05,16884.35,16493.05,16854.4,1.67%,145072394,11196.98
04-Mar-21,16516.05,16731.3,16445.3,16550.6,0.21%,157504563,11523.65
05-Mar-21,16408.5,16497.45,16223.3,16345.95,-0.38%,174454759,12255.24
08-Mar-21,16432.8,16541.95,16214.45,16285.45,-0.9%,126223538,9294.41
09-Mar-21,16451.9,16689.15,16437.85,16649.75,1.2%,149587575,11818.6
10-Mar-21,16745.45,16772.55,16610.35,16689.7,-0.33%,101721846,8161.37
12-Mar-21,16962.85,16962.85,16387,16506.35,-2.69%,177605670,13179.53
15-Mar-21,16518.3,16518.3,16056.2,16301.25,-1.31%,156653716,10882.77
16-Mar-21,16382.65,16412.8,16142.5,16167.15,-1.32%,114304711,8250.5
17-Mar-21,16219.35,16295.05,15937.75,15977.4,-1.49%,120144925,8862.76
18-Mar-21,16135.15,16202.1,15774.15,15848.6,-1.78%,139416064,9922.61
19-Mar-21,15733.1,16091.25,15642.9,15985.35,1.6%,206513403,13861.59
22-Mar-21,15967.45,15984.6,15668.95,15802.25,-1.03%,124772498,8957.17
23-Mar-21,15854.05,16023.5,15748.1,15944.4,0.57%,145868135,10577.88
24-Mar-21,15818.6,15863.75,15574.05,15604.45,-1.35%,130586022,9148.73
25-Mar-21,15677.9,15708.3,15287.65,15474.75,-1.3%,170177058,11991.56
26-Mar-21,15728.55,15801.05,15614.7,15717.2,-0.07%,127285771,9569.76
30-Mar-21,15866.4,16067.9,15850.55,16037.85,1.08%,157387250,11887.51
31-Mar-21,15991.6,15994.6,15662.8,15715.6,-1.73%,134125101,11065.09
01-Apr-21,15845.25,15942.15,15638.05,15909.25,0.4%,115534474,10082.59
05-Apr-21,15847.65,15866.7,15231.6,15392.1,-2.87%,144862662,10678.29
06-Apr-21,15512.5,15548.9,15281.35,15394.85,-0.76%,128047299,8769.07
07-Apr-21,15421.2,15662.5,15283.7,15577.55,1.01%,144314376,10747.87
08-Apr-21,15650.8,15736.3,15473.9,15525.15,-0.8%,113123527,8221.51
09-Apr-21,15490,15591.7,15369.6,15412.5,-0.5%,132414933,10481.43
12-Apr-21,15054.65,15068,14600.65,14711,-2.28%,203782546,13083.65
13-Apr-21,14753.45,15234.1,14693,15209.15,3.09%,157686890,11529.31
15-Apr-21,15300.45,15411.95,15050.25,15387.4,0.57%,170334883,12773.43
16-Apr-21,15404.35,15479.75,15326,15362.25,-0.27%,117539278,8799.51
19-Apr-21,14900.4,15043.75,14675.45,15006.55,0.71%,156106376,11602.36
20-Apr-21,15204.6,15255.4,14830.25,14922.1,-1.86%,163985425,13191.73
22-Apr-21,14778.25,15264.65,14690.15,15239.5,3.12%,169419501,13007.26
23-Apr-21,15095.65,15381.7,15049.8,15238.25,0.94%,169633310,12135.6
26-Apr-21,15436.05,15577.35,15377,15436.9,0.01%,228372173,15344.64
27-Apr-21,15423.7,15615.9,15389.75,15589.25,1.07%,184370946,13018.07
28-Apr-21,15630.65,16062.45,15610.45,16039.75,2.62%,207931300,18893.01
29-Apr-21,16133.35,16297.55,15903.7,16047.05,-0.53%,188144024,17154.95
30-Apr-21,15790.8,15872.95,15526.6,15560.1,-1.46%,179686908,14793.67
03-May-21,15338.7,15575.75,15238.75,15529.2,1.24%,139162228,11640.5
04-May-21,15588.15,15721.9,15377.8,15401.6,-1.2%,166169520,13050.11
05-May-21,15531.9,15607.5,15313.3,15556.9,0.16%,127860895,10352.39
06-May-21,15622.15,15681.95,15526.35,15654.7,0.21%,108358428,7942.95
07-May-21,15786.65,15847.8,15662.95,15771.05,-0.1%,108597572,8746.44
10-May-21,15900.9,15974.15,15855,15904.75,0.02%,118722290,8655.1
11-May-21,15678.8,15821.8,15631.8,15699.9,0.13%,130290910,8467.51
12-May-21,15631.85,15633.15,15457.35,15507.35,-0.8%,135036824,8842.47
14-May-21,15517.95,15554.5,15347.65,15412.35,-0.68%,117651874,7871.11
17-May-21,15533.05,15928.65,15467.6,15905.2,2.4%,196351018,12475.48
18-May-21,16079.4,16208.85,16034.55,16140.15,0.38%,166070735,12652.71
19-May-21,16067.85,16168.9,15954.6,15981.45,-0.54%,119644664,8659.49
20-May-21,16002.85,16047.95,15809.8,15832.4,-1.07%,138383363,8836.77
21-May-21,15950.8,16373.1,15948.25,16339.85,2.44%,298559148,16394.41
24-May-21,16399.75,16556.9,16303.7,16444.6,0.27%,232519070,13845.56
25-May-21,16523.5,16535.4,16243.55,16327.9,-1.18%,133770123,9367.93
26-May-21,16381.1,16458.7,16274.7,16413.3,0.2%,121302784,9953.49
27-May-21,16420.75,16492.65,16290.95,16438.9,0.11%,236916983,18441.02
28-May-21,16531.6,16603.05,16433.15,16495.3,-0.22%,159920613,11119.76
31-May-21,16476.1,16690.55,16383.7,16663.65,1.14%,128700153,9424.13
03-Jan-22,17377.95,17788.45,17371.35,17761.05,2.2%,61376963,5664.86
04-Jan-22,17816.35,17994.35,17726.85,17972.95,0.88%,76597784,6517.99
05-Jan-22,18027.6,18395.4,17973.5,18336.65,1.71%,93791463,10669.7
06-Jan-22,18111.6,18284.75,18016.8,18174.8,0.35%,69285331,7622.97
07-Jan-22,18215.15,18356.55,18070.85,18206.05,-0.05%,79927067,8334.14
10-Jan-22,18282.7,18503.9,18282.7,18483.85,1.1%,66775939,6777.43
11-Jan-22,18487.1,18562.85,18381.85,18538.8,0.28%,66202974,6570.31
12-Jan-22,18660.25,18747.65,18613.6,18684.75,0.13%,76710193,7862.52
13-Jan-22,18705.1,18705.1,18560.4,18611.8,-0.5%,70932023,7639.24
14-Jan-22,18508.05,18603.6,18412,18566.1,0.31%,56764189,5580.42
17-Jan-22,18504,18688.4,18478.65,18521.65,0.1%,74454490,7106.71
18-Jan-22,18590.3,18730.1,18429.1,18468.7,-0.65%,86713109,8138.41
19-Jan-22,18488.05,18488.05,18170.45,18269.95,-1.18%,75645007,10159.46
20-Jan-22,18286.15,18319,17988,18137.95,-0.81%,79109760,9710.67
21-Jan-22,17974.35,18114.3,17858.1,18047.05,0.4%,79993068,8379.78
24-Jan-22,18019.9,18039.5,17389,17633.45,-2.14%,104316024,10302.79
25-Jan-22,17445.55,17829.2,17324.15,17789.8,1.97%,127203072,12123.68
27-Jan-22,17509.3,17834.6,17386,17763.15,1.45%,151816987,14420.06
28-Jan-22,17878.05,17995.85,17634.15,17673.55,-1.14%,110332844,10835.87
31-Jan-22,17856.8,17931.4,17707.35,17836.25,-0.12%,109046391,9196.76
01-Feb-22,18065.9,18218.15,17702.55,18060.25,-0.03%,113551661,10275.75
02-Feb-22,18207.1,18430.75,18178.2,18408.8,1.11%,98810815,9488.68
03-Feb-22,18394.55,18429.25,18090.9,18153.3,-1.31%,103034221,7996.76
04-Feb-22,18221.45,18241.05,17978.65,18071.7,-0.82%,111889909,8016.12
07-Feb-22,17970.5,18066.4,17534.95,17607.85,-2.02%,121794459,9789.85
08-Feb-22,17695.7,17719.7,17379.6,17632.55,-0.36%,103303760,9706.36
09-Feb-22,17761.55,17879.95,17716.45,17860.35,0.56%,74256714,7143.41
10-Feb-22,17967.05,18145.8,17819.2,18068.35,0.56%,97743463,9415.45
11-Feb-22,17859.2,17907.7,17730.6,17803,-0.31%,85570673,7498.48
14-Feb-22,17439.8,17488.45,17022.4,17059.1,-2.18%,111114554,9539.4
15-Feb-22,17119.4,17613.3,16976.8,17584.45,2.72%,106831301,9998.79
16-Feb-22,17654.85,17773.1,17488.95,17544.25,-0.63%,120348960,9206.38
17-Feb-22,17607.45,17655.75,17408.9,17479.35,-0.73%,82504535,7593.6
18-Feb-22,17406.2,17617.9,17384.3,17524.95,0.68%,64063982,5737.35
21-Feb-22,17420.35,17669.85,17305.75,17530.15,0.63%,65151059,5727.11
22-Feb-22,17136,17567.85,17129,17462.7,1.91%,92928495,8371.16
23-Feb-22,17586.35,17628.4,17392.4,17428.75,-0.9%,69108646,7010.02
24-Feb-22,16847.75,17076.5,16448.45,16531.55,-1.88%,145479297,12241.23
25-Feb-22,16836.65,17142.3,16772.9,17028.9,1.14%,106902026,8853.3
28-Feb-22,16810,16974,16645.4,16936.3,0.75%,115499694,11418.29
02-Mar-22,16573.65,16636.5,16375.7,16551.9,-0.13%,157541576,14151.62
03-Mar-22,16652.8,16729.75,16277.8,16359.05,-1.76%,95494753,9166.25
04-Mar-22,16188.9,16373.15,15938.15,16080.15,-0.67%,99531953,9264.55
07-Mar-22,15567.8,15627.55,15220.15,15391.15,-1.13%,145588059,12437.55
08-Mar-22,15239.9,15566.1,15042.45,15528.85,1.9%,171371954,14781.73
09-Mar-22,15565.4,15930.75,15428.9,15845.5,1.8%,146272575,12659.8
10-Mar-22,16467,16511.6,15990.95,16134.95,-2.02%,152026328,12856.9
11-Mar-22,16055.4,16316.35,15952.45,16165.2,0.68%,93452194,7857.75
14-Mar-22,16203,16555.9,16167.7,16514.25,1.92%,106737983,9144.75
15-Mar-22,16570.7,16651.8,16225.8,16352.1,-1.32%,119103403,10413.68
16-Mar-22,16596.5,16742.4,16557.35,16675.5,0.48%,85327294,8040.13
17-Mar-22,16952.05,17196.35,16939.75,17137.4,1.09%,122023060,10956.74
21-Mar-22,17224.35,17236.5,16898.6,16936.9,-1.67%,74397567,6814.54
22-Mar-22,16927.15,17132.85,16686.75,17087.15,0.95%,87040965,8205.68
23-Mar-22,17207.15,17277.75,16898.8,16936.75,-1.57%,73341794,7740.42
24-Mar-22,16712.95,16859.8,16628.65,16672,-0.25%,97811348,10206.69
25-Mar-22,16770.5,16773.45,16531.25,16616.7,-0.92%,67109487,6507.04
28-Mar-22,16657.15,16687.8,16374.9,16667.95,0.06%,74388440,7079.17
29-Mar-22,16774.45,16884.3,16676.9,16836.65,0.37%,66916355,6258.41
30-Mar-22,17017.85,17181.45,16936.55,17167.05,0.88%,100495511,9392.99
31-Mar-22,17204.7,17318.05,17115.1,17147.15,-0.33%,84617749,8697.21
01-Apr-22,17093.25,17501.5,17067.5,17467.15,2.19%,77555738,7050.56
04-Apr-22,17853,18624.5,17813.95,18277.2,2.38%,180582044,25271.91
05-Apr-22,18286.05,18298.25,17936.85,17989.3,-1.62%,120725332,12927.05
06-Apr-22,17820.35,17883.8,17679.2,17703.5,-0.66%,91018943,8973.95
07-Apr-22,17600.95,17748.8,17537.9,17577.4,-0.13%,105249533,11316.77
08-Apr-22,17647.65,17733.5,17482.3,17667.3,0.11%,103056458,11831.03
11-Apr-22,17586.1,17702.1,17534.45,17567.8,-0.1%,70319076,7165.22
12-Apr-22,17473.25,17650.95,17424.6,17572.15,0.57%,80025513,8480.09
13-Apr-22,17644.8,17689.25,17391.7,17419.6,-1.28%,72972536,7769.66
18-Apr-22,17124.35,17172.3,16931.95,17034.65,-0.52%,104712550,11334.65
19-Apr-22,17068.7,17100.75,16525.4,16708.9,-2.11%,144221656,16635.61
20-Apr-22,16775.05,16790.2,16585,16702.4,-0.43%,85722521,9856.37
21-Apr-22,16800.35,16994.7,16728.7,16959.95,0.95%,78427023,9047.41
22-Apr-22,16789.9,16847.2,16641.15,16664.45,-0.75%,76648974,7787.97
25-Apr-22,16545.25,16715.95,16434.4,16639.95,0.57%,91515199,8290.13
26-Apr-22,16831.5,16856.1,16720.2,16804.8,-0.16%,80038993,7569.77
27-Apr-22,16654.2,16681.7,16469.1,16557.7,-0.58%,88749318,9940.28
28-Apr-22,16637.25,16744.55,16505.05,16713.15,0.46%,93659827,9688.83
29-Apr-22,16772.15,16927.3,16580.3,16636.55,-0.81%,123698912,12298.57
02-May-22,16403.25,16700.45,16400.25,16671.95,1.64%,80180988,7834.04
04-May-22,16698,16732.2,16177.5,16236.95,-2.76%,92317300,9766.16
05-May-22,16422.55,16540.75,16221.4,16261.55,-0.98%,70319409,7245.14
06-May-22,15959.55,16008.95,15835.5,15895.35,-0.4%,94956033,9912.23
09-May-22,15656.35,15957.95,15634.3,15844.1,1.2%,84969556,8710.88
10-May-22,15803.4,16067.6,15802.85,15929.9,0.8%,68721903,6840.14
11-May-22,16033.5,16073.7,15769.3,15974.7,-0.37%,79463785,7614.33
12-May-22,15797,15828.95,15400.4,15487.5,-1.96%,92687578,9098.47
13-May-22,15647.2,15674.75,15247.15,15291.7,-2.27%,129129289,10112.63
16-May-22,15342.4,15584.65,15247.55,15492.85,0.98%,71436141,6038.84
17-May-22,15568.25,15835,15505.3,15810.5,1.56%,69595840,6826.11
18-May-22,15878.2,15981.95,15740.85,15765.9,-0.71%,74480101,7409.15
19-May-22,15430.95,15525.5,15347.95,15397.9,-0.21%,76790499,7226.52
20-May-22,15600.5,15827.3,15548.05,15793.6,1.24%,64489626,6315.64
23-May-22,15828.3,16017.3,15702.8,15759.55,-0.43%,72610046,6937.15
24-May-22,15739.35,15932.65,15703.45,15809.85,0.45%,72847255,6981.82
25-May-22,15904.15,16023.1,15874.7,15918.1,0.09%,65814990,6556.91
26-May-22,16035.45,16285.4,15919.5,16231.3,1.22%,87537384,8868.37
27-May-22,16336.25,16513.7,16301.35,16476.05,0.86%,70821769,7782.5
30-May-22,16658.85,16721.9,16599.75,16629.2,-0.18%,57759039,6555.5
02-Jan-23,18982.5,19123.5,18937.15,19074.45,0.48%,61011406,3416.58
03-Jan-23,19041.55,19219.55,19041.55,19196.05,0.81%,111762851,6223.87
04-Jan-23,19172.6,19257.05,18966.75,19007,-0.86%,85837737,6308.02
05-Jan-23,19042.15,19045.2,18670.15,18782.2,-1.37%,89654991,9920.79
06-Jan-23,18808.65,18816.45,18500.1,18603.75,-1.09%,101326348,8436.6
09-Jan-23,18687.6,18805.1,18608.05,18731.55,0.24%,91407593,7850.18
10-Jan-23,18758.2,18771.6,18412.4,18474.05,-1.51%,80049839,6768.97
11-Jan-23,18485.8,18608.95,18347.3,18566.6,0.44%,73911800,6357.39
12-Jan-23,18571.1,18632.35,18411.55,18540.05,-0.17%,77191780,7149.96
13-Jan-23,18567.15,18682.45,18453.9,18646.2,0.43%,76247865,7031.89
16-Jan-23,18763.1,18794.85,18461.05,18506.25,-1.37%,68467308,6635.09
17-Jan-23,18531.2,18632.45,18447.2,18604.25,0.39%,74215689,6347.07
18-Jan-23,18617.1,18785.2,18560.1,18753.5,0.73%,78328669,7588.44
19-Jan-23,18740.15,18797,18685,18739.7,0%,58712048,5718.22
20-Jan-23,18799.75,18873,18751.7,18772.4,-0.15%,69458422,6546.39
23-Jan-23,18897.3,18961.85,18843.35,18887.5,-0.05%,69534191,7298.33
24-Jan-23,18957.55,19003.8,18844.9,18890,-0.36%,80223011,8488.92
25-Jan-23,18869.1,18886.1,18447.05,18488.55,-2.02%,109966823,8396.2
27-Jan-23,18372.65,18383.55,17916.55,18030.85,-1.86%,182363616,14902.87
30-Jan-23,17836.1,18175.65,17707.45,18091.25,1.43%,155118313,13845.89
31-Jan-23,18155.1,18175.7,17950.5,18095,-0.33%,127916526,11598.4
01-Feb-23,18294.9,18658.65,17715.65,18084.8,-1.15%,195397292,16089.77
02-Feb-23,17839.5,18085.6,17747.9,18022.15,1.02%,139073959,11684.57
03-Feb-23,18132.15,18462.15,18074.65,18447.65,1.74%,110187727,9352.95
06-Feb-23,18440.8,18510.2,18296.85,18371.6,-0.38%,88329407,7234.78
07-Feb-23,18421.65,18455.95,18242.9,18395.65,-0.14%,77140323,6669.95
08-Feb-23,18415.5,18566.75,18405.35,18485.95,0.38%,73540986,6564.03
09-Feb-23,18525.45,18538,18396.65,18511.8,-0.07%,72439405,6655.16
10-Feb-23,18476.25,18565.45,18463.9,18516.2,0.22%,58780396,5391.78
13-Feb-23,18504.05,18540.1,18342.15,18428.95,-0.41%,69491944,5381.51
14-Feb-23,18483.85,18619.5,18425.6,18595.7,0.61%,82190041,6407.6
15-Feb-23,18595.1,18663,18494.95,18636.95,0.23%,69566740,6018.34
16-Feb-23,18714.05,18738.85,18541.85,18587.8,-0.67%,60064707,5257.21
17-Feb-23,18539.15,18555.8,18317.4,18434.1,-0.57%,62695902,5473.75
20-Feb-23,18473.6,18503.8,18208.55,18252.55,-1.2%,64537798,5042.12
21-Feb-23,18295.7,18378.35,18215.4,18262.45,-0.18%,78083689,5941.85
22-Feb-23,18186.05,18204.55,17905.2,17941.25,-1.35%,80071698,6398.35
23-Feb-23,17926.5,17984.65,17763.75,17912.1,-0.08%,82606213,7789.28
24-Feb-23,18022.25,18036.75,17827.95,17864.1,-0.88%,65078168,6119.7
27-Feb-23,17819.55,18037,17787.1,18001.4,1.02%,66642254,5925.86
28-Feb-23,17969.7,18059.85,17909.45,17989.65,0.11%,100014616,9385.77
01-Mar-23,18083.5,18136.1,18037.95,18100.3,0.09%,78212590,6552.6
02-Mar-23,18070.2,18144.15,17920.4,17946.95,-0.68%,75010398,6970.25
03-Mar-23,18070.35,18322.8,18024.25,18264.5,1.07%,93156323,7454.34
06-Mar-23,18336.35,18466.2,18320.2,18369.55,0.18%,102593010,8978.03
08-Mar-23,18316,18410.9,18272.3,18393.2,0.42%,116073771,9845.48
09-Mar-23,18374.95,18445.7,18237.2,18255.5,-0.65%,100511067,8238.09
10-Mar-23,18077.3,18088,17863.2,17927.75,-0.83%,95666600,8711.38
13-Mar-23,17907.55,18079,17584,17635,-1.52%,97874798,8936.77
14-Mar-23,17617.5,17717.65,17456.45,17545.75,-0.41%,115709458,11203.74
15-Mar-23,17693.45,17746.25,17361.85,17410.75,-1.6%,108287600,8410.72
16-Mar-23,17429.95,17564.45,17261.3,17463.9,0.19%,109338231,8507.57
17-Mar-23,17577.05,17728.85,17386.2,17671.4,0.54%,120699358,9560.89
20-Mar-23,17665.8,17665.8,17379.95,17549.75,-0.66%,101940646,9902.46
21-Mar-23,17660.3,17830.35,17593.7,17806.8,0.83%,117600356,10189.17
22-Mar-23,17869.4,17895.5,17783.25,17863.45,-0.03%,79113536,7196.18
23-Mar-23,17790.7,17967.05,17716.25,17746.55,-0.25%,96926317,9033.18
24-Mar-23,17688.65,17788.45,17579.95,17623.4,-0.37%,95994845,9305.11
27-Mar-23,17659.8,17727.95,17555.5,17616.05,-0.25%,96909093,8743.31
28-Mar-23,17668.45,17698.25,17589.15,17664.45,-0.02%,105233061,9540.2
29-Mar-23,17702.95,17856.4,17693.95,17793.85,0.51%,133155435,12039.79
31-Mar-23,17924.15,18090.25,17903.7,18058.7,0.75%,120364304,11077.21
03-Apr-23,18096.65,18185.15,18041.75,18164.75,0.38%,110758378,10668.52
05-Apr-23,18221.25,18390.4,18197.6,18372.15,0.83%,110738919,12034.34
06-Apr-23,18345.65,18510.55,18303.8,18462.15,0.64%,182266896,14509.81
10-Apr-23,18487.4,18493.35,18348.2,18390.7,-0.52%,140426028,10725.29
11-Apr-23,18518.7,18606.9,18447.4,18588.55,0.38%,165434728,15410.95
12-Apr-23,18618.45,18726.75,18587.05,18702.05,0.45%,109199699,9673.07
13-Apr-23,18718.9,18878.3,18661.9,18854.3,0.72%,147860699,13539.77
17-Apr-23,19103.5,19103.5,18665.05,18827.25,-1.45%,148552335,14167.82
18-Apr-23,18890,18896.4,18718.35,18764.6,-0.66%,134799583,11681.98
19-Apr-23,18783.35,18794.45,18704.2,18768.65,-0.08%,111351595,9889.93
20-Apr-23,18793.5,18851.35,18733.75,18790.3,-0.02%,103345873,9605.09
21-Apr-23,18786.35,18843.3,18671.55,18753.75,-0.17%,113545418,9380.85
24-Apr-23,18910.4,19006.35,18822.65,18992.95,0.44%,145617822,12596.44
25-Apr-23,19010.5,19050.25,18934.3,18961.85,-0.26%,189721390,18349.4
26-Apr-23,18929.15,19024,18859.85,19003,0.39%,123033712,11138.42
27-Apr-23,18976.7,19118.75,18970.7,19097.15,0.63%,131719772,14470.47
28-Apr-23,19109.45,19189.05,18977.75,19162.55,0.28%,148543583,12601.01
02-May-23,19229.5,19265.2,19168.05,19208.05,-0.11%,136176344,11350.53
03-May-23,19151.55,19200.45,19091.8,19182.25,0.16%,99682700,8965.95
04-May-23,19161.85,19501.2,19152.5,19479.35,1.66%,132691423,13981.58
05-May-23,19104.15,19306.75,18995.35,19023.85,-0.42%,154273444,15423.01
08-May-23,19079.4,19353.4,19055.65,19303.95,1.18%,101610789,11646.58
09-May-23,19360.45,19424.9,19238.15,19274.7,-0.44%,120857032,13126.91
10-May-23,19306,19356.15,19138.1,19337.15,0.16%,118693400,11559.32
11-May-23,19428.15,19517.65,19366.75,19401.5,-0.14%,108359684,10207.08
12-May-23,19366.7,19556.35,19335.85,19507.15,0.73%,103171119,8490.26
15-May-23,19519.8,19631.85,19461.4,19583.2,0.32%,85245969,7317.76
16-May-23,19584.55,19584.55,19392.65,19439,-0.74%,139416863,11959.78
17-May-23,19460.7,19461.3,19206.4,19301.35,-0.82%,113088675,10042.94
18-May-23,19421.75,19485.55,19332.05,19363.75,-0.3%,150835398,13605.5
19-May-23,19443.2,19446.1,19266.85,19420.2,-0.12%,115183041,10062.42
22-May-23,19405.4,19448.85,19310.75,19386.2,-0.1%,98097016,8814.65
23-May-23,19437.15,19465.35,19356.75,19397.8,-0.2%,95010640,9341.45
24-May-23,19309.1,19433.25,19227.15,19243,-0.34%,87442719,9030.82
25-May-23,19219.55,19255.9,19118.4,19239.3,0.1%,98494015,9741.71
26-May-23,19276.5,19391.45,19200.65,19370.5,0.49%,75200503,8225.66
29-May-23,19516.95,19614.1,19476.5,19532.7,0.08%,105612318,9350.24
30-May-23,19518.2,19636.9,19493.55,19606.05,0.45%,120444322,11505.26
01-Jan-24,21449.25,21551.45,21376.5,21457.1,0.04%,99476763,6143.51
02-Jan-24,21453.7,21465.8,21299.1,21346.15,-0.5%,120622084,10561.38
03-Jan-24,21362.15,21368.3,21216.55,21256.55,-0.49%,104984316,9653.58
04-Jan-24,21346.75,21551.55,21329.1,21516.6,0.8%,137421486,13370.91
05-Jan-24,21529.95,21602.1,21380.4,21514.2,-0.07%,105208580,10762.6
08-Jan-24,21511.95,21554.05,21270.15,21292.45,-1.02%,89942534,9168.09
09-Jan-24,21385.45,21479.45,21155.4,21197.25,-0.88%,108328488,10038.64
10-Jan-24,21138.85,21256.95,21095.85,21224.3,0.4%,90709240,8087.23
11-Jan-24,21299.25,21382.75,21170.8,21249.2,-0.23%,84386651,7794.43
12-Jan-24,21303.75,21371.95,21217.9,21300.7,-0.01%,93204242,8301.49
15-Jan-24,21374.5,21499.35,21336.7,21461.35,0.41%,111099511,10497.95
16-Jan-24,21444.05,21513.5,21415,21447.15,0.01%,113416090,10271.9
17-Jan-24,20733.7,21015.8,20486.9,20528.9,-0.99%,310235134,29891.67
18-Jan-24,20245.95,20522.1,20194.75,20324.05,0.39%,236264043,22232.24
19-Jan-24,20510.35,20604.9,20371.15,20425.35,-0.41%,183547521,17507.71
20-Jan-24,20548.95,20619.5,20412.65,20542.05,-0.03%,90491502,7225.59
23-Jan-24,20735.5,20771.85,20081.3,20137.05,-2.89%,280790077,27030.16
24-Jan-24,19878.55,20324.5,19878.55,20206.4,1.65%,220240456,20001.27
25-Jan-24,20204.15,20234.9,19941.3,20099.4,-0.52%,185143381,18697.48
29-Jan-24,20246.4,20465,20235.75,20413.35,0.82%,202498431,17587.07
30-Jan-24,20392.15,20466.3,20242.7,20285.5,-0.52%,165410209,15976.92
31-Jan-24,20249.25,20587.45,20160.55,20497.5,1.23%,165554377,16802.8
01-Feb-24,20555.95,20570.2,20355.7,20516.65,-0.19%,130895977,12091.4
02-Feb-24,20661.05,20817.5,20408.3,20434.05,-1.1%,132422150,12582.3
05-Feb-24,20441.35,20458.05,20260,20315.85,-0.61%,133559363,12374.07
06-Feb-24,20351.8,20391,20240.55,20365.5,0.07%,140575561,12701.09
07-Feb-24,20463.45,20537.6,20357.85,20443.65,-0.1%,183647970,14728.82
08-Feb-24,20496.65,20542.85,20021.35,20064.7,-2.11%,208478742,19111.3
09-Feb-24,20037.85,20233.55,19958.6,20203.3,0.83%,202663669,15738.6
12-Feb-24,20198.4,20231.55,19822.05,19918.5,-1.39%,134976766,10624.83
13-Feb-24,19984.3,20272.1,19920.05,20190.5,1.03%,146429923,13733.14
14-Feb-24,19976.65,20394,19941.1,20325.55,1.75%,155207093,15632.02
15-Feb-24,20372.2,20442.95,20205.35,20416.15,0.22%,113011995,11051.92
16-Feb-24,20526,20552.3,20401.9,20472.75,-0.26%,,
19-Feb-24,20543.4,20611.75,20466.55,20548.9,0.03%,84166855,9274.96
20-Feb-24,20517.45,20818.2,20482.2,20800.85,1.38%,107092214,11862.1
21-Feb-24,20897.3,20897.3,20631.45,20686.75,-1.01%,111170099,11161.19
22-Feb-24,20635.05,20712,20440.9,20665.9,0.15%,116873320,12010.61
23-Feb-24,20717.7,20794.65,20645,20677.1,-0.2%,87644418,8897.82
26-Feb-24,20585.85,20724.2,20585.25,20619.7,0.16%,85616498,8393.86
27-Feb-24,20564.85,20631.3,20527.95,20552.9,-0.06%,119210293,11790.4
28-Feb-24,20577.05,20627.9,20293.35,20340.4,-1.15%,89805160,8177.38
29-Feb-24,20306.85,20495.4,20234.75,20407.9,0.5%,154700730,16118.11
01-Mar-24,20446.1,20863.65,20446.1,20842.7,1.94%,96295847,9554.42
02-Mar-24,20884.05,20906.5,20827.7,20848.25,-0.17%,14554274,635.87
04-Mar-24,20852.15,20959.8,20807,20927.25,0.36%,121313194,9183.89
05-Mar-24,20846.5,20958.25,20814.5,20854.5,0.04%,113369435,11382.42
06-Mar-24,20815.65,21064.75,20802.7,20986.15,0.82%,168998617,16182.24
07-Mar-24,21017.95,21063.8,20947.85,21005.85,-0.06%,108013373,11345.41
11-Mar-24,21001.4,21020.4,20833.25,20862.55,-0.66%,132580425,12771.65
12-Mar-24,20867.95,21069.85,20647.85,20897.5,0.14%,161838433,16269.72
13-Mar-24,20928.4,20960.45,20696.75,20758.2,-0.81%,174507234,16479.17
14-Mar-24,20725.3,20864.2,20590.5,20725.9,0%,135307354,12969.47
15-Mar-24,20617.65,20706.45,20530.35,20644.3,0.13%,291039029,30364.4
18-Mar-24,20572.95,20703.25,20413.15,20626.65,0.26%,87705964,7851.98
19-Mar-24,20552.5,20651.6,20541.3,20601.95,0.24%,121379581,11384.07
20-Mar-24,20591,20689.85,20362.8,20544.25,-0.23%,127574026,12315.55
21-Mar-24,20692.45,20822.75,20656.85,20714.8,0.11%,134066892,12347.31
22-Mar-24,20693.75,20846.05,20667.35,20783.55,0.43%,119873388,12281
26-Mar-24,20629.6,20769.35,20629.25,20705.95,0.37%,139093052,14368.33
27-Mar-24,20737.25,20861.25,20737.25,20792.4,0.27%,220854620,22196.49
28-Mar-24,20809.4,21141.75,20809.35,20989.1,0.86%,153855811,17190.08
01-Apr-24,21108.75,21237.5,21100.2,21198.4,0.42%,86119486,8407.06
02-Apr-24,21157.25,21220.45,21118.65,21150.95,-0.03%,113350315,11963.16
03-Apr-24,21069.3,21261.25,21065.25,21197.25,0.61%,127342126,13948.78
04-Apr-24,21390.1,21457.45,21220.5,21373.5,-0.08%,159333122,18409.17
05-Apr-24,21375.4,21579.65,21294.95,21556.65,0.85%,112773634,12896.46
08-Apr-24,21613.3,21669.15,21552.95,21604.5,-0.04%,91793543,7853.58
09-Apr-24,21716.55,21758.35,21625.15,21682.2,-0.16%,89560025,8649.53
10-Apr-24,21748.5,21754.25,21670.7,21717.7,-0.14%,99017977,9456.03
12-Apr-24,21584.95,21665,21484.35,21521.8,-0.29%,111257558,11643.95
15-Apr-24,21292.65,21377.3,21130.35,21146,-0.69%,82364525,8220.8
16-Apr-24,20996.95,21145.95,20964.1,21099.25,0.49%,93464685,9249.22
18-Apr-24,21142.75,21228.2,20862,20899.45,-1.15%,124406739,13017.83
19-Apr-24,20758.95,21211.1,20694.35,21173,1.99%,110031923,11131.1
22-Apr-24,21409.1,21409.7,21194.45,21326.5,-0.39%,97586621,10770.46
23-Apr-24,21476,21477.25,21302.7,21334.2,-0.66%,87599377,9200.77
24-Apr-24,21391,21481.65,21361.3,21442.6,0.24%,72621103,7474.77
25-Apr-24,21290.55,21612.9,21269.5,21545.35,1.2%,233607357,28247.46
26-Apr-24,21552.55,21552.55,21304.55,21354.05,-0.92%,136003011,17639.52
29-Apr-24,21426.25,21832,21418.15,21811.2,1.8%,168020929,17039.44
30-Apr-24,21827.5,22073.7,21779.2,21841.15,0.06%,289538752,25969.13
02-May-24,21785.45,21967.9,21773.85,21873.7,0.41%,270067891,23569.19
03-May-24,22009.3,22136.6,21707.45,21797.4,-0.96%,197946561,22105.79
06-May-24,21857.75,21890.75,21707.05,21743.7,-0.52%,257357718,20387.95
07-May-24,21783,21807.75,21509.4,21543.5,-1.1%,158638880,13767.82
08-May-24,21457.3,21528.2,21396.4,21428.35,-0.13%,187880367,16425.23
09-May-24,21376.05,21475.25,21072.6,21093.5,-1.32%,162857563,15201.31
10-May-24,21120.35,21270.7,21017.65,21094.15,-0.12%,121976816,11555.32
13-May-24,21062.7,21288.55,20934.4,21249.8,0.89%,102336071,9297.27
14-May-24,21247.5,21317.55,21184.95,21254.55,0.03%,91068474,8559.57
15-May-24,21281.1,21293.8,21125.15,21186,-0.45%,108042778,9827.19
16-May-24,21308.05,21445.65,21093.85,21416.1,0.51%,151231784,13871.4
17-May-24,21354.45,21509.5,21320.1,21478.3,0.58%,93247475,9396.57
18-May-24,21511.4,21523.35,21469.5,21502.15,-0.04%,6903288,558.82
21-May-24,21373.55,21495.8,21373.5,21438.2,0.3%,101239336,10581.98
22-May-24,21463.7,21463.7,21198.8,21326.7,-0.64%,103901451,10789.92
23-May-24,21370.1,21759.2,21352.95,21731.65,1.69%,109728637,11526.4
24-May-24,21686,21890.65,21673.1,21852.3,0.77%,116486159,10392.66
27-May-24,21913,22143.45,21868.7,21965.6,0.24%,132866154,12080.5
01-Jan-25,23512.85,23715.05,23370.35,23619.95,0.46%,33537481,4001.85
02-Jan-25,23632.3,24046.65,23632.3,24006.7,1.58%,83120440,11800.68
03-Jan-25,24000.75,24035.15,23701.65,23735.7,-1.1%,95201966,11312.13
06-Jan-25,23738.05,23801.8,23243.45,23317.85,-1.77%,76972967,9679.86
07-Jan-25,23375.6,23519.1,23288.8,23430.3,0.23%,58020848,7331.85
08-Jan-25,23420.85,23444.95,23050.3,23236.05,-0.79%,72912953,8577.55
09-Jan-25,23179.95,23221.1,22924.3,23026.15,-0.66%,83094306,10150.26
10-Jan-25,23010.35,23030.5,22684.65,22730.2,-1.22%,79567941,8022.26
13-Jan-25,22503.95,22659.5,22357.95,22400.45,-0.46%,82460984,8488.36
14-Jan-25,22521.1,22809.15,22505.55,22722.15,0.89%,98666299,10213.7
15-Jan-25,22773.95,22821.9,22567.35,22680.1,-0.41%,77483290,8359.76
16-Jan-25,22842.75,22994.85,22832.4,22943.75,0.44%,111692020,11241.84
17-Jan-25,22803.95,22839.3,22518.3,22608.2,-0.86%,94089211,10402.85
20-Jan-25,22697.7,23025.5,22638.9,22926.7,1.01%,110107288,12831.25
21-Jan-25,23003.2,23009.4,22492.1,22548.9,-1.97%,99812879,12340.1
22-Jan-25,22607.1,22679.2,22367.3,22650.4,0.19%,106500032,11528.76
23-Jan-25,22684.55,22719.55,22563.6,22625.85,-0.26%,93854176,11005.99
24-Jan-25,22616.9,22736.25,22458.45,22513.5,-0.46%,82034875,8840.44
27-Jan-25,22357.4,22494.2,22320.85,22383.1,0.11%,87221183,9184.09
28-Jan-25,22650.85,22984,22589.7,22805.9,0.68%,137448459,15094.83
29-Jan-25,22865.7,23060.5,22803.4,23044.95,0.78%,77962517,8461.64
30-Jan-25,23088.6,23197.25,23012.9,23133.7,0.2%,100921758,14440.42
31-Jan-25,23122.2,23267.75,23031.95,23220.55,0.43%,74112705,8829.86
01-Feb-25,25005.2,25173.95,24350.4,24837.35,-0.67%,75410831,7451.96
03-Feb-25,24634.7,24834,24540.5,24809.8,0.71%,97104252,11973.58
04-Feb-25,25002.2,25373.75,24959,25351.35,1.4%,115502146,13319.51
05-Feb-25,25434.3,25512.9,25366.85,25397.65,-0.14%,83677004,10152.77
06-Feb-25,25448.8,25474.95,25261.3,25323.05,-0.49%,104250874,11222.03
07-Feb-25,25386.35,25433.05,25084.8,25235.05,-0.6%,120420747,11480.07
10-Feb-25,25195.05,25267.35,24881.25,25025.2,-0.67%,66269023,7259.07
11-Feb-25,24989.25,25017.45,24439.55,24567.95,-1.69%,84434719,8811.3
12-Feb-25,24572.25,24881.8,24226.85,24727.1,0.63%,98322119,10181.1
13-Feb-25,24769.9,25153.55,24748.35,24919.5,0.6%,102247614,12416.08
14-Feb-25,24967.8,25037.8,24549.7,24747.45,-0.88%,78403905,8512.22
17-Feb-25,24619.85,24846.85,24456.85,24826.15,0.84%,69822796,7379.68
18-Feb-25,24822.45,24881.1,24607.25,24817.15,-0.02%,66079525,7401.18
19-Feb-25,24733.85,25050.1,24671.7,25014.8,1.14%,67661048,7285.26
20-Feb-25,24894.3,25001.75,24864.4,24978.65,0.34%,77243639,8472.22
21-Feb-25,24893.15,25043.3,24707.05,24858.65,-0.14%,65057546,7147.22
24-Feb-25,24653.9,24704,24499,24638.55,-0.06%,61210092,6694.74
25-Feb-25,24669.5,24788.6,24607.6,24639.45,-0.12%,71440981,8658.36
27-Feb-25,24708.8,24934.15,24708.45,24802.6,0.38%,110087746,13276.3
28-Feb-25,24667.55,24703.45,24388.45,24485.75,-0.74%,170534479,18259.14
03-Mar-25,24587.75,24638.8,24344.2,24492.1,-0.39%,89446358,8862.4
04-Mar-25,24374.35,24620.15,24366.95,24565.75,0.79%,86836917,8884.91
05-Mar-25,24518.05,24738.9,24464.55,24699.1,0.74%,87215729,9873.92
06-Mar-25,24870.65,24905.25,24639.65,24866.6,-0.02%,95011325,10871.88
07-Mar-25,24811.5,24947.55,24754.55,24807.4,-0.02%,64206499,6684.96
10-Mar-25,24787.9,25000.9,24632.55,24680.6,-0.43%,65576004,7383.56
11-Mar-25,24584,24907.05,24525.65,24869.9,1.16%,68039909,7834.16
12-Mar-25,24928.55,25025.4,24756.25,24930.35,0.01%,71215136,9486.59
13-Mar-25,25007.65,25057.45,24811.3,24840.05,-0.67%,62169251,7484.97
17-Mar-25,24874,25193.7,24866.7,25154.35,1.13%,70394302,9323.48
18-Mar-25,25374.3,25671.4,25301.65,25636.9,1.03%,82362395,10493.77
19-Mar-25,25670.45,25946.8,25625,25900.75,0.9%,76648956,9428.38
20-Mar-25,26041.75,26101.6,25849.35,26037.05,-0.02%,70206106,8611.3
21-Mar-25,26087,26364.65,26056.85,26329.35,0.93%,157362415,22746.9
24-Mar-25,26516.45,26885.8,26440.45,26825.85,1.17%,90875475,11383.82
25-Mar-25,26967.35,27055.6,26718.95,26790.55,-0.66%,116757030,15252.75
26-Mar-25,26825.6,26881.65,26466.05,26517.3,-1.15%,75954477,9516.12
27-Mar-25,26469.25,26817.8,26463.25,26762.75,1.11%,113791180,15926.54
28-Mar-25,26779.9,26916.65,26687.8,26766.75,-0.05%,104386075,9988.69
01-Apr-25,26570.8,26728.7,26229.8,26262,-1.16%,98810050,10597.26
02-Apr-25,26327.6,26493.2,26266.5,26467.4,0.53%,71643598,6611.5
03-Apr-25,26248.3,26537.1,26242.2,26458.3,0.8%,65577011,6727.86
04-Apr-25,26482.3,26561.45,26291.25,26364.9,-0.44%,99793583,10925
07-Apr-25,25141.85,25647.8,24989.05,25399.55,1.02%,161403783,15405.16
08-Apr-25,25696.3,26026.05,25624,25947.05,0.98%,135686266,13504.08
09-Apr-25,25958.8,25961.3,25545.6,25727.8,-0.89%,108130401,11269.15
11-Apr-25,25971.85,26295.8,25971.85,26150.15,0.69%,119084140,12519.79
15-Apr-25,26794.8,27064.35,26604.1,27007.8,0.79%,131963884,14581.77
16-Apr-25,27081.95,27278.8,26993.3,27254.45,0.64%,122132029,11437.75
17-Apr-25,27258.75,27853.85,27182.1,27812.4,2.03%,148289851,15732.24
