Date,Open,High,Low,Close,Change_percentage,Shares_traded,Turnover-in_crore
09-Nov-15,19937.05,20552.1,19895.1,20496.15,2.8%,15203700,830.71
10-Nov-15,20409.6,20532.15,20149.8,20215.8,-0.95%,8695492,509.23
11-Nov-15,20335.55,20355.25,20194,20212.55,-0.6%,1171779,68.52
13-Nov-15,20015,20088.85,19828.45,19896.2,-0.59%,18163248,889.62
16-Nov-15,19879.65,20063.5,19872.35,19986.55,0.54%,11578188,632.44
17-Nov-15,20152.15,20501.85,20080.85,20469.1,1.57%,14055342,695.81
18-Nov-15,20537.55,20537.55,20322.6,20411.8,-0.61%,12183650,580.05
19-Nov-15,20523.85,20673.3,20481.65,20642.6,0.58%,15971095,777.13
20-Nov-15,20690.85,20690.85,20409,20449.8,-1.17%,12480842,628.86
23-Nov-15,20415.45,20467.45,20151.35,20166.5,-1.22%,10722743,576.99
24-Nov-15,20244.45,20295.55,20032.1,20184,-0.3%,13846452,751.59
26-Nov-15,20229.95,20441.65,20210.4,20380.45,0.74%,14229174,889.4
27-Nov-15,20461.2,20465.95,20227.4,20436.1,-0.12%,9348988,535.62
30-Nov-15,20399.45,20458,20233.35,20278.55,-0.59%,21446251,1122.43
01-Dec-15,20404.2,20578.65,20328.5,20560.45,0.77%,12727023,691.65
02-Dec-15,20575.55,20689.2,20506.2,20665.6,0.44%,7764386,521.42
03-Dec-15,20540.9,20578.05,20311.6,20346.6,-0.95%,7778053,504.23
04-Dec-15,20235.55,20249.25,20053.65,20087.85,-0.73%,14595596,694.86
07-Dec-15,20080.05,20088.2,19415.3,19534.2,-2.72%,39085384,1485.99
08-Dec-15,19430.6,19718.85,19423.3,19518.6,0.45%,18436838,788.27
09-Dec-15,19672.65,19672.65,19426.15,19448.45,-1.14%,15545290,697.64
10-Dec-15,19487.9,19650.4,19466.35,19624.3,0.7%,10470347,581.17
11-Dec-15,19635.5,19669.5,19456,19624.15,-0.06%,11285277,601.83
14-Dec-15,19589,19753.05,19494.7,19698.7,0.56%,10464010,542.56
15-Dec-15,19714,19966.25,19666.45,19941.65,1.15%,13573728,769.5
16-Dec-15,19991.65,20050.65,19752.6,19790.7,-1.01%,11299770,588.88
17-Dec-15,19775.85,19962.95,19688.3,19940.6,0.83%,21054652,1015.37
18-Dec-15,19972.5,20064.4,19777.85,19813.45,-0.8%,20399737,1016.16
21-Dec-15,19944.15,20167.25,19781.5,20134.85,0.96%,15231353,732.65
22-Dec-15,20088.1,20088.1,19840.2,19904.15,-0.92%,12190517,488.42
23-Dec-15,20008.3,20090.35,19939.9,19983.25,-0.13%,8621382,381.77
24-Dec-15,20077.5,20081.05,19967.15,20057.8,-0.1%,9688521,412.39
28-Dec-15,20037.85,20184.6,20037.85,20152.75,0.57%,10558482,497.13
29-Dec-15,20175.75,20232.85,20018.15,20053.8,-0.6%,8223936,485.16
30-Dec-15,20114.4,20126.1,20017.1,20068.55,-0.23%,10473663,509.29
31-Dec-15,20064.4,20245.4,19993.5,20192.65,0.64%,14142210,671.72
01-Jan-16,20181.5,20258.05,20118.15,20184.95,0.02%,3257282,200.99
04-Jan-16,20112,20145.75,19981.5,20087.8,-0.12%,7816364,415.68
05-Jan-16,20087.35,20141.6,19994.5,20047.45,-0.2%,9930543,495.1
06-Jan-16,20120.5,20120.5,19665.6,19689.45,-2.14%,16727060,769.45
07-Jan-16,19600.45,19600.45,19235.95,19261.55,-1.73%,15359281,746.88
08-Jan-16,19337.75,19497.15,19312.55,19359.25,0.11%,12595103,609.59
11-Jan-16,19203.9,19373.55,19119.7,19329.65,0.65%,12315022,606.28
12-Jan-16,19320.85,19386.1,19236.1,19340.55,0.1%,11232866,525.83
13-Jan-16,19433.8,19547.05,19214.5,19414.7,-0.1%,12492336,603.66
14-Jan-16,19290.65,19530.45,19199.2,19438.15,0.76%,14106418,634.19
15-Jan-16,19397.45,19427,19044.5,19095.45,-1.56%,12752574,661.79
18-Jan-16,19040.35,19156.15,18967.7,19006.8,-0.18%,16497382,740.89
19-Jan-16,19019.2,19172.15,18976.65,19041.2,0.12%,10028460,470.9
20-Jan-16,18877.7,18928,18560.5,18758.35,-0.63%,14812940,679.95
21-Jan-16,18880.5,18880.5,18433.5,18468.35,-2.18%,17848614,755.38
22-Jan-16,18621.15,18707.5,18416.6,18555.45,-0.35%,19754689,887.01
25-Jan-16,18489.1,18707.55,18452.7,18567.95,0.43%,12467362,679.64
27-Jan-16,18591.15,18664.7,18472.05,18584.8,-0.03%,16466789,966.37
28-Jan-16,18574.6,19021.35,18553.05,18899.5,1.75%,20541108,1051.45
29-Jan-16,19044.6,19198.3,19027.05,19132.65,0.46%,17991401,888.6
01-Feb-16,19133.1,19300.45,19005.7,19283.35,0.79%,13629668,733.43
02-Feb-16,19301.3,19370.6,19146.75,19194.25,-0.55%,11229638,651.66
03-Feb-16,19069.05,19326.75,19032.7,19204.7,0.71%,11865007,733.11
04-Feb-16,19299.05,19379.2,19201.75,19275.4,-0.12%,10362504,628.12
05-Feb-16,19295.45,19514.6,19294.35,19465.4,0.88%,13695275,694.87
08-Feb-16,19532.5,19532.5,19146,19184.6,-1.78%,10653261,485.65
09-Feb-16,19086.5,19159,18933.8,19007.25,-0.42%,13248816,587.08
10-Feb-16,19019,19037.3,18719.55,18791.65,-1.2%,12355495,593.51
11-Feb-16,18834.45,18834.45,18183.55,18227.25,-3.22%,21588600,855.5
12-Feb-16,18259.25,18433.75,18205.9,18328.35,0.38%,19648176,873.94
15-Feb-16,18515.35,18615.05,18337.95,18510,-0.03%,17463479,842.94
16-Feb-16,18509.6,18542.8,18051.75,18123.3,-2.09%,13430000,636.53
17-Feb-16,18158.2,18360,17770.9,18300.5,0.78%,15087908,644.94
18-Feb-16,18413.45,18620.95,18408.2,18579.35,0.9%,13250691,605.52
19-Feb-16,18613.25,18613.25,18402.95,18574.15,-0.21%,12086546,533.72
22-Feb-16,18526.4,18672.45,18287.4,18657.3,0.71%,18114085,867.02
23-Feb-16,18594.45,18594.45,18285.3,18329.6,-1.42%,11810766,572.66
24-Feb-16,18300.65,18355.4,18008.3,18099.25,-1.1%,14968364,643.96
25-Feb-16,18020.35,18210.7,18012.5,18094.75,0.41%,26684285,903.47
26-Feb-16,18258.75,18369.9,18087.05,18306.6,0.26%,16068522,948.62
29-Feb-16,18295.4,18580.3,17406.9,18331.6,0.2%,59158260,2010.45
01-Mar-16,18630.55,19378.9,18630.55,19317,3.68%,51885535,1902.04
02-Mar-16,19455,19666.3,19233.55,19260.4,-1%,24597437,1075.22
03-Mar-16,19412.2,19453.05,19166.5,19208.7,-1.05%,14893383,731.46
04-Mar-16,19277.45,19348.7,19097.7,19144.95,-0.69%,14653390,785.06
08-Mar-16,19147.9,19409.45,19126.8,19214,0.35%,16046829,851.35
09-Mar-16,19085.65,19279.7,18960.5,19248.55,0.85%,21674050,907.26
10-Mar-16,19236.7,19300.75,18919.75,19066.05,-0.89%,15351563,734.93
11-Mar-16,19082.2,19384.95,19060.55,19354.4,1.43%,17884301,1044.08
14-Mar-16,19451.25,19583.75,19428.65,19535.15,0.43%,13740459,764.54
15-Mar-16,19551.75,19551.75,19083.35,19136.45,-2.12%,18821353,898.45
16-Mar-16,19149.2,19378.35,19132.95,19336.8,0.98%,14929055,837.7
17-Mar-16,19434.05,19503.55,19366.35,19445.2,0.06%,20821835,956.28
18-Mar-16,19513.75,19602.3,19368.45,19555.3,0.21%,19108905,897.87
21-Mar-16,19593.55,19960.25,19593.55,19928.45,1.71%,19526145,940.68
22-Mar-16,19827.2,19889.85,19533.9,19609,-1.1%,22230057,1043.88
23-Mar-16,19662.45,19662.65,19463.05,19629.65,-0.17%,16862650,813.21
28-Mar-16,19720.6,19785.3,19425.45,19462.8,-1.31%,19023984,921.99
29-Mar-16,19392.05,19634.15,19352,19375.45,-0.09%,20255025,814.73
30-Mar-16,19431.45,19744.2,19431.45,19690.95,1.34%,18742136,828.88
31-Mar-16,19626,19891.6,19609.35,19764.15,0.7%,30164378,1420.52
01-Apr-16,19672.25,20026.35,19672.25,19992.1,1.63%,15830554,718.37
04-Apr-16,19727.4,19948.5,19727.4,19890.6,0.83%,13478057,671.06
05-Apr-16,19788.5,19831.1,19591.35,19635.4,-0.77%,11814273,623.74
06-Apr-16,19662.8,19725.9,19605.35,19657.55,-0.03%,11579526,648.12
07-Apr-16,19695.8,19695.8,19345.55,19384.05,-1.58%,12095927,561.42
08-Apr-16,19388.1,19489.3,19364.7,19451.7,0.33%,7972081,440.71
11-Apr-16,19477.6,19683.15,19219.9,19651.25,0.89%,14736915,799.32
12-Apr-16,19604.75,19650.45,19499.25,19606.6,0.01%,10428646,715.11
13-Apr-16,19722.9,20082.6,19712.1,20045.2,1.63%,16928860,953.96
18-Apr-16,20172.55,20306.65,20047.9,20253.95,0.4%,16089404,769.28
20-Apr-16,20252.85,20349.05,20123.4,20246.6,-0.03%,13499104,771.06
21-Apr-16,20268.55,20300.2,19965.75,20071.1,-0.97%,10025495,542.36
22-Apr-16,19930.85,20111.45,19834.95,19876.5,-0.27%,9896731,515.42
25-Apr-16,19711.85,19860.7,19652.55,19715.65,0.02%,9559920,511.98
26-Apr-16,19464.3,19933.7,19464.3,19890.55,2.19%,16199418,755.8
27-Apr-16,19852.5,20165.3,19852.5,20141.55,1.46%,12627872,572.94
28-Apr-16,20058.95,20088.3,19629.6,19667.6,-1.95%,31921680,1749.31
29-Apr-16,19693.85,19800.7,19549.1,19737.7,0.22%,18117228,907.57
02-May-16,19687.55,19752.4,19557.85,19728.4,0.21%,10712912,474.87
03-May-16,19755.75,19810.2,19403.6,19478.35,-1.4%,17920851,1125.82
04-May-16,19426.05,19548.55,19221.65,19295.85,-0.67%,12062410,730.29
05-May-16,19317.25,19577.5,19298.2,19466.3,0.77%,10351419,615.57
06-May-16,19323.5,19588.95,19124.6,19521.95,1.03%,16862203,774.3
09-May-16,19610.5,19885.4,19608.7,19752.65,0.72%,15159314,908.82
10-May-16,19770.6,19879.2,19736.75,19836.7,0.33%,12829395,753.43
11-May-16,19637.05,19789.55,19580.75,19726.9,0.46%,12740837,668.12
12-May-16,19754.4,19848.3,19618.6,19748.7,-0.03%,9000328,624.19
13-May-16,19722.6,19752.8,19564.35,19667.7,-0.28%,14296631,826.82
16-May-16,19650.35,19995.4,19520.3,19977.1,1.66%,15786849,799.08
17-May-16,20032.6,20085.5,19892.15,19960.9,-0.36%,13754289,705.47
18-May-16,19846.1,20011.15,19729.95,19963.9,0.59%,11190297,642.99
19-May-16,20023.9,20023.9,19565.4,19612.85,-2.05%,13241228,682.14
20-May-16,19710.7,19909.15,19538.75,19705,-0.03%,19147725,882.32
23-May-16,20312.05,20414,19947.55,20179.05,-0.65%,41714310,1740.91
24-May-16,20214.6,20297.75,20138.7,20225.4,0.05%,27323442,1846.4
25-May-16,20344.5,20678.9,20331.3,20639.8,1.45%,15014623,871.59
26-May-16,20650.8,20971.95,20559.95,20920.65,1.31%,18649728,1144.93
27-May-16,20934.35,21022.4,20764.5,20907.55,-0.13%,14857153,1017.92
30-May-16,20745.35,20874.55,20726.3,20807.05,0.3%,11210735,671.23
02-Jan-17,20793.35,20793.35,20574.7,20710.35,-0.4%,8577699,322.71
03-Jan-17,20719.6,20962.55,20620.05,20864.15,0.7%,11394806,452.74
04-Jan-17,20862.15,21014.6,20676.75,20935.25,0.35%,16645373,672.57
05-Jan-17,20927.55,21108.75,20912.6,21070.5,0.68%,13984660,566.85
06-Jan-17,21085.65,21230.45,20839.8,20867.1,-1.04%,16311856,679.07
09-Jan-17,20906.5,21021.1,20842.8,20987.25,0.39%,8081970,361.08
10-Jan-17,21019.65,21207.2,21010.35,21157.75,0.66%,17177190,633.51
11-Jan-17,21210.65,21290.25,21119.2,21194.55,-0.08%,13121460,562.89
12-Jan-17,21227.2,21227.2,20953.55,20988.05,-1.13%,11540326,469.18
13-Jan-17,21081.8,21297.4,20910.35,21232.95,0.72%,11714589,411.13
16-Jan-17,21214.7,21280.6,21098.55,21197.7,-0.08%,7845010,345.18
17-Jan-17,21203.45,21466.05,21199.75,21442.95,1.13%,11641685,700.57
18-Jan-17,21446.45,21685,21439.7,21529.55,0.39%,17123218,1266.75
19-Jan-17,21490.45,21698.8,21471.3,21634.15,0.67%,16348609,847.48
20-Jan-17,21623.9,21723.35,21596.6,21641.05,0.08%,17540558,805.69
23-Jan-17,21613.85,21898.5,21612.45,21873.8,1.2%,17684209,1002.35
24-Jan-17,21871.3,21934.9,21716.5,21908.4,0.17%,15494356,777.41
25-Jan-17,21903.4,22260.8,21888.8,22206.25,1.38%,26504811,1051.96
27-Jan-17,22135.35,22312.2,21744.7,21798.2,-1.52%,32213708,1340.13
30-Jan-17,21851.2,21997.1,21747.65,21786.3,-0.3%,14150550,631.2
31-Jan-17,21812.45,21949.65,21725.95,21832.65,0.09%,18509740,828.35
01-Feb-17,21930.65,22519.25,21845,22496.7,2.58%,42320298,1537.21
02-Feb-17,22582.8,22980.25,22436.35,22696.2,0.5%,49966273,1779.48
03-Feb-17,22686.95,22765.65,22494.75,22645.15,-0.18%,19821151,788.19
06-Feb-17,22758.65,22993.7,22726.15,22904.4,0.64%,21486918,1121.54
07-Feb-17,23015.5,23602,22817.4,22877.75,-0.6%,37965642,1479.79
08-Feb-17,22832.05,22945.5,22605.7,22766.25,-0.29%,18729617,780.54
09-Feb-17,22834,22924.2,22589.6,22874.95,0.18%,11878856,593.35
10-Feb-17,22921.5,22961.05,22608.2,22709.3,-0.93%,14320214,736.57
13-Feb-17,22839.7,22880.65,22479.9,22649,-0.83%,15629210,699.43
14-Feb-17,22633.1,22776.4,22512.2,22596.05,-0.16%,13364405,666.44
15-Feb-17,22616.7,22821.35,22573.35,22674.4,0.26%,13737115,629.79
16-Feb-17,22547.75,22602.35,22334.75,22379.7,-0.75%,21205174,1101.6
17-Feb-17,22434.5,22482.85,22236.2,22445.8,0.05%,14729319,655.92
20-Feb-17,22388.45,22477.5,22386.05,22439.65,0.23%,12102647,631.47
21-Feb-17,22443.05,22487.5,22232.6,22450.55,0.03%,19326959,887.26
22-Feb-17,22537.85,22593.75,22338.55,22426.4,-0.49%,17407801,847.3
23-Feb-17,22479.85,22557.4,22327.65,22434.75,-0.2%,22891722,1007.24
27-Feb-17,22435.7,22471.3,22081.2,22419.6,-0.07%,13124206,627.7
28-Feb-17,22358.25,22430.8,22278.25,22338.2,-0.09%,17631727,790.21
01-Mar-17,22378.35,22716.55,22366.7,22650.85,1.22%,25234678,914.43
02-Mar-17,22688.55,22777.4,22350.5,22417.3,-1.2%,21710542,1239.12
03-Mar-17,22294.15,22361.75,22097.95,22280.7,-0.06%,17686683,787.4
06-Mar-17,22354.75,22435.25,22280.1,22392.3,0.17%,16280265,660.74
07-Mar-17,22417.45,22450.95,22251.4,22393.1,-0.11%,11875337,581.5
08-Mar-17,22400.2,22430.25,22296.9,22365.2,-0.16%,11324415,540.58
09-Mar-17,22440.7,22449.8,22259.3,22392,-0.22%,14472805,594.91
10-Mar-17,22405.05,22441.45,22287.95,22341.75,-0.28%,13828720,677.27
14-Mar-17,22567.35,22825.2,22566.15,22743.75,0.78%,28587976,1253.06
15-Mar-17,22662.1,22910.05,22662.1,22793.15,0.58%,22270293,939.46
16-Mar-17,22930.85,22986.05,22806.75,22905.45,-0.11%,21367535,851.44
17-Mar-17,23293.6,23843.9,23293.6,23491.25,0.85%,65389304,2206.82
20-Mar-17,23577.6,23605.65,23336.7,23500.25,-0.33%,24661847,892.73
21-Mar-17,23567.2,23848.95,23513.3,23796.65,0.97%,21893904,992.03
22-Mar-17,23573.85,23756,23332.95,23390.75,-0.78%,22090403,994.36
23-Mar-17,23288.3,23554.7,23212.3,23335.3,0.2%,29139093,952.93
24-Mar-17,23393.7,23552.5,23390.8,23455.1,0.26%,14203748,575.89
27-Mar-17,23435.9,23540.05,23251.7,23444.05,0.03%,23025591,934.75
28-Mar-17,23467,23516.25,23406.65,23467.7,0%,13441088,562.43
29-Mar-17,23474.35,23698.85,23467.85,23672.5,0.84%,17140086,807.72
30-Mar-17,23711.8,23776.65,23536.7,23671,-0.17%,28875480,1487.38
31-Mar-17,23596.4,23676,23460.3,23542.3,-0.23%,17360253,882.49
03-Apr-17,23641.25,23717.5,23426.25,23639.6,-0.01%,16545054,887.66
05-Apr-17,23714.65,23728.35,23483.8,23583.7,-0.55%,20014170,998.26
06-Apr-17,23530.35,23561.45,23278.95,23349,-0.77%,24420256,932.77
07-Apr-17,23257.25,23333.35,23171.25,23235.55,-0.09%,16043352,645.55
10-Apr-17,23338,23341.55,23206.65,23264.75,-0.31%,14908551,798.91
11-Apr-17,23224,23682.4,23154.9,23651.75,1.84%,18446348,881.59
12-Apr-17,23612.5,23794.8,23478.65,23670.2,0.24%,17183325,1004.92
13-Apr-17,23678,23682.1,23423.6,23507.9,-0.72%,10194939,608.8
17-Apr-17,23399.7,23644.8,23345.95,23459.9,0.26%,8970659,404.21
18-Apr-17,23521.2,23723.05,23322.55,23382.95,-0.59%,10594141,513.95
19-Apr-17,23486.6,23509.85,23354.7,23387.15,-0.42%,9820168,501.72
20-Apr-17,23457.25,23552.75,23389.25,23495.15,0.16%,11663907,747.8
21-Apr-17,23637,23637,23145.6,23229.8,-1.72%,14559732,644.95
24-Apr-17,23346.9,23390.55,23084.8,23344.65,-0.01%,12058743,536.46
25-Apr-17,23427.45,23806.4,23242.95,23764.85,1.44%,19135595,817.59
26-Apr-17,23882.65,24388.6,23824.05,24304.3,1.77%,31525111,1262.15
27-Apr-17,24329.7,24366.85,23996.4,24067,-1.08%,22844594,1068.83
28-Apr-17,24056.3,24094.05,23622.85,23675.4,-1.58%,21244268,1048.51
02-May-17,23764.25,23807.6,23574.9,23755.1,-0.04%,21430462,1015.92
03-May-17,23825.85,23826.15,23566.65,23683.8,-0.6%,16261666,777.92
04-May-17,23703.55,23990.85,23668.5,23951.8,1.05%,16831540,787.09
05-May-17,23923.35,23933.35,23609.25,23630.45,-1.22%,12975110,545.27
08-May-17,23685.25,23728.95,23422.65,23442.2,-1.03%,18343204,647.33
09-May-17,23495.45,23625.7,23386.5,23527.85,0.14%,15679490,1013.62
10-May-17,23585.25,23995.15,23572.65,23954.35,1.56%,16545016,1075.4
11-May-17,24035.9,24169.85,23956.55,24025.85,-0.04%,20996573,1430.21
12-May-17,24063.15,24067.2,23864.45,23966.95,-0.4%,10985862,761.81
15-May-17,24028.45,24189.45,24015.3,24119.45,0.38%,14773590,808.43
16-May-17,24137.55,24412.9,24065.35,24370.55,0.97%,24861009,1131.84
17-May-17,24399.3,24410.2,24132.65,24266.75,-0.54%,24074864,1066.09
18-May-17,24082.15,24204.2,23812.15,23864,-0.91%,17541639,964.95
19-May-17,24202.6,24922.5,24184.75,24352.9,0.62%,48630642,1985.69
22-May-17,24707.5,25279.9,24654.3,25230,2.11%,44756886,1920.8
23-May-17,25188.35,25232.75,24961.2,25002.35,-0.74%,35435916,1573.43
24-May-17,25024.45,25103.5,24881.35,24986.5,-0.15%,17836394,906.97
25-May-17,25030.4,25223.85,24818.4,25056.65,0.1%,34432509,1449.73
26-May-17,25150.9,25711.15,25071.45,25507.55,1.42%,28182758,1212.03
29-May-17,25288.15,26080.8,25264,25948.05,2.61%,29414882,1284.01
01-Jan-18,26885.6,26960.5,26636.4,26686.35,-0.74%,15110093,725.21
02-Jan-18,26734.35,26802.35,26474.05,26533.5,-0.75%,12462339,813.33
03-Jan-18,26606.95,26762.8,26572.35,26648.4,0.16%,20023647,1079.33
04-Jan-18,26657.1,26718.65,26611.05,26689.6,0.12%,17409477,934.26
05-Jan-18,26730.4,26946.6,26728.55,26914.3,0.69%,19321951,1499.96
08-Jan-18,26980.65,27147,26954.4,27120.85,0.52%,22820261,1148.62
09-Jan-18,27150.75,27367.1,27056.75,27249.2,0.36%,32220918,1343.91
10-Jan-18,27397.45,27482.8,27164.7,27210.6,-0.68%,24237721,1255.31
11-Jan-18,27186.8,27338.7,27143.75,27307.7,0.44%,21301310,1106.87
12-Jan-18,27370.3,27424.05,27035.7,27196.65,-0.63%,29277994,1438.12
15-Jan-18,27238.85,27404.15,27148.8,27171.4,-0.25%,21129791,1143.76
16-Jan-18,27229.6,27327.55,26796.8,26874.55,-1.3%,22816313,1171.45
17-Jan-18,26906.15,27117.6,26631.95,27044.75,0.52%,27758956,1485.79
18-Jan-18,27304.3,27567.1,27140.35,27347.85,0.16%,38956924,2021.97
19-Jan-18,27539.3,27573.65,27238,27517.1,-0.08%,39050314,2443.31
22-Jan-18,27555.8,27680.1,27452.25,27607.75,0.19%,24017874,2549.8
23-Jan-18,27673.7,27801.2,27589.1,27761.45,0.32%,31110307,1983.6
24-Jan-18,27691.5,27924.2,27562.95,27889.05,0.71%,29611634,2382.86
25-Jan-18,27866.15,27895.5,27614.35,27716.5,-0.54%,27303323,2039.79
29-Jan-18,27735.45,27858.75,27464.6,27557.35,-0.64%,18192106,1176.36
30-Jan-18,27503.4,27579.4,27313.9,27512.1,0.03%,22072257,1313.72
31-Jan-18,27457.15,27479.8,27012.9,27127.3,-1.2%,36400861,1871.65
01-Feb-18,27190.45,28099.6,26843.6,27351.9,0.59%,72530946,2833.93
02-Feb-18,27164.95,27735.85,26871.1,27180.1,0.06%,49825017,2152.72
05-Feb-18,26898.15,27281.1,26802.2,27191.7,1.09%,36207512,1858.26
06-Feb-18,26257.15,26899.8,26193.15,26672.6,1.58%,34339414,1863.51
07-Feb-18,26984.8,27023.1,26691.65,26733.55,-0.93%,28790960,1396.42
08-Feb-18,26856.85,26944.85,26678.95,26786.6,-0.26%,22520502,1137.57
09-Feb-18,26460.15,26724.6,26342.55,26664.3,0.77%,21952594,1090.7
12-Feb-18,26849.4,26945.1,26707.85,26782.2,-0.25%,19396923,1090.35
14-Feb-18,26900,26926.95,26557.2,26645.1,-0.95%,21864465,1277.99
15-Feb-18,26701.75,26877.25,26597.95,26733.5,0.12%,20616456,1332.17
16-Feb-18,26890.75,26906,26520.35,26599.05,-1.08%,13858785,979.9
19-Feb-18,26635.55,26659.3,26262.55,26411.4,-0.84%,13027486,777.23
20-Feb-18,26411.9,26537.55,26303.5,26356.4,-0.21%,19465315,1050.4
21-Feb-18,26468.4,26603.95,26388.5,26572,0.39%,19584422,1002.13
22-Feb-18,26530.3,26574.35,26400.65,26460.75,-0.26%,33133430,1601.29
23-Feb-18,26538.05,26699.6,26448.3,26669.9,0.5%,16522592,892.97
26-Feb-18,26677.85,26779.75,26610,26645.85,-0.12%,19990797,1060.48
27-Feb-18,26767.55,26807.2,26681.95,26728.2,-0.15%,18478957,1154.86
28-Feb-18,26592.55,26640.55,26440.4,26513.7,-0.3%,24194450,1205.85
01-Mar-18,26489.6,26589.55,26380.85,26492.35,0.01%,16274536,922.21
05-Mar-18,26434.8,26434.85,26093.35,26164.75,-1.02%,20210900,935.41
06-Mar-18,26232.65,26353.05,25793.7,25891.8,-1.3%,20378186,1161.27
07-Mar-18,25887.1,26139.3,25730.8,26061.1,0.67%,26614374,1254.78
08-Mar-18,26165,26262.55,25883.85,25953.2,-0.81%,22767148,1184.44
09-Mar-18,25993,26140,25951.4,26020.05,0.1%,14436354,1048.57
12-Mar-18,26322.15,26743.15,26271.05,26703,1.45%,28759743,1392.22
13-Mar-18,26694.95,26817.45,26482.25,26644.8,-0.19%,18431868,981.65
14-Mar-18,26549.1,26584.4,26371.85,26532.15,-0.06%,16077554,828.21
15-Mar-18,26479,26638.3,26341.75,26381.3,-0.37%,15975480,1130.49
16-Mar-18,26438.5,26438.5,25911.05,26052.15,-1.46%,36372384,1945.96
19-Mar-18,26127.85,26152.55,25885.95,25935.8,-0.74%,23928336,1267.1
20-Mar-18,25864.4,26084.8,25860.9,26044,0.69%,19194578,987.04
21-Mar-18,26117.8,26245.75,26059.8,26093,-0.09%,24952076,1488.84
22-Mar-18,26126.55,26228.45,26009,26036.15,-0.35%,21099810,1633.84
23-Mar-18,25749.2,26025.6,25695.95,25910.05,0.62%,22239103,1406.33
26-Mar-18,25795.05,26218.4,25777.95,26168.95,1.45%,24719377,1521.04
27-Mar-18,26300.45,26362.6,26132.85,26300.15,0%,20571765,1367.88
28-Mar-18,26210.2,26316.5,26055,26127.4,-0.32%,27855305,1637.31
02-Apr-18,26169.35,26573.45,26151,26501.45,1.27%,,
03-Apr-18,26462.95,26588.65,26357.05,26506.45,0.16%,14028759,980.28
04-Apr-18,26551.35,26586.25,26375.6,26448.05,-0.39%,18929208,1122.59
05-Apr-18,26467.45,26698.7,26447.6,26676.45,0.79%,16795351,853.54
06-Apr-18,26747.05,26835,26667.9,26805.9,0.22%,15244584,1262.09
09-Apr-18,26811.85,27140.05,26803.6,27107.7,1.1%,20811836,1191.48
10-Apr-18,27188.55,27208.55,27049.4,27103.45,-0.31%,22459528,1098.24
11-Apr-18,27140.4,27223,26950.75,27159.4,0.07%,14391285,1136.39
12-Apr-18,27168.5,27174,26971.25,27041.45,-0.47%,14769032,1045.84
13-Apr-18,27133.8,27156.55,26898.25,26982.9,-0.56%,14071105,1126.84
16-Apr-18,26932.4,27295.65,26924.2,27267.2,1.24%,12348120,754.83
17-Apr-18,27354.6,27571.05,27228,27536.7,0.67%,24907586,1346.87
18-Apr-18,27650.45,28184.25,27589.65,28016.85,1.33%,37251254,1613.85
19-Apr-18,28158.75,28290.7,28036.5,28173.2,0.05%,23764360,1243.76
20-Apr-18,28055.1,28246.95,27926.8,28110.95,0.2%,17861913,960.92
23-Apr-18,28136.6,28180.65,28003.9,28022.05,-0.41%,17360905,887.88
24-Apr-18,28130,28282.3,28009.75,28078.7,-0.18%,16181415,982.89
25-Apr-18,28070.75,28138.25,27873.75,28013.1,-0.21%,14645098,867.14
26-Apr-18,28102.65,28399.45,28010,28342.35,0.85%,35730630,1760.73
27-Apr-18,28445.5,28557.95,28371.5,28433.5,-0.04%,17543978,1028.72
30-Apr-18,28483.15,28832,28479.55,28772.75,1.02%,14358532,789.27
02-May-18,28870.7,29133.8,28697.7,28818.2,-0.18%,34644085,1637.61
03-May-18,28797.15,28865.9,28392.6,28486.3,-1.08%,20034044,1083.72
04-May-18,28615.5,28657.1,28104.85,28177.95,-1.53%,20569599,1035.83
07-May-18,28286.35,28635.25,28195,28586.5,1.06%,15509642,1004.1
08-May-18,28642.4,28692.9,28523.2,28555.15,-0.3%,20798639,2297.12
09-May-18,28481.5,28593.55,28399.05,28435.9,-0.16%,13088408,1284.42
10-May-18,28460.75,28580.75,28135.3,28231.35,-0.81%,14296838,1208.05
11-May-18,28342.15,28496.75,28213.5,28476,0.47%,12560746,1012.52
14-May-18,28519.9,28620.4,28338.7,28437.1,-0.29%,27949295,1271.39
15-May-18,28546.3,28669.1,28292.25,28352.65,-0.68%,27172742,1828.51
16-May-18,28219.6,28987.5,28200.65,28866,2.29%,35432904,1889.42
17-May-18,29002.25,29037.1,28441.6,28496,-1.75%,26796635,1431.8
18-May-18,28469,28985.6,28320.35,28852.7,1.35%,26116894,1587.91
21-May-18,28911.6,28961.6,28602.25,28673.7,-0.82%,23006893,1697.45
22-May-18,28623,28757.9,28528.2,28593.35,-0.1%,15467225,1222.31
23-May-18,28589.15,28669.3,28381.2,28415.4,-0.61%,17986609,1154.8
24-May-18,28486.6,28628.15,28327.45,28500.25,0.05%,19072318,1294.19
25-May-18,28453.35,28728.05,28303.1,28595.8,0.5%,23361306,2177.25
28-May-18,28746.6,28889.25,28640.4,28791.85,0.16%,15578568,1074.4
01-Jan-19,30579.1,30613.2,30259.65,30398.45,-0.59%,10324249,730.34
02-Jan-19,30347.6,30455.1,29985.8,30195.2,-0.5%,23768072,1510.5
03-Jan-19,30187.8,30479.3,30122.1,30189.2,0%,20217241,1252.16
04-Jan-19,30256.1,30350.3,30085.5,30190.2,-0.22%,20339807,1327.42
07-Jan-19,30440.9,30491.2,30241.9,30282.6,-0.52%,20899470,1128.42
08-Jan-19,30341.85,30385.1,30159.7,30272,-0.23%,18731288,1195.03
09-Jan-19,30404.7,30640.7,30331.05,30577.35,0.57%,24818176,1459.78
10-Jan-19,30614.55,30774.3,30519.25,30571.65,-0.14%,19305431,1139.49
11-Jan-19,30704.45,30849.25,30611.95,30759.05,0.18%,25793965,1292.49
14-Jan-19,30735.1,30753,30456.8,30716.4,-0.06%,16657850,959.76
15-Jan-19,30797.2,31045.9,30759.9,31011.05,0.69%,20150165,1256.89
16-Jan-19,30995.25,31040.85,30691,30783.85,-0.68%,17921690,1233.81
17-Jan-19,30822.3,30912.8,30514.95,30737.25,-0.28%,21370739,1338.35
18-Jan-19,30727.8,30855.95,30461.3,30540.35,-0.61%,21911405,1416.66
21-Jan-19,30626.7,30727.4,30403,30485,-0.46%,19604898,1382.95
22-Jan-19,30486.3,30592.4,30205.35,30507.6,0.07%,22864495,1510.02
23-Jan-19,30620,30854.55,29869.75,29991.4,-2.05%,51981317,2288.37
24-Jan-19,30118.75,30264.55,29983.4,30036.75,-0.27%,42081326,1999
25-Jan-19,30125.8,30331.1,29856.25,29938.05,-0.62%,22428348,1434.35
28-Jan-19,29951.8,29991.3,29533.5,29565.55,-1.29%,19921938,1136.2
29-Jan-19,29561.55,29842.1,29488.7,29758.9,0.67%,17781812,1087.29
30-Jan-19,29853.9,29857.55,29337.35,29463.85,-1.31%,30784000,2077.09
31-Jan-19,29571.8,29872.75,29450.6,29800.55,0.77%,47908371,2732.29
01-Feb-19,29936.1,30536.6,29872.2,30199.9,0.88%,43443621,2750.68
04-Feb-19,30233,30299.35,29889.2,30008.9,-0.74%,19318602,1354.11
05-Feb-19,30023.95,30053.65,29695.35,29759.85,-0.88%,37339130,2542.08
06-Feb-19,29883.35,30074.65,29805.6,30029,0.49%,28548850,2123.02
07-Feb-19,30091.65,30319.5,30034.45,30266.3,0.58%,22339374,1575.51
08-Feb-19,30163.2,30315.45,29699.9,29769.05,-1.31%,16403218,1282.18
11-Feb-19,29744.5,29842.95,29320.85,29728.5,-0.05%,24711817,1316.38
12-Feb-19,29767.6,29817.9,29483.5,29524,-0.82%,20199811,1199.92
13-Feb-19,29779.25,29970.1,29365.65,29438.5,-1.14%,29306568,1654.2
14-Feb-19,29423.8,29597.3,29399.95,29451.45,0.09%,21880290,1342.33
15-Feb-19,29542.75,29568.3,29003.25,29309.1,-0.79%,51245356,2166.68
18-Feb-19,29238.35,29348.65,28887.7,28965.15,-0.93%,56594379,2422.89
19-Feb-19,28913.2,29267.7,28913.2,29009.7,0.33%,55365248,2531.75
20-Feb-19,29124.35,29175.7,28907.6,29053.4,-0.24%,19553998,1326.52
21-Feb-19,29092.55,29229.3,29024.75,29166.35,0.25%,21946832,1421.86
22-Feb-19,29214.6,29282,29121,29241.2,0.09%,22015109,1373.75
25-Feb-19,29294.45,29362.7,29165.6,29327.05,0.11%,42226812,1947.65
26-Feb-19,29171,29391.3,29095.05,29253.65,0.28%,28240715,1805.08
27-Feb-19,29340.85,29547.85,29055.6,29171.95,-0.58%,30000909,1659.63
28-Feb-19,29375.15,29375.15,29180.95,29262.85,-0.38%,60223280,2581.69
01-Mar-19,29335.2,29494.75,29334.45,29464.9,0.44%,23232320,1238.32
05-Mar-19,29559.35,29726.1,29371.8,29649.2,0.3%,29030097,1559.34
06-Mar-19,29822.65,29997.7,29651.3,29710.3,-0.38%,37894667,2242.95
07-Mar-19,29812,30012.9,29754.2,29904.05,0.31%,26558673,1597.69
08-Mar-19,29920.2,30071.05,29777.5,29945.75,0.09%,23274485,1267.36
11-Mar-19,30069.2,30290.8,29977.35,30256.4,0.62%,32289014,1667.93
12-Mar-19,30411.35,30563.75,30387.35,30480.8,0.23%,29800665,1744.81
13-Mar-19,30578.85,30628.95,30391.4,30451.6,-0.42%,24797164,1421.18
14-Mar-19,30500.25,30516.3,30166.35,30467.3,-0.11%,27751589,1578.01
15-Mar-19,30538.2,30553.35,29854.7,29953.4,-1.91%,42328262,2464.86
18-Mar-19,30105.5,30192.7,29971.75,30172.3,0.22%,22699510,1438.84
19-Mar-19,30244.6,30468.85,30119.85,30433.15,0.62%,30877740,1874.92
20-Mar-19,30491.75,30584.05,30250.4,30297.35,-0.64%,30051038,1726.45
22-Mar-19,30363.6,30424.7,30095.7,30198.85,-0.54%,21614196,1404.01
25-Mar-19,30065.8,30065.8,29792.25,29921.45,-0.48%,23753563,1625.27
26-Mar-19,29959.6,30013.9,29787.95,29957.8,-0.01%,22946782,1458.97
27-Mar-19,30012.95,30202.2,29821.4,29891.35,-0.41%,27271587,1679.42
28-Mar-19,29952.6,30316.1,29882.25,30243.25,0.97%,41830420,3071.49
29-Mar-19,30430.45,30443.75,30245.25,30321.4,-0.36%,33942204,2087.89
01-Apr-19,30402.6,30539.4,30162.15,30193.15,-0.69%,22973796,1421.04
02-Apr-19,30237.15,30295,30024.7,30073.15,-0.54%,26883591,1403.65
03-Apr-19,30140,30177.95,29929.6,29969,-0.57%,28648668,1501.65
04-Apr-19,29980.6,30078.35,29907.35,29998.7,0.06%,20403646,1233.4
05-Apr-19,30057.6,30100,29801.1,29869.15,-0.63%,21563374,1272.37
08-Apr-19,29934.65,29986.15,29731.25,29804.45,-0.43%,15017780,991.8
09-Apr-19,29834,30038.4,29787.3,30019.25,0.62%,16200092,998.18
10-Apr-19,30052.3,30133.65,29948.85,29994.95,-0.19%,20128277,1301.88
11-Apr-19,30034,30203.5,29998.3,30151.15,0.39%,26697765,1613.77
12-Apr-19,30205.4,30582.25,30193.5,30533.7,1.09%,36470890,1758.68
15-Apr-19,30670.35,30751.7,30455,30547.4,-0.4%,23623321,1163.6
16-Apr-19,30643.2,30828.1,30578.75,30742.6,0.32%,20683496,1277.15
18-Apr-19,30785.65,30811.35,30532.45,30558.95,-0.74%,22804409,1314.08
22-Apr-19,30539.65,30562.8,30365.1,30418.1,-0.4%,14106079,782.63
23-Apr-19,30459.8,30565.15,30407.6,30495.05,0.12%,19629974,1031.39
24-Apr-19,30493.45,30678.75,30247.75,30631.25,0.45%,29832006,1312.08
25-Apr-19,30686.95,30786.15,30312.2,30371.3,-1.03%,38457309,1781.59
26-Apr-19,30446.1,30511.35,30298.35,30440.75,-0.02%,14392110,860.8
30-Apr-19,30442.45,30628.75,30255.1,30336.9,-0.35%,24101454,1291.64
02-May-19,30349.5,30442.6,30030.25,30091.25,-0.85%,31138750,1846.78
03-May-19,30026,30063.4,29688.15,29750.55,-0.92%,25929607,1890.44
06-May-19,29677.05,29677.05,29371.1,29575.85,-0.34%,19977935,1402.04
07-May-19,29742.45,29910.75,29521,29557.05,-0.62%,40204807,2198.39
08-May-19,29480.7,29587.45,29310.4,29395.7,-0.29%,26240056,1432.1
09-May-19,29296.05,29550.6,29217.05,29474.8,0.61%,20225348,1098.73
10-May-19,29505.3,29533.3,29257.2,29359.05,-0.5%,18436110,1070.14
13-May-19,29295.95,29658.55,28988.55,29061,-0.8%,48698880,1901.43
14-May-19,29105.3,29406.65,28996.2,29235.1,0.45%,36928697,1673.87
15-May-19,29361,29368.75,29118.55,29185.1,-0.6%,36347341,1983.48
16-May-19,29258.8,29344.2,29032.1,29228.7,-0.1%,45065053,1732.23
17-May-19,29251.7,30002.45,29250.9,29962.15,2.43%,46727172,2153.74
20-May-19,30447.05,30592.85,30055.5,30547.65,0.33%,33027463,1688.54
21-May-19,30557.65,30824.95,30491.3,30537.9,-0.06%,32762161,2002.4
22-May-19,30459.65,30459.65,30064.25,30247.65,-0.7%,27293137,1383.56
23-May-19,30609.65,30664,29630.8,29723.8,-2.89%,45616577,1967.24
24-May-19,29889.8,30038.3,29606.85,29965.4,0.25%,29148853,1604.69
27-May-19,29994.05,30129.3,29948.9,30105.4,0.37%,21432272,1273.17
28-May-19,30194.45,30223.55,29997.1,30068.95,-0.42%,36831783,1993.08
01-Jan-20,30202.75,30251.2,30119.1,30234.25,0.1%,10343897,676.25
02-Jan-20,30271.3,30357.3,30220.05,30266.2,-0.02%,17998667,939.47
03-Jan-20,30302.15,30306.05,30050.75,30109.25,-0.64%,20089305,1229.69
06-Jan-20,30024.75,30049.3,29765.15,29799.3,-0.75%,17667570,1011.2
07-Jan-20,29903.05,30049.35,29841.15,29861.8,-0.14%,18622056,1097.36
08-Jan-20,29685.15,29932.8,29660.1,29893.2,0.7%,18127207,1302.85
09-Jan-20,30071.4,30170.65,30035.3,30123.6,0.17%,25835515,1540.16
10-Jan-20,30244.55,30393.2,30183.8,30370.45,0.42%,27618464,1371.61
13-Jan-20,30455.75,30735.45,30443.5,30713.45,0.85%,31666435,1834.49
14-Jan-20,30798.55,31179.3,30690.7,31145.4,1.13%,67441140,3240.44
15-Jan-20,31133.4,31273.05,31006.3,31237.1,0.33%,38166019,2067.56
16-Jan-20,31255.9,31507.7,31210.95,31338.2,0.26%,33199268,2277.62
17-Jan-20,31372.25,31490.75,31305.65,31371.45,0%,21148293,1271.5
20-Jan-20,31369.65,31546.8,31368.1,31426.75,0.18%,24432676,1370.05
21-Jan-20,31358.35,31362.85,31105.5,31145.95,-0.68%,22451037,1161.5
22-Jan-20,31270.7,31275.6,31024.4,31153.15,-0.38%,19256107,1130.25
23-Jan-20,31147,31257.15,30995.3,31226.9,0.26%,25011188,1319.04
24-Jan-20,31223.05,31526.95,31173.8,31474.9,0.81%,21949485,1375.91
27-Jan-20,31373.25,31450.35,31110.55,31149.7,-0.71%,17500325,976.58
28-Jan-20,31210.55,31234.1,31007.2,31027.05,-0.59%,49576185,2901.77
29-Jan-20,31150.45,31506.55,31132.2,31426.25,0.89%,46825220,2601.18
30-Jan-20,31419.2,31438.35,30849.85,30936.45,-1.54%,37175318,2540.91
31-Jan-20,31099.25,31108.6,30729.6,30775.3,-1.04%,49149652,2871.93
01-Feb-20,30865.05,31140,30016.4,30196.65,-2.17%,60387092,2514.25
03-Feb-20,30049.3,30702.95,29833.05,30435.3,1.28%,102457740,4310.87
04-Feb-20,30614.05,30857.05,30467,30744,0.42%,58565411,2751.13
05-Feb-20,30885.2,30984.5,30736.05,30934.4,0.16%,64580430,2859.8
06-Feb-20,31055.4,31158.65,30590.25,30736.6,-1.03%,49485384,2314.59
07-Feb-20,30806.5,30930,30724.05,30809.5,0.01%,47794999,2450
10-Feb-20,30863.7,30872.15,30496.55,30528.45,-1.09%,24442191,1666.28
11-Feb-20,30856.25,30871.15,30375.35,30414.55,-1.43%,46118449,2078.76
12-Feb-20,30494.95,31084.45,30488.45,30986.25,1.61%,35306974,2975.79
13-Feb-20,30968.35,31066.6,30817.55,31039.3,0.23%,27421091,2150.39
14-Feb-20,31036.9,31205.9,30556.3,30646.75,-1.26%,29591320,1793.23
17-Feb-20,30660.35,30788.6,30451.1,30481.05,-0.58%,35459574,1819.01
18-Feb-20,30463,30471.35,30076.65,30360.6,-0.34%,40610242,1938.5
19-Feb-20,30529.4,30888.9,30440.35,30835,1%,28679644,1885.78
20-Feb-20,30807.75,30904.45,30585.2,30636.25,-0.56%,34634952,1836.83
24-Feb-20,30545.5,30590,30108.4,30147.6,-1.3%,32962208,1786.82
25-Feb-20,30295.8,30580.25,30145.1,30173.2,-0.4%,31166143,1846.41
26-Feb-20,30155.1,30231.75,29851.2,29965.55,-0.63%,35992533,2161.59
27-Feb-20,29993.4,30012.6,29622.25,29981.2,-0.04%,33412776,2022.87
28-Feb-20,29468.4,29578.5,29151.8,29310.25,-0.54%,60349528,3312.2
02-Mar-20,29610.15,29913.1,28911.5,29138.9,-1.59%,40844563,2311.88
03-Mar-20,29350.45,29539.5,29119.5,29406.2,0.19%,40485393,2290.63
04-Mar-20,29563.15,29604.7,28873.35,29223.75,-1.15%,45837467,2210.72
05-Mar-20,29333.25,29844.1,29332.05,29530.5,0.67%,38389692,2305.92
06-Mar-20,28988.2,29201.75,28689.45,28937,-0.18%,47823517,2312.56
09-Mar-20,28466.25,28530.45,27841.3,28056.5,-1.44%,43871379,2283.57
11-Mar-20,27697.95,28256.9,27639.3,28078.75,1.37%,48363955,2479.76
12-Mar-20,27305.85,27319.6,25716.2,26083,-4.48%,85959069,3740.6
13-Mar-20,24896.85,26935,23420.4,26208,5.27%,93535575,3752.03
16-Mar-20,25586.4,25624.35,24492.7,24707.65,-3.43%,57561430,2679.64
17-Mar-20,24850.5,25677.55,24598.2,24929.85,0.32%,74735778,3027.26
18-Mar-20,25269.25,25392.65,24047,24186.5,-4.28%,74132447,3017.75
19-Mar-20,23695.9,24382,22699.05,23970.75,1.16%,118829938,3781.5
20-Mar-20,24198.2,26113.7,24198.2,25931.6,7.16%,87762108,3500.99
23-Mar-20,23950.55,24373.55,23082.2,23184.05,-3.2%,69667235,2477.46
24-Mar-20,24123.3,24584.85,23390.45,23935.3,-0.78%,83206249,3679.16
25-Mar-20,23804.85,24695.25,23646.7,24471.7,2.8%,92962761,3654.07
26-Mar-20,24727.15,26091.05,24295.6,25680.1,3.85%,87681348,3359.69
27-Mar-20,26382.25,26557.7,25301.8,25740.45,-2.43%,55047455,2532.53
30-Mar-20,25218.5,26164.1,25159.85,25831.55,2.43%,48612218,2410
31-Mar-20,26472.75,27406.2,26038.8,27319.2,3.2%,64851135,2700.48
01-Apr-20,27346.95,27683.9,26197.05,26358.8,-3.61%,41906619,2357.79
03-Apr-20,26716.5,27180.75,26114.2,26537.75,-0.67%,90161887,3517.89
07-Apr-20,27491.6,28823.5,27272.9,28745.3,4.56%,70920964,4510.85
08-Apr-20,28600.25,29817.6,28397.35,28839.9,0.84%,75200365,5179.12
09-Apr-20,29500.75,29501.2,28764.25,28953.2,-1.86%,76633055,3862.95
13-Apr-20,28913.3,28963.05,28357.75,28509.85,-1.4%,41204171,2397.43
15-Apr-20,28979.6,29865.35,28880.6,29686.95,2.44%,106868399,10280.94
16-Apr-20,29563.45,30023,29233.1,29512.3,-0.17%,61078096,3879.6
17-Apr-20,30202.75,30202.75,29092.35,29202.35,-3.31%,57684415,3509.68
20-Apr-20,29490.25,29490.25,28542.3,28598.1,-3.03%,56367919,2694.25
21-Apr-20,28134.3,28791.2,28063.3,28480.6,1.23%,46484214,2764.71
22-Apr-20,28453.35,29264.25,28197.1,29185.15,2.57%,50159275,3055.08
23-Apr-20,29278.45,29698.35,28689.6,28786.25,-1.68%,63716288,4326.74
24-Apr-20,28736.45,29008.9,28591.2,28636.7,-0.35%,42113333,2946.71
27-Apr-20,28805.2,29101.65,28771.6,29052.55,0.86%,42007893,2912.86
28-Apr-20,29208.9,29233.4,28636,28778.15,-1.47%,39175236,2465.34
29-Apr-20,28887.5,28932.35,28608.25,28665,-0.77%,43005148,2702.84
30-Apr-20,29078.45,29078.45,28460.05,28669.3,-1.41%,65338853,4467.92
04-May-20,28197.45,28235.45,27544.75,27599,-2.12%,74361350,4647.32
05-May-20,27815.7,28011.75,27065.85,27138.6,-2.43%,65780211,3698.67
06-May-20,27061.5,27062.1,26373.95,26630.2,-1.59%,101493046,4183.35
07-May-20,26402.25,26445.1,25984,26254.55,-0.56%,236904193,38001.24
08-May-20,26809.4,26809.4,26598.05,26759.8,-0.19%,65277326,5603.39
11-May-20,26895.65,27149.05,26608.2,26667.8,-0.85%,50403534,4289.03
12-May-20,26571.05,26913.65,26321.9,26857.15,1.08%,53361288,4988.38
13-May-20,27761.9,27765.9,26680.75,26746.5,-3.66%,56803279,4676.11
14-May-20,26618.1,27090.8,26587,26933.65,1.19%,65530916,5089.02
15-May-20,26969.4,27028.95,26795.85,26958.65,-0.04%,54811702,3759.54
18-May-20,27057.5,27092.5,26653.95,26694.65,-1.34%,59539266,4178.91
19-May-20,26895.2,26987.65,26731.45,26895.75,0%,49736991,3203.66
20-May-20,26995.1,27428.25,26935.65,27290.35,1.09%,50600732,2921.4
21-May-20,27366.5,27967,27207.45,27887.1,1.9%,91935088,4381.52
22-May-20,27843.25,28051.25,27658.1,27786.1,-0.21%,68203306,3646.08
26-May-20,28071.7,28403.75,27957.6,28122.3,0.18%,88109568,4245.6
27-May-20,28226.25,28296.1,27742.25,28222.4,-0.01%,51946214,3039.78
28-May-20,28223.1,28524.25,28096.75,28451.6,0.81%,63838520,4212.94
01-Jan-21,34236.7,34435.2,34212.2,34391.85,0.45%,31502825,1759.5
04-Jan-21,34535.25,34713.6,34385.5,34619.7,0.24%,44370717,2425.93
05-Jan-21,34473.5,34788.35,34420.15,34720.25,0.72%,36402461,2623.22
06-Jan-21,34748.1,34768.2,34091.45,34327.35,-1.21%,72848563,3445.23
07-Jan-21,34521.65,34543,33988.2,34032.35,-1.42%,56148076,3223.29
08-Jan-21,34282.45,34346.2,33994.2,34276.75,-0.02%,83837475,4261.31
11-Jan-21,34597.35,34919.6,34446.35,34681.25,0.24%,73357641,4285.14
12-Jan-21,34754.7,34771.65,34401.65,34488.65,-0.77%,58474639,3251.01
13-Jan-21,34617.6,34945.3,34377.25,34617.6,0%,83407138,3546.75
14-Jan-21,34669.1,34942.2,34616,34885.7,0.62%,73574701,3665.8
15-Jan-21,34898.8,35000.35,34350.15,34630.05,-0.77%,77773991,3376
18-Jan-21,34735.7,34810.4,34248.2,34502.85,-0.67%,85435939,3705
19-Jan-21,34648.25,34808.1,34454.85,34659.85,0.03%,50207770,2621.36
20-Jan-21,34667,34796.85,34555.55,34605.35,-0.18%,62546728,2839.49
21-Jan-21,34822.75,34974.05,34376.4,34494.4,-0.94%,51184263,2947.05
22-Jan-21,34537.3,34732.7,34318,34430.3,-0.31%,43415661,2789.57
25-Jan-21,34613.4,34647.5,33958.4,34178.6,-1.26%,42318632,2465.89
27-Jan-21,34316.45,34394.65,34096.2,34281.4,-0.1%,71172534,3348.57
28-Jan-21,34033.35,34146.65,33543.2,33625.85,-1.2%,52360433,3612.64
29-Jan-21,33832.2,33864.45,32972.25,33121.05,-2.1%,60721600,4319.47
01-Feb-21,33304.15,33867.15,32996.3,33689.65,1.16%,84228247,3707.24
02-Feb-21,34047.45,34148.6,33634.85,33730.85,-0.93%,72637229,3903.31
03-Feb-21,33954.95,34009.75,33630.6,33682.35,-0.8%,82803006,4167.42
04-Feb-21,33784.95,34569.95,33740.2,34507.65,2.14%,127649599,5529.83
05-Feb-21,34676.5,34818.2,34368.55,34644.5,-0.09%,147000631,5711.33
08-Feb-21,34938.05,34978.15,34410.6,34452.25,-1.39%,62514842,3793.69
09-Feb-21,34598.4,34786.25,34160.65,34231.3,-1.06%,91510208,4117.17
10-Feb-21,34268.85,34449.1,33881.2,34188,-0.24%,62243166,2919.6
11-Feb-21,34299.25,34512.5,34162.95,34463.75,0.48%,65200654,3138.03
12-Feb-21,34524.1,34524.1,33785.6,33928.3,-1.73%,126913216,4181.55
15-Feb-21,34076.55,34215.8,33921.25,33959.9,-0.34%,47791776,2592.12
16-Feb-21,34089.3,34162.75,33619.05,33724.5,-1.07%,50509298,3248.4
17-Feb-21,33681.1,33726.9,33418.05,33519.55,-0.48%,42886991,3667.93
18-Feb-21,33593.3,33670.85,33323.05,33373.9,-0.65%,45325474,3125.84
19-Feb-21,33396.8,33584.55,33115.1,33336.8,-0.18%,60617293,3747.91
22-Feb-21,33330.05,33357,32803.5,32891.7,-1.32%,76985593,4314.32
23-Feb-21,33056.75,33175.4,32845.25,33025.95,-0.09%,48761622,3183.05
24-Feb-21,33228.7,33261.7,32841.95,33091.7,-0.41%,32439553,2091.14
25-Feb-21,33159,33262.3,32969.45,33001.8,-0.47%,52215795,3099.6
26-Feb-21,32832.85,33017.05,32312.45,32443.15,-1.19%,73964263,4169.4
01-Mar-21,32610.4,32886.15,32429.6,32797.65,0.57%,29379443,1692.4
02-Mar-21,32932.85,33301.35,32847.4,33250.9,0.97%,41838211,2312.51
03-Mar-21,33538.35,33538.35,33306.2,33454.4,-0.25%,40107686,2311.31
04-Mar-21,33289.15,33562.1,33201.85,33443.8,0.46%,43301960,2451.79
05-Mar-21,33291.45,33474.55,33238.6,33360.3,0.21%,34090124,2213.11
08-Mar-21,33493.1,33578.1,33142.25,33190.35,-0.9%,35185572,1842.93
09-Mar-21,33281.25,33404.4,32827.4,33215.85,-0.2%,38188394,2149.86
10-Mar-21,33393.05,33424.5,33220,33402.75,0.03%,33548427,1986.45
12-Mar-21,33557.5,33577.1,33022.1,33068.5,-1.46%,43598695,2087.22
15-Mar-21,33172.6,33179.8,32720,33058.85,-0.34%,55187777,2235.03
16-Mar-21,33166.1,33409.25,33107,33351.75,0.56%,63050080,2694.04
17-Mar-21,33594.15,33595.6,33136.1,33194.6,-1.19%,95906817,3755.99
18-Mar-21,33391.45,33480.55,33017.95,33222.6,-0.51%,106916217,3699.7
19-Mar-21,33120.75,34173.1,32831.8,34028.35,2.74%,159227424,6370.15
22-Mar-21,34049.45,34647.2,33934.5,34608,1.64%,63563692,3118.95
23-Mar-21,34651.25,34814.4,34415.5,34473.75,-0.51%,59393228,2805.75
24-Mar-21,34357.25,34542.85,33943.55,33987.1,-1.08%,42516125,2238.52
25-Mar-21,34024.25,34044.4,33071.7,33213.15,-2.38%,59071629,3087.08
26-Mar-21,33495.75,33887.35,33444.15,33818.45,0.96%,41638163,2346.95
30-Mar-21,34023.35,34628.15,33981.25,34578.85,1.63%,62241247,4013.04
31-Mar-21,34538.55,34980.15,34448.3,34931.7,1.14%,51953080,2839.71
01-Apr-21,35081.1,35102.7,34754.85,34874.55,-0.59%,40133110,2006.84
05-Apr-21,34800.55,34892.6,34024.15,34304.55,-1.43%,47978583,2728.17
06-Apr-21,34439.55,34697.1,34221.1,34619.85,0.52%,46243473,2938.56
07-Apr-21,34682.15,35050.45,34613.2,34835.3,0.44%,32763925,2495.98
08-Apr-21,34899.5,35105.65,34869.15,34983.05,0.24%,28578740,2133.44
09-Apr-21,35064.7,35442.85,34999.4,35253.1,0.54%,30466835,2145.05
12-Apr-21,34865.1,34979.9,34472.9,34561.35,-0.87%,52686100,2903.14
13-Apr-21,34698.95,35045.45,34591.1,34720.35,0.06%,36246183,2227.42
15-Apr-21,34972.5,35046.75,34349.65,34658.6,-0.9%,36226912,2624.85
16-Apr-21,34816.9,34957.15,34699,34853.15,0.1%,29154086,1847.32
19-Apr-21,34463.45,34623.95,34218.1,34519,0.16%,28156292,1817.74
20-Apr-21,34772.05,34772.05,34087.1,34296.5,-1.37%,41427833,2453.56
22-Apr-21,34212.2,34222.8,33894.05,34043.05,-0.49%,37705000,2324.04
23-Apr-21,33938.1,34002.85,33631.7,33726.1,-0.62%,32389044,1982.03
26-Apr-21,33874.75,33952.6,33726.05,33865.7,-0.03%,33345995,2309.48
27-Apr-21,33949.9,34037.2,33888.35,34009.35,0.18%,24362807,1822.52
28-Apr-21,34060.45,34398.5,33999.85,34129.15,0.2%,28700432,2350.98
29-Apr-21,34400.7,34455,33944.9,34009,-1.14%,28002196,2277.97
30-Apr-21,33970.25,34098.9,33544.85,33623.45,-1.02%,35650551,2571.54
03-May-21,33515.65,34072.7,33505.2,33994.2,1.43%,53604116,2843.95
04-May-21,34074.25,34166.9,33691.7,33822.75,-0.74%,41272606,2405.53
05-May-21,34073.95,34073.95,33663.45,33898,-0.52%,28880906,1638.38
06-May-21,34003.85,34233.55,33897.7,34048.5,0.13%,32950357,1920.45
07-May-21,34153.5,34221.6,34049.85,34123.5,-0.09%,51167740,2743.05
10-May-21,34273.95,34332.1,34067.45,34204.25,-0.2%,34144556,2014.81
11-May-21,34066.5,34299.35,34010.95,34129.3,0.18%,32337633,1993.1
12-May-21,34197.25,34258.65,33988.45,34057.4,-0.41%,60478779,4306.94
14-May-21,34158.2,34835,34094.4,34781.5,1.82%,84249755,3611.75
17-May-21,35050.6,35097.55,34755.2,34807.4,-0.69%,53305009,2543.26
18-May-21,35083.9,35125.6,34655.95,34741.45,-0.98%,47819412,2613.83
19-May-21,34704.2,34844.55,34635.15,34729.7,0.07%,41697743,2491.91
20-May-21,34752.55,34779.35,34446.05,34475.6,-0.8%,37535203,2233.68
21-May-21,34556.6,34727.05,34522.7,34690.55,0.39%,35783908,1983.67
24-May-21,34722.5,34748.7,34487.55,34572.5,-0.43%,50724956,2903.58
25-May-21,34794.35,34992.3,34704.15,34780.85,-0.04%,46134588,2943.23
26-May-21,34929.1,34982.45,34782.8,34815.7,-0.32%,30474660,1775.44
27-May-21,34878.6,34957.75,34741.8,34812.3,-0.19%,83176800,4500.21
28-May-21,34947.85,35084.2,34870.55,34890.5,-0.16%,39434545,2045.09
31-May-21,35022.5,35296.8,34983.65,35243.1,0.63%,88839983,3186.1
03-Jan-22,37673.25,37725.5,37559.75,37606.05,-0.18%,13925408,931.83
04-Jan-22,37687.6,37842.65,37477.75,37800.35,0.3%,21234860,1505.02
05-Jan-22,37798.7,37941.4,37690.7,37910.95,0.3%,20565249,1369.8
06-Jan-22,37704.25,37786.25,37427.95,37622.5,-0.22%,19829751,1505.56
07-Jan-22,37649.2,37909.1,37644.7,37864.45,0.57%,17494097,1289.27
10-Jan-22,38012.2,38174.6,37904.85,37984.05,-0.07%,22839398,1226.13
11-Jan-22,38039.9,38111.35,37781.65,37849.9,-0.5%,16746639,1258.12
12-Jan-22,37976.85,38026.55,37821.2,37992.95,0.04%,24492687,1624.62
13-Jan-22,38092.3,38141.05,37922.35,38087.25,-0.01%,23495230,1615.49
14-Jan-22,38080,38124.4,37784,37816,-0.69%,27720033,2010.65
17-Jan-22,37850.15,38092.15,37633.15,37988.9,0.37%,22262508,1422.34
18-Jan-22,38085.35,38218.15,37439.55,37503.15,-1.53%,26936850,1738.78
19-Jan-22,37491.7,37508.9,37036.65,37106.4,-1.03%,22746815,1672.57
20-Jan-22,37216.8,37317.25,36530,36681.4,-1.44%,32189045,2162.66
21-Jan-22,36633.65,36993.95,36502.95,36812.9,0.49%,34024511,2507.04
24-Jan-22,36838.65,36880.7,35783.25,35941.35,-2.44%,32207153,2001.42
25-Jan-22,35849.25,36443.25,35366.55,36382.85,1.49%,31706902,1868.2
27-Jan-22,36093.7,36228.45,35689.2,35966.8,-0.35%,39885444,2360.22
28-Jan-22,36033.75,36552.3,36033.05,36188.3,0.43%,28525709,1829.14
31-Jan-22,36361.45,36669.8,36351.75,36467.25,0.29%,27963355,1772.91
01-Feb-22,36720.05,37231.35,36533.7,37183.8,1.26%,54855716,2259.21
02-Feb-22,37482.15,37609.5,37274.85,37581.5,0.27%,50070121,2008.66
03-Feb-22,37570.2,37699.7,37338.7,37467.2,-0.27%,45565301,2379.65
04-Feb-22,37662.5,37712.25,37210.7,37508.4,-0.41%,68988475,2608.92
07-Feb-22,37468.4,37591.05,36595.2,36764.95,-1.88%,39339541,2017.92
08-Feb-22,36848.95,36890.8,36555.35,36765.95,-0.23%,27892153,1636.11
09-Feb-22,36907.95,36936.45,36709.25,36852.85,-0.15%,21721913,1376.09
10-Feb-22,36836.15,37043.1,36515.2,36982.55,0.4%,29595815,1552.4
11-Feb-22,36874.05,36877.15,36407.65,36671.65,-0.55%,29800752,1883.52
14-Feb-22,35988.05,36027.3,35556.1,35661.25,-0.91%,33926904,1734.73
15-Feb-22,35845,36528.95,35683.6,36438.7,1.66%,26527956,1722.34
16-Feb-22,36510.45,36698.75,36274.6,36460.75,-0.14%,19860430,1203.71
17-Feb-22,36526.15,36653.65,36320.15,36571.7,0.12%,23703698,1437.08
18-Feb-22,36439.2,36662.95,36370.1,36498.7,0.16%,17365378,1182.21
21-Feb-22,36291.1,36400.15,36055.35,36200.3,-0.25%,24348855,1192.7
22-Feb-22,35713.4,35946.2,35561.8,35879.85,0.47%,36809677,1688.2
23-Feb-22,36005.7,36108.15,35865,35933.1,-0.2%,20134872,1338.5
24-Feb-22,34984.95,35452.75,34608.65,34735.15,-0.71%,63388931,3279.77
25-Feb-22,35057.65,35465.8,34934.05,35292.55,0.67%,37767315,2286.25
28-Feb-22,35150.55,35593.85,34623.55,35515.4,1.04%,44447818,2859.39
02-Mar-22,35187.6,35427.35,35035.55,35364.45,0.5%,34925415,2191.13
03-Mar-22,35494.1,35555.85,34955.55,35019.6,-1.34%,46051013,2602.07
04-Mar-22,34788.8,34854.15,34136.5,34627.85,-0.46%,87801121,4065.64
07-Mar-22,33960.1,34072.6,33407.55,33657.45,-0.89%,65122029,3061.74
08-Mar-22,33495.8,34044.5,33462.4,34006.9,1.53%,54594885,2817.8
09-Mar-22,34192.15,34615.55,33963.2,34486.95,0.86%,60299920,2859.63
10-Mar-22,35050.95,35587.1,34966.75,35530.3,1.37%,54428251,3132.13
11-Mar-22,35519.95,35655.45,35255.6,35613.65,0.26%,55382861,2547.85
14-Mar-22,35654.3,35654.3,35237.85,35589.4,-0.18%,47011786,2116.1
15-Mar-22,35534.3,35985.45,35438.3,35649.95,0.33%,54822681,2890.37
16-Mar-22,35978.95,36338.2,35769.55,36273.6,0.82%,36015729,2112.15
17-Mar-22,36605.85,36822.4,36513.85,36782.7,0.48%,54578694,3169.51
21-Mar-22,36843.85,36869.25,36085.15,36149.35,-1.88%,40122513,2013.56
22-Mar-22,36118.65,36148.8,35382.8,35887.05,-0.64%,55153814,3297.99
23-Mar-22,36126.35,36136.75,35751.3,35789.85,-0.93%,57483113,3002.06
24-Mar-22,35714.2,36029.35,35634.25,35797.15,0.23%,54013708,2631.57
25-Mar-22,35907.95,35924.55,35314.85,35522.75,-1.07%,42125957,2118.4
28-Mar-22,35632.55,35723.5,35264.9,35659.45,0.08%,39068877,2058.62
29-Mar-22,35736.25,35853.05,35555.05,35640.15,-0.27%,28826904,1602.85
30-Mar-22,35831.75,36029.35,35754.75,35858.25,0.07%,40999538,2607.97
31-Mar-22,35963.15,36397.4,35939.4,36287.75,0.9%,43123645,2453.98
01-Apr-22,36321.45,36829.9,36229.9,36712.15,1.08%,27206261,1674.51
04-Apr-22,36767.7,37259.85,36613.85,37191.75,1.15%,28562603,1711.7
05-Apr-22,37358.75,37866.65,37220.9,37656.8,0.8%,39778927,1952.56
06-Apr-22,37477.15,37761.2,37307.35,37588.9,0.3%,33266746,1906.4
07-Apr-22,37518.85,37846.2,37507.9,37561.7,0.11%,30923341,1967.1
08-Apr-22,37710.4,38378.8,37607.8,38322.65,1.62%,55054146,2631.22
11-Apr-22,38398.7,38533.35,38024.35,38236.25,-0.42%,55908512,2294.22
12-Apr-22,38088.55,38181.7,37797.15,37931.4,-0.41%,33803782,1797.9
13-Apr-22,38034.6,38309.75,37894.7,38191.4,0.41%,31373468,1599.03
18-Apr-22,38028.6,38527.1,37952.4,38422.1,1.03%,35882872,2002.29
19-Apr-22,38609.45,38808.7,37102.55,37337.4,-3.29%,36248555,2056.47
20-Apr-22,37517.4,37867.65,37270.7,37722.8,0.55%,35131470,1904.98
21-Apr-22,37859.95,38087.35,37773.7,38005.9,0.39%,33649367,2111.84
22-Apr-22,37838.3,38093.6,37661.05,37775.45,-0.17%,30169367,2385.06
25-Apr-22,37317.9,37674.3,36926.05,37167.4,-0.4%,39284008,2425.03
26-Apr-22,37528.65,37985.6,37505.25,37866.7,0.9%,33386679,2081.45
27-Apr-22,37615.45,37800.2,37374.15,37634.5,0.05%,30416509,2138.56
28-Apr-22,38106.15,38608.25,37854.7,38460.25,0.93%,46961830,3372.46
29-Apr-22,38592.45,38781.05,38086.55,38204.15,-1.01%,39098424,2627.6
02-May-22,38008.7,38341.6,37886.45,38285.3,0.73%,28290590,1622.77
04-May-22,38432.45,38737.35,37495.15,37621.8,-2.11%,41232123,2939.81
05-May-22,37869.75,37990.55,37322.8,37408.05,-1.22%,35799863,2318.87
06-May-22,36915.95,37419.3,36762.65,37279.3,0.98%,48390643,2410.65
09-May-22,37078.25,37123.6,36553.6,36732,-0.93%,31680204,1834.95
10-May-22,36789.4,37311.3,36712.45,36911.9,0.33%,30435080,1900.38
11-May-22,36897.3,37056.8,36151.1,36658.4,-0.65%,28192985,1678.67
12-May-22,36582.8,36612.85,35826.7,36221.75,-0.99%,32506237,1803.68
13-May-22,36610.2,37371.55,36520.65,36887.15,0.76%,30391845,2177.04
16-May-22,37067.35,37095.25,36653.9,36759.5,-0.83%,17397871,1248.74
17-May-22,36959.6,37606.55,36865.65,37518.75,1.51%,31031749,1967.45
18-May-22,37579.3,38033.15,37531.3,37989.05,1.09%,34748848,2177.62
19-May-22,37355.9,38136.5,37355.9,37740.45,1.03%,90203506,3484.83
20-May-22,38055.05,38699.15,37989.2,38546.35,1.29%,48933534,2884.64
23-May-22,38551.6,38784.3,38308,38510.8,-0.11%,33727041,2207.79
24-May-22,38625.5,38625.95,37922.5,38010.85,-1.59%,27935708,2010.08
25-May-22,38257.25,38334.3,37798.85,37930.95,-0.85%,24337073,1590.02
26-May-22,37796.25,37924.2,37346.3,37849.2,0.14%,32101017,2175.24
27-May-22,38126.6,38343.25,37825.4,38242.7,0.3%,22351838,1311.53
30-May-22,38444.3,38731.7,38314.2,38610.4,0.43%,23466919,1533.13
02-Jan-23,44284.2,44318.65,44000.8,44192.85,-0.21%,12327497,1003.02
03-Jan-23,44121.6,44231.75,43900.9,44013.65,-0.24%,12841329,1182.51
04-Jan-23,44104.85,44160.65,43655,43723.55,-0.86%,14787998,1329.53
05-Jan-23,43832.1,44533.65,43812.95,44401.5,1.3%,26308885,2431.19
06-Jan-23,44453.75,44717.35,44287.6,44412.85,-0.09%,19486009,1576.27
09-Jan-23,44617.5,44894.55,44505.6,44796.65,0.4%,19967234,1462.95
10-Jan-23,44800.05,44809.45,44503.8,44626.05,-0.39%,14886937,1358.92
11-Jan-23,44728.45,44752.8,44077.1,44123,-1.35%,15394460,1483.22
12-Jan-23,44179.4,44258.75,43802.6,43966.35,-0.48%,17879673,1593.94
13-Jan-23,44013.6,44200.55,43741.45,43955.6,-0.13%,27143102,1952.18
16-Jan-23,44065.55,44099.85,43866.15,44006.75,-0.13%,17479347,1379.88
17-Jan-23,44044.8,44582.8,44011.25,44536.1,1.12%,25800200,1951.35
18-Jan-23,44621.8,44808.95,44505.3,44711.45,0.2%,19431994,1528.03
19-Jan-23,44596.1,44708.95,44157.35,44326.05,-0.61%,17035184,1427.39
20-Jan-23,43887.4,44138.7,43752,43899.6,0.03%,29180762,2636.67
23-Jan-23,44047.65,44295.05,43841.05,44261.9,0.49%,13023516,1099.56
24-Jan-23,44324.85,44449.65,44214.95,44324.35,0%,19238336,1395
25-Jan-23,44274.8,44426.9,44056,44284.15,0.02%,23100042,1760.88
27-Jan-23,44483.5,44617.8,44111.15,44486.65,0.01%,33739116,2249.73
30-Jan-23,44542.25,44548.4,43956.6,44220.35,-0.72%,28266766,2284.75
31-Jan-23,44291.65,44626.4,43721.95,44456.9,0.37%,35172217,2886.9
01-Feb-23,44699.45,45253.75,43550.1,44958.3,0.58%,79437624,4270.25
02-Feb-23,44989.4,46090.55,44915.85,45981.55,2.21%,68022229,4231.87
03-Feb-23,46191.9,46229.35,45551.7,46037.2,-0.33%,37231309,2620
06-Feb-23,46041.25,46374.9,45874.1,46293.6,0.55%,39352588,2678.99
07-Feb-23,46396.25,46398.7,45538.5,45758.1,-1.38%,33867791,2425.15
08-Feb-23,45795.65,45976.05,45604.65,45771.6,-0.05%,20307112,1564.05
09-Feb-23,45776.35,46012.1,45614.2,45671.25,-0.23%,19320917,1450.98
10-Feb-23,45521.1,45716.1,45303.4,45488.1,-0.07%,19203614,1598.66
13-Feb-23,45477.8,45590.5,45255.7,45508.4,0.07%,17093168,1285.9
14-Feb-23,45595.4,46078.7,45503.1,45976.95,0.84%,37902401,2303.45
15-Feb-23,45625.35,45845.7,45361.95,45799.2,0.38%,21072203,1625.98
16-Feb-23,45914.1,45979,45657.8,45758.2,-0.34%,17795017,1721.55
17-Feb-23,45628.8,45756.45,45401.75,45617.3,-0.03%,15368795,1593.22
20-Feb-23,45726,45900.45,45389.3,45501.2,-0.49%,16435544,1401.8
21-Feb-23,45675.4,45820.4,45485.4,45551.95,-0.27%,17945711,1427.31
22-Feb-23,45538.4,45577.75,45329.15,45412.85,-0.28%,17332126,1342.6
23-Feb-23,45440.3,45956.1,45209.1,45530.1,0.2%,29256216,1857.31
24-Feb-23,45656.15,45672.35,45154.55,45372.5,-0.62%,19985786,1389.45
27-Feb-23,45377.75,45384.9,44733.45,45040.75,-0.74%,15999116,1236.77
28-Feb-23,45082,45261.75,44667.1,44940.45,-0.31%,31197643,2469.95
01-Mar-23,44830.55,45149,44830.55,45062.55,0.52%,18352491,1597.12
02-Mar-23,45128.65,45149.85,44729.35,44831.6,-0.66%,11931946,997.28
03-Mar-23,44985.7,45471.65,44964.55,45410,0.94%,16602551,1414.69
06-Mar-23,45529.25,45772.05,45427.05,45552.1,0.05%,19542336,1721.74
08-Mar-23,45469.65,45812.95,45282.25,45722,0.55%,18446966,1539.55
09-Mar-23,45724.7,45767.9,45181.15,45260.45,-1.02%,17956373,1457.98
10-Mar-23,45138.95,45398.65,44933.45,45334.75,0.43%,15472872,1208.51
13-Mar-23,45351.5,45555.7,44861.35,44953.6,-0.88%,18110986,1438.84
14-Mar-23,45068.05,45121.15,44628.05,44714.95,-0.78%,20930410,1569.35
15-Mar-23,44873.1,45047.65,44396.9,44464.35,-0.91%,20482469,1790.95
16-Mar-23,44575.9,45021.7,44447.8,44971.2,0.89%,28838041,2250.38
17-Mar-23,45232.35,45242.4,44573,44858.3,-0.83%,64585305,3818.49
20-Mar-23,44704.2,45259.5,44392.05,45213.05,1.14%,18370042,1526.91
21-Mar-23,45282.05,45306.35,44806.75,44913.4,-0.81%,20194811,1661.6
22-Mar-23,45027.7,45140.2,44828.5,45109.5,0.18%,15491575,1162.22
23-Mar-23,45056.95,45434.3,44876.15,45267.45,0.47%,20090367,1599.28
24-Mar-23,45229.15,45412.95,44990.05,45060,-0.37%,18882876,1521.54
27-Mar-23,45093.25,45434.1,44918.35,45188,0.21%,22198219,1708.84
28-Mar-23,45215.2,45342.85,44987,45044.25,-0.38%,19874607,1481.73
29-Mar-23,45051.1,45523.45,44989.2,45421.65,0.82%,24611372,2306.9
31-Mar-23,45583.1,45958.5,45435.9,45904.9,0.71%,20700681,2026.61
03-Apr-23,46053.65,46053.65,45530.35,45738.45,-0.68%,16946646,1499.72
05-Apr-23,45662.85,46413.25,45626.2,46361.25,1.53%,24715588,2146.24
06-Apr-23,46347.25,46353.7,46023.3,46109.15,-0.51%,24509751,1782.77
10-Apr-23,46107.4,46161.05,45843.35,45909.65,-0.43%,15323143,1224.19
11-Apr-23,46001.4,46330.05,45950.4,46269.7,0.58%,29483279,1962.53
12-Apr-23,46380.95,46401,46008.8,46112.6,-0.58%,20772024,1678.79
13-Apr-23,46179.55,46449.4,46118.9,46211.95,0.07%,21041989,1700.18
17-Apr-23,46331.9,46801.35,46220.35,46688.6,0.77%,21905868,2294.87
18-Apr-23,46756.3,46765.55,46437.4,46536.35,-0.47%,21540503,1978.04
19-Apr-23,46475.95,46539.65,46230.6,46421.45,-0.12%,21840290,1953.83
20-Apr-23,46404.5,46616,46156.1,46256.05,-0.32%,18634470,1579.83
21-Apr-23,46259.4,46706.1,46194.8,46669.7,0.89%,23437852,1770.46
24-Apr-23,46812.05,46978.45,46509.75,46943.05,0.28%,23102105,2071.06
25-Apr-23,46913.45,47117.05,46807.95,47051.85,0.3%,23754945,2282.25
26-Apr-23,47038.1,47459.95,46933.05,47387.5,0.74%,21566282,1990.86
27-Apr-23,47401.5,47453.55,47197.15,47360.15,-0.09%,24352222,2241.83
28-Apr-23,47267.05,47955.3,47074.05,47814.1,1.16%,31061578,3239.77
02-May-23,47956.85,48083.7,47675.25,47750.2,-0.43%,24553152,2424.61
03-May-23,47754.7,48207.9,47638.15,48120.65,0.77%,22591998,2155.95
04-May-23,48061.5,48169.8,47938.8,48057.35,-0.01%,19139090,1633.62
05-May-23,48054.4,48326.05,48013.65,48186.15,0.27%,27542830,2209.41
08-May-23,48376.7,48686.15,48312.4,48538.45,0.33%,25592663,2196.38
09-May-23,48685.4,48708.35,48228.6,48369.1,-0.65%,21895556,2015.1
10-May-23,48453,48698.75,48333.85,48643.35,0.39%,23168435,2327.33
11-May-23,48860.65,48919.85,48491.3,48865,0.01%,28956420,2588.72
12-May-23,48905,49223.6,48661.75,48950.75,0.09%,21616505,2038.06
15-May-23,49026.8,49650.15,48910.5,49506.55,0.98%,21478462,2021.43
16-May-23,49668.15,49688.4,49363.9,49406.1,-0.53%,16576633,1642.22
17-May-23,49408.5,49513.8,49217.9,49434,0.05%,20055823,1806
18-May-23,49628.3,49756.15,48818,48889.3,-1.49%,31799551,2125.72
19-May-23,48964.8,48965.8,48426.6,48874.25,-0.18%,36089579,2450.7
22-May-23,48934.1,49126.25,48701.45,49052.25,0.24%,21415031,1490.06
23-May-23,49089.85,49322.4,49027.25,49118.8,0.06%,15920437,1353.67
24-May-23,49054.95,49439.25,49031.3,49355.25,0.61%,20094350,1569.96
25-May-23,49511.1,49825.05,49418.65,49657,0.29%,26811201,2218.86
26-May-23,49802.7,50425.15,49654.6,50388,1.18%,26956302,2265.77
29-May-23,50633.15,50850.25,50501.9,50626.4,-0.01%,29663834,2026.34
30-May-23,50717.8,51029.45,50669.5,50927.2,0.41%,26338204,1860.17
01-Jan-24,57127.55,57503.15,56899.4,57292.35,0.29%,19095764,1851.26
02-Jan-24,57427.4,57430,56763.7,57209.5,-0.38%,21779769,2279.1
03-Jan-24,57130.5,57631.6,57058.45,57213.3,0.14%,35605717,2717.4
04-Jan-24,57470.9,57922.2,57327.25,57703.9,0.41%,27421818,2879.45
05-Jan-24,57945.1,57966.7,57455.85,57667.35,-0.48%,24105421,2668.55
08-Jan-24,57718.85,57748.35,56636.45,56672.85,-1.81%,28259386,2711.51
09-Jan-24,56868.3,56996.25,56487.65,56573.1,-0.52%,16984637,1817.16
10-Jan-24,56575.6,56794.85,56134.65,56348.95,-0.4%,17380011,1817.58
11-Jan-24,56476.4,56688,56123.8,56228.55,-0.44%,17668217,2074.03
12-Jan-24,56279.1,56559.9,56008,56485.75,0.37%,27803687,3263.83
15-Jan-24,56795.4,56818.6,56317.45,56657.3,-0.24%,20995094,2516.7
16-Jan-24,56705.2,56872.5,56425.05,56755.85,0.09%,24734812,2339.05
17-Jan-24,56477.65,56839.6,56191.7,56259.5,-0.39%,25636261,2706.83
18-Jan-24,56175.6,56228.2,55206.7,55953.6,-0.4%,22176870,2242.34
19-Jan-24,56296.3,56813.95,56085.3,56640.5,0.61%,25100551,2372.87
20-Jan-24,56632.8,56650.35,55933.65,55976.65,-1.16%,9235648,1296.97
23-Jan-24,56212.7,56284.4,54816.1,54973.9,-2.2%,25865311,3092.49
24-Jan-24,55130.3,55918.6,54859.9,55858.7,1.32%,36475670,3159.8
25-Jan-24,55932.3,55981.6,54981.05,55214.1,-1.28%,33768158,2965.34
29-Jan-24,55058.15,55470.5,55047.7,55139.1,0.15%,32136373,2667.95
30-Jan-24,55187.2,55501.4,54507.4,54574.35,-1.11%,57485159,3742.3
31-Jan-24,54634.25,55124.95,54501.35,55071.4,0.8%,37303924,3095.83
01-Feb-24,55205.85,55792,55114.2,55215.8,0.02%,54911054,4617.44
02-Feb-24,55347.4,55557.5,54992.9,55118.4,-0.41%,31912450,2648.65
05-Feb-24,55340.4,55387.9,54590.6,54698.4,-1.16%,26675833,2568.33
06-Feb-24,54860.15,54956.7,54372.6,54608.8,-0.46%,31963156,2699.06
07-Feb-24,55041.35,55041.35,54523.1,54772.6,-0.49%,24564802,2657.72
08-Feb-24,54774.6,54775.6,53317.25,53646.2,-2.06%,63224923,4360.21
09-Feb-24,53536.85,54007.8,53452.75,53867.1,0.62%,44053672,3012.84
12-Feb-24,54005.55,54036,53231.5,53292.95,-1.32%,19332182,1614.51
13-Feb-24,53345.4,53534.8,53232.65,53432.05,0.16%,23524913,1775.34
14-Feb-24,53224.35,53951.7,53138.4,53839.05,1.15%,22166931,1917.89
15-Feb-24,53902,53997.65,53265.4,53321.35,-1.08%,33015952,2683.69
16-Feb-24,53465,53643.9,53186.7,53518.6,0.1%,,
19-Feb-24,53645.55,54121.6,53576,53943.3,0.56%,25245487,1656.55
20-Feb-24,53981.4,54027.15,53552.55,53882.5,-0.18%,22962435,1760.82
21-Feb-24,53975.55,54226.85,53651.25,53892.35,-0.15%,32964404,2375.05
22-Feb-24,54189.3,54479.8,53581.8,54419.2,0.42%,28952893,2359.67
23-Feb-24,54528.5,54561.55,54268.75,54337.75,-0.35%,21000310,1769.98
26-Feb-24,54312.6,54433.25,54074.55,54317.3,0.01%,16994706,1469.23
27-Feb-24,54342.8,54456.65,54128.4,54306.45,-0.07%,23585084,2223.4
28-Feb-24,54406.3,54439.15,53742.65,53824.9,-1.07%,27640613,2434.99
29-Feb-24,53836.75,54113.3,53453.5,54015.6,0.33%,37654671,3766.15
01-Mar-24,54272.85,54559.65,54062.6,54225.15,-0.09%,24531525,2365.55
02-Mar-24,54433.05,54570.75,54344.6,54466.1,0.06%,1674541,126.8
04-Mar-24,54492.85,54588.55,54102.55,54221.75,-0.5%,17200793,1729.23
05-Mar-24,54224.55,54364.95,53580.1,53653.1,-1.05%,24114757,2235.99
06-Mar-24,53657.35,53946.9,53171.75,53879.6,0.41%,23244582,2152.57
07-Mar-24,53914,54461.05,53637.1,54406.3,0.91%,36093601,2777.35
11-Mar-24,54570.85,54628.6,53970.25,54087.45,-0.89%,32035533,2960.52
12-Mar-24,53944.05,53950.25,53382.35,53636.1,-0.57%,43934073,2723.33
13-Mar-24,54844.5,54962.5,53470.25,53664.15,-2.15%,120620326,6990.84
14-Mar-24,53504.4,54252.45,53280.2,54145.8,1.2%,45473163,3375.78
15-Mar-24,54013.95,54464.95,53886.7,54155.45,0.26%,91164897,5747.94
18-Mar-24,54144.3,54189.1,53805.85,53907.85,-0.44%,26842202,2270.43
19-Mar-24,53859.55,53915.1,52626.95,52740.9,-2.08%,38473147,3558.98
20-Mar-24,52726.5,53033.7,52562.6,52993.5,0.51%,32047773,2736.44
21-Mar-24,53210.6,53423.6,52967.55,53338.35,0.24%,32889534,2897.15
22-Mar-24,53312.9,53849.6,53305.05,53775.7,0.87%,52649080,3765.2
26-Mar-24,53325.4,53784,53325.1,53687.7,0.68%,26172809,2780.14
27-Mar-24,53737.95,53819.95,53491.1,53543.55,-0.36%,26293318,2592.62
28-Mar-24,53683.2,54251,53534.45,53949.2,0.5%,51564393,4631.33
01-Apr-24,54078.2,54369.1,53828.1,53889.15,-0.35%,20992044,2025.97
02-Apr-24,54141.65,54141.65,53823.55,54096.95,-0.08%,22408564,2198.64
03-Apr-24,54056.2,54101.6,53522.9,53866.7,-0.35%,26519949,2589.13
04-Apr-24,54072.95,54116,53502.9,53634.45,-0.81%,42306230,3533.41
05-Apr-24,53718.2,54094.5,53569.65,53925.95,0.39%,36332781,2645.52
08-Apr-24,54100.25,54228.9,53902.45,53966.05,-0.25%,25908662,2514.08
09-Apr-24,54081.1,54091.35,53552.65,53629.35,-0.84%,19285010,1813.7
10-Apr-24,53869.6,54370.5,53601.35,54290.9,0.78%,31587962,2993.17
12-Apr-24,54244.45,54275.6,53653.45,53701.4,-1%,39452062,3805.98
15-Apr-24,53299.05,53475.15,52778.75,53174.95,-0.23%,29860910,3408.66
16-Apr-24,52996.55,53526.75,52937.25,53402.25,0.77%,26633509,2798.85
18-Apr-24,53482.9,53571.75,52719.7,52825.5,-1.23%,43126654,4102.01
19-Apr-24,52530,53229.75,52398.75,53055.45,1%,31573914,2877.35
22-Apr-24,53318.9,53594.6,53128.2,53499.45,0.34%,25556662,2560.83
23-Apr-24,53622,54037.95,53523.45,53905.3,0.53%,25497438,2365.74
24-Apr-24,53755.35,54033.95,53731.6,53932.5,0.33%,24780822,2808.13
25-Apr-24,53998.45,54358.2,53642.05,54291.65,0.54%,52248911,5109.54
26-Apr-24,54441.5,54601.6,54119.75,54300.75,-0.26%,30678021,2758.75
29-Apr-24,54527.15,54557.25,54125.5,54332.15,-0.36%,30267446,2322.24
30-Apr-24,54519.5,54670.3,54181.95,54240.6,-0.51%,28585135,2890.73
02-May-24,54155.15,54757.35,54154.9,54490.55,0.62%,44666573,3626.43
03-May-24,54688.85,54702.55,53913.3,54273.9,-0.76%,44046213,3531.09
06-May-24,54544.15,54697.7,54149.5,54660.15,0.21%,29304073,3736
07-May-24,54942.6,56222.75,54855.8,55765.55,1.5%,102912754,9104.74
08-May-24,55704.3,56124.3,55569.7,56008.8,0.55%,36605492,3513.15
09-May-24,55924.6,56020.35,54533.45,54625.1,-2.32%,44744181,3322.91
10-May-24,54739.25,55407.1,54601.75,55276.5,0.98%,27386226,2519.82
13-May-24,55386.95,55525.9,54816.85,55340.7,-0.08%,26265940,2694.74
14-May-24,55320.35,55504.45,55011.75,55054.3,-0.48%,31377929,2945.31
15-May-24,55172,55292.35,54507.7,54555.95,-1.12%,20113233,2052.93
16-May-24,54757.3,55066.2,54159.35,54997,0.44%,40650011,3284.08
17-May-24,55094.95,55136.6,54735.45,55064.7,-0.05%,22054770,1857.02
18-May-24,55212.1,55278.5,55114.05,55217.85,0.01%,1921719,199
21-May-24,54998.65,55139.55,54764.55,54969.25,-0.05%,23384482,2340.51
22-May-24,55154.9,55898.45,55067.8,55753.9,1.09%,29716955,2938.63
23-May-24,55925.3,56062,55400.6,55899,-0.05%,41694859,3109.7
24-May-24,55847.25,55894.55,55369.55,55449.15,-0.71%,26674728,2244.27
27-May-24,55649.6,55708.7,55194.55,55260.5,-0.7%,26845377,2321.99
01-Jan-25,56884.05,57129.9,56767.35,57017.65,0.23%,27165765,1847.54
02-Jan-25,57129.15,57718.15,56846.35,57671.35,0.95%,41990496,3126.91
03-Jan-25,57903.05,57923.5,57410.05,57817,-0.15%,58507343,4249.95
06-Jan-25,57837.3,57853.25,56547.75,56714.4,-1.94%,44904302,3460.91
07-Jan-25,56852.25,57126.6,56667.85,56719.55,-0.23%,30387932,2462.88
08-Jan-25,56831.25,57087.6,56158.4,56967.6,0.24%,29593951,2512.88
09-Jan-25,56953.8,58238.1,56764.5,57495.6,0.95%,41387319,3945.93
10-Jan-25,57449.9,57607.55,56936.6,57117.7,-0.58%,25404211,2254.09
13-Jan-25,56334.5,56925.5,56332.8,56420.15,0.15%,36841745,3043.19
14-Jan-25,56567.3,56622.15,55537.6,55627.2,-1.66%,39808663,3112.84
15-Jan-25,55746.85,55832.15,55190.25,55549.85,-0.35%,27231868,2373.25
16-Jan-25,55771.75,55834,54922.45,55240,-0.95%,33877587,2858.21
17-Jan-25,55332.2,56005.1,55142.55,55800.85,0.85%,33746044,2674.88
20-Jan-25,55824.25,55952.85,55462,55738.05,-0.15%,23875402,2047.68
21-Jan-25,55914.55,56372.1,55516.65,55622.65,-0.52%,36664878,2915.37
22-Jan-25,55815.55,56055.7,55427.75,55596.05,-0.39%,27341811,2643.09
23-Jan-25,55308.15,55951.25,54770.15,55781.8,0.86%,27632032,2637.55
24-Jan-25,55908.95,56359.45,55679,56069.35,0.29%,22827035,2226.57
27-Jan-25,55832.05,56227.3,55463,55654.5,-0.32%,26487763,2656.75
28-Jan-25,55742.25,55799.15,55269.25,55441.95,-0.54%,40338773,3090.51
29-Jan-25,55444.8,55673.9,54757,55163.05,-0.51%,54054315,2638
30-Jan-25,55212.45,55803,55168.55,55558.95,0.63%,61462653,3213.07
31-Jan-25,55572.45,56791.35,55551.85,56691.95,2.01%,61842132,4104.22
01-Feb-25,56818.1,59302.55,56051.95,58396.05,2.78%,67488936,5214.44
03-Feb-25,58276.3,58475.1,57110.3,57419.55,-1.47%,57197349,3887.89
04-Feb-25,57701.85,57793.7,56859.65,57274.7,-0.74%,80858566,3862.37
05-Feb-25,57339.1,57392.25,56311.5,56383.75,-1.67%,46439258,2805.45
06-Feb-25,56592.9,56607.35,55646.5,55841.8,-1.33%,36042268,2348.31
07-Feb-25,55904,56140.65,54822.05,55113.3,-1.41%,83872090,3363.55
10-Feb-25,55081.1,55513.2,54657.2,54856.65,-0.41%,37835410,2879.44
11-Feb-25,55012.1,55117.2,53505.6,53794.25,-2.21%,35090901,2510.3
12-Feb-25,53741.8,53962.2,53114.1,53739,-0.01%,33390946,2519.27
13-Feb-25,53713.65,53944.9,53221.1,53314.75,-0.74%,31337628,2288.67
14-Feb-25,53444.7,53912.6,52993.35,53138.55,-0.57%,40157258,3135.39
17-Feb-25,53011.75,53080.1,52644.75,52945,-0.13%,34029825,2507.67
18-Feb-25,52897.55,53104,52383.85,52480.5,-0.79%,29869934,2082.98
19-Feb-25,52346.7,52606.6,52096.2,52360.45,0.03%,29099295,2282.98
20-Feb-25,52035.25,52379.15,51905.3,52337.3,0.58%,39892555,2999.47
21-Feb-25,52362.4,52443.5,51893.25,52098.15,-0.5%,33709269,2593.98
24-Feb-25,51753.75,52340.2,51729.5,52285.8,1.03%,32022246,2374.81
25-Feb-25,52223.9,52645.4,52158.9,52453.35,0.44%,37630751,2852.89
27-Feb-25,52453.35,52579.1,51875.35,52055.15,-0.76%,49597626,3267.62
28-Feb-25,51796.65,51918.2,50546.85,50689,-2.14%,104625214,6539.21
03-Mar-25,50739.75,50856.8,50287.9,50786.65,0.09%,48125114,2894.68
04-Mar-25,50494.3,50602.6,50199.35,50524.25,0.06%,44247901,3030.12
05-Mar-25,50397.3,51613.95,50397.3,51279.1,1.75%,43378706,2939.12
06-Mar-25,51597.55,51966,51108.95,51890.3,0.57%,43159345,3112.63
07-Mar-25,51804.95,52005.2,51533.75,51891.8,0.17%,30209572,2098.85
10-Mar-25,51789.6,52426.65,51545.55,52006.4,0.42%,31581177,2221.64
11-Mar-25,51670.3,52224.6,51612,51951.45,0.54%,27468124,1946.43
12-Mar-25,51973.9,52097.1,51663.95,51957.25,-0.03%,35874873,2335.59
13-Mar-25,52047.25,52327.6,51781.75,51879.25,-0.32%,23989215,1857.15
17-Mar-25,51777.15,52280.65,51545.35,51773.15,-0.01%,23492842,1816.85
18-Mar-25,52075,52658.6,51949.05,52475,0.77%,40401363,2758.29
19-Mar-25,52612.35,52677.2,52151.9,52184.1,-0.81%,37829574,2717.02
20-Mar-25,52443.45,53035.4,52214.55,52857.9,0.79%,41822874,2834.62
21-Mar-25,53066.25,53096.15,52670.6,52986.05,-0.15%,49947089,3588.21
24-Mar-25,53185.05,53349.3,53014.85,53232.75,0.09%,28876469,2083.96
25-Mar-25,53307.1,53601.65,52990.1,53131.3,-0.33%,41262384,3239.88
26-Mar-25,53229.45,53291.55,52872.3,52988.5,-0.45%,32830478,2491
27-Mar-25,53002.55,53475.05,52649.2,53276.6,0.52%,49669394,6853.52
28-Mar-25,53198.8,54150.9,53198.8,53589.8,0.73%,31816627,2870.31
01-Apr-25,53615.15,54029.9,52982.8,53101.75,-0.96%,31552235,2727.29
02-Apr-25,53286.6,53738.45,52851.5,53702.6,0.78%,32284297,3060.43
03-Apr-25,53330.25,53861.8,53283.35,53806.75,0.89%,33550548,2547.33
04-Apr-25,53603.7,54223.35,53310,53830.7,0.42%,41429568,3285.05
07-Apr-25,51201.9,53395.45,51201.9,53241.15,3.98%,57406167,4588.93
08-Apr-25,53800.05,54531.4,53557.35,54300.25,0.93%,37484968,3067.59
09-Apr-25,54365.25,55412.2,54280.85,55264.75,1.65%,47464668,4130.36
11-Apr-25,55939.55,55960.5,55234.15,55741.1,-0.35%,32974784,3323.22
15-Apr-25,56620.05,56620.5,55537.15,55896.95,-1.28%,34312948,3275.54
16-Apr-25,55694.65,56435.95,55694.65,56345.6,1.17%,29269874,2597.19
17-Apr-25,56303.15,56728.3,56008.65,56674.2,0.66%,43565727,3397.61
