Date,Open,High,Low,Close,Change_percetage,Shares_traded,Turnover_in_croes
09-Nov-15,7921.75,8265.25,7921.75,8246.2,4.1%,59004596,2382.82
10-Nov-15,8230.55,8305,8217.95,8257.7,0.33%,36670424,1744.16
11-Nov-15,8299.5,8330.2,8290.25,8303.95,0.05%,5629613,201.32
13-Nov-15,8263.8,8278,8164.85,8178.3,-1.03%,40270413,1805.71
16-Nov-15,8155.6,8236.55,8110.05,8190.35,0.43%,29977007,1512.71
17-Nov-15,8221.3,8287.55,8199.5,8252.1,0.37%,36171120,1474.43
18-Nov-15,8253.95,8289.05,8172.85,8181,-0.88%,28066566,1386.64
19-Nov-15,8252.25,8315.3,8233.7,8295.05,0.52%,29113545,1641.04
20-Nov-15,8308.05,8392.2,8287.65,8339.4,0.38%,28958499,1768.85
23-Nov-15,8335.1,8410.55,8329.65,8395.35,0.72%,31334056,1668.64
24-Nov-15,8368.9,8396.75,8323.25,8332.9,-0.43%,31854630,1854.42
26-Nov-15,8360.8,8460.85,8339.95,8444.6,1%,53805762,2803.08
27-Nov-15,8493.5,8530.15,8436.75,8443.65,-0.59%,41513391,2002.06
30-Nov-15,8468.4,8563.65,8443.95,8481.85,0.16%,166567419,7704.59
01-Dec-15,8527.2,8527.2,8403,8419,-1.27%,37302119,1855.38
02-Dec-15,8429.8,8437.45,8387.9,8416.4,-0.16%,41159693,1908.41
03-Dec-15,8388.95,8400.45,8323.95,8334.65,-0.65%,36135954,1473.34
04-Dec-15,8286.1,8309.35,8228.85,8240.7,-0.55%,40924540,1524.07
07-Dec-15,8276.6,8288.75,8197.8,8221.5,-0.67%,26231731,1207.96
08-Dec-15,8191.95,8271.5,8181.55,8210.35,0.22%,27950224,1205.92
09-Dec-15,8199.25,8212.8,8059.95,8067.9,-1.6%,28443525,1378.3
10-Dec-15,8123.8,8123.8,8006.55,8085,-0.48%,33505053,1360.48
11-Dec-15,8106,8113.8,7892.95,7943.25,-2.01%,31347884,1252.25
14-Dec-15,7858.75,7988.95,7797.65,7964.05,1.34%,33541768,1456.52
15-Dec-15,7991,8089.8,7930.55,8082.35,1.14%,25079878,1183.06
16-Dec-15,8059.8,8098.05,7997.45,8035.6,-0.3%,31343903,1538.1
17-Dec-15,8080.05,8165.3,7999.4,8149,0.85%,23737217,1329.2
18-Dec-15,8123,8140.65,8067.65,8079.2,-0.54%,32032059,1557.75
21-Dec-15,8092.65,8162.55,8092.65,8154.9,0.77%,15183974,822.32
22-Dec-15,8159.7,8164.55,8091.9,8099.65,-0.74%,15327884,775.68
23-Dec-15,8136.15,8148.4,8104.9,8111,-0.31%,15413335,705.01
24-Dec-15,8134.1,8156.8,8113.95,8136.6,0.03%,15165636,611.87
28-Dec-15,8157.6,8234.85,8156.8,8228.4,0.87%,19381477,1005.19
29-Dec-15,8232.75,8285.15,8232.75,8268.8,0.44%,23289954,983.39
30-Dec-15,8276.8,8284.6,8235.9,8240.2,-0.44%,16053915,834.99
31-Dec-15,8246.65,8266.4,8220.1,8254.75,0.1%,24272526,1280.57
01-Jan-16,8260.55,8342.65,8250.5,8328.3,0.82%,12304801,678.96
04-Jan-16,8306.3,8340.35,8131.1,8142.85,-1.97%,34109502,1243.56
05-Jan-16,8181.9,8205.85,8110.6,8124.35,-0.7%,25710393,1171.14
06-Jan-16,8118.35,8133,8009,8025.4,-1.14%,25389924,1185.39
07-Jan-16,7943.15,7946.2,7693.75,7725.15,-2.74%,33361285,1635.04
08-Jan-16,7759.7,7827.05,7704.15,7744.25,-0.2%,26891263,1418.1
11-Jan-16,7668,7805.75,7616.25,7751.65,1.09%,28347560,1286.22
12-Jan-16,7788,7800.05,7682.9,7721.05,-0.86%,22847961,1007.22
13-Jan-16,7784.1,7832.25,7653.3,7795.5,0.15%,36814782,1415.96
14-Jan-16,7688.45,7736.45,7582.85,7684.65,-0.05%,28523275,1171.74
15-Jan-16,7701.75,7715.2,7527.5,7544.2,-2.05%,25616593,1174.08
18-Jan-16,7531.9,7555.9,7372.8,7431.45,-1.33%,32828220,1128.9
19-Jan-16,7461.45,7564.4,7400.35,7526,0.87%,33980967,1234.84
20-Jan-16,7453.8,7453.8,7340.3,7401.55,-0.7%,35152066,1360.17
21-Jan-16,7430.8,7455.75,7231.15,7259.45,-2.31%,42008335,1747.66
22-Jan-16,7345.4,7555.7,7331.15,7544,2.7%,27366307,1360.67
25-Jan-16,7611.2,7633.1,7477.25,7487.3,-1.63%,21796870,1062.92
27-Jan-16,7540.35,7559.5,7474.65,7491.3,-0.65%,27934738,1273.52
28-Jan-16,7481.7,7523.7,7442.85,7458,-0.32%,38882783,1852.39
29-Jan-16,7411.35,7625.25,7411.35,7605.05,2.61%,36091951,2062.46
01-Feb-16,7629.25,7631.8,7549.25,7569.9,-0.78%,29179584,1590.06
02-Feb-16,7595.4,7614.85,7445.25,7470.4,-1.65%,27538960,1331.13
03-Feb-16,7403.15,7448.85,7322.55,7343.3,-0.81%,27609823,1265.62
04-Feb-16,7411.25,7457.7,7315.6,7377.55,-0.45%,28379233,1300.33
05-Feb-16,7413.9,7521.4,7375.9,7495.95,1.11%,26436820,1819.73
08-Feb-16,7513.45,7557.65,7406.4,7423.2,-1.2%,22899020,1095.95
09-Feb-16,7351.5,7393.3,7272.2,7295.75,-0.76%,44756190,1628.34
10-Feb-16,7277.4,7277.4,7163.2,7202.5,-1.03%,55244106,1828.77
11-Feb-16,7218.45,7219.65,6908,6949.45,-3.73%,56477677,1963.42
12-Feb-16,7003.1,7136.85,6859.4,7074.5,1.02%,62449899,2240.34
15-Feb-16,7127.55,7403.65,7127.55,7391.15,3.7%,42220562,1742.49
16-Feb-16,7435.75,7446.25,7238.4,7248.7,-2.52%,32743193,1409.95
17-Feb-16,7254.95,7338.25,7147.3,7320.9,0.91%,42608668,1695.08
18-Feb-16,7398.45,7438,7266.6,7373.4,-0.34%,37225339,1637.16
19-Feb-16,7346.75,7464,7316.7,7441.5,1.29%,25971143,1226.2
22-Feb-16,7447.95,7499,7433.6,7464.8,0.23%,27681559,1328.62
23-Feb-16,7500.95,7500.95,7337.1,7351.6,-1.99%,35393559,1382.56
24-Feb-16,7318.95,7328.85,7241.95,7261.15,-0.79%,29472159,1080.95
25-Feb-16,7286.1,7291.8,7159.35,7175.75,-1.51%,41014852,1640.74
26-Feb-16,7248.8,7271.4,7124.75,7164.85,-1.16%,28752296,1279.52
29-Feb-16,7174.5,7204.9,6983.75,7092.3,-1.15%,44147390,2211.75
01-Mar-16,7096.95,7403.9,7096.95,7396.05,4.21%,43536165,2129.04
02-Mar-16,7494.8,7547.4,7416.85,7435.15,-0.8%,40674613,2255.22
03-Mar-16,7510.55,7587.55,7485.4,7580.3,0.93%,35082075,1635.06
04-Mar-16,7604.05,7616.2,7551.2,7591.75,-0.16%,25364508,1164.68
08-Mar-16,7614.45,7670.4,7552.75,7596.65,-0.23%,31425040,1542.97
09-Mar-16,7556.3,7704.6,7540.25,7689.8,1.77%,37825822,1421.18
10-Mar-16,7719.05,7748.55,7653.1,7688.3,-0.4%,32003310,1397.93
11-Mar-16,7680.45,7751.15,7668.5,7723.55,0.56%,30193330,1269.36
14-Mar-16,7791.7,7831.55,7758.45,7777.15,-0.19%,30834262,1380.24
15-Mar-16,7790.45,7803.3,7703.2,7711.1,-1.02%,27239767,1458.48
16-Mar-16,7696.7,7702.35,7596.3,7671.7,-0.32%,21817643,1135.43
17-Mar-16,7742.5,7770.9,7639.15,7662.6,-1.03%,22267650,1224.26
18-Mar-16,7681.6,7774.45,7663.4,7767.1,1.11%,26497312,1435.81
21-Mar-16,7785.35,7876.5,7767.4,7867.6,1.06%,48538158,1390.52
22-Mar-16,7882.6,7964.5,7854.75,7947.15,0.82%,42730140,1747.87
23-Mar-16,7964.6,8004.05,7932.3,7990.75,0.33%,31097940,1307.94
28-Mar-16,8010.55,8010.55,7846.45,7876.7,-1.67%,33034842,1420.76
29-Mar-16,7880.95,8011.6,7876.9,7955,0.94%,35930267,1412.93
30-Mar-16,8031.7,8096.85,8014.25,8084,0.65%,33585084,1759.66
31-Mar-16,8086.4,8125.5,8037.7,8087.6,0.01%,46851206,2712.18
01-Apr-16,8073.65,8073.65,8002.6,8030.05,-0.54%,32576336,1672.95
04-Apr-16,8093.1,8137.85,8069.25,8124.55,0.39%,25177401,1212.2
05-Apr-16,8092.35,8095.7,7868,7883.1,-2.59%,27852607,1343.3
06-Apr-16,7902.35,7954.6,7891.65,7919.95,0.22%,30942679,1345.86
07-Apr-16,7918.75,7921.5,7810.3,7834.6,-1.06%,26272366,1363.38
08-Apr-16,7830.8,7859.95,7799.7,7821.3,-0.12%,19495943,1323.17
11-Apr-16,7848.7,8000.95,7817.95,7992.55,1.83%,27676835,1293.73
12-Apr-16,8011,8136.4,8009.2,8116.5,1.32%,34891773,1747.74
13-Apr-16,8191.65,8439,8183.45,8399.35,2.54%,51447938,2497.27
18-Apr-16,8396.15,8425.9,8326.55,8386.15,-0.12%,26142398,1573.54
20-Apr-16,8401.45,8401.45,8307.2,8341.4,-0.71%,33696923,2008.62
21-Apr-16,8395.7,8436.25,8277.25,8320.3,-0.9%,34810454,1877.32
22-Apr-16,8310.6,8434.75,8284.7,8401.4,1.09%,30432815,1479.02
25-Apr-16,8392.05,8409.5,8304.45,8322.4,-0.83%,24355586,1147.78
26-Apr-16,8299.2,8485.95,8275.3,8457.05,1.9%,30357008,2380.8
27-Apr-16,8453.75,8522.55,8442.05,8479.65,0.31%,27645306,1600.37
28-Apr-16,8480.1,8496.3,8302.05,8317.65,-1.92%,38493819,2225.96
29-Apr-16,8296.85,8360.1,8216,8288.95,-0.1%,25629510,1318.58
02-May-16,8263.5,8318.05,8218.1,8299.05,0.43%,25979753,1298.03
03-May-16,8346.5,8440.5,8246.1,8263.05,-1%,40836740,2030.96
04-May-16,8229.4,8238.65,8072.35,8087.3,-1.73%,36696674,1499.49
05-May-16,8117.15,8184.5,8089.8,8133.9,0.21%,27071491,1504.92
06-May-16,8111,8203.9,8055.3,8196.8,1.06%,23937584,1205.08
09-May-16,8222.3,8323.85,8220.85,8315.95,1.14%,22378059,1292.45
10-May-16,8309.5,8309.55,8192.05,8234.35,-0.9%,29060124,1527.76
11-May-16,8150.35,8265,8076.05,8192.25,0.51%,27617116,1424.23
12-May-16,8199.1,8260.95,8198.6,8234.25,0.43%,27884391,1395.78
13-May-16,8215.2,8235.25,8127.35,8160.4,-0.67%,30806449,3937.88
16-May-16,8196,8220.95,8126.4,8200.2,0.05%,21761143,1272.23
17-May-16,8223.45,8304.55,8191.15,8245.05,0.26%,46327660,2160.04
18-May-16,8175.7,8175.7,8082.3,8145.35,-0.37%,28595551,1938.4
19-May-16,8154.45,8186.7,8070.95,8104.75,-0.61%,27998517,1378.92
20-May-16,8100.1,8150.9,8070.15,8080.75,-0.24%,24424247,1135.27
23-May-16,8128.95,8131.25,8016.95,8026.6,-1.26%,25105312,1106.44
24-May-16,8021.85,8065.7,8005,8051.75,0.37%,29859051,1268.91
25-May-16,8117.65,8240.1,8117.35,8211.95,1.16%,74386826,2303.33
26-May-16,8256.05,8323.45,8221.9,8312.65,0.69%,70178749,2603.24
27-May-16,8327.7,8409.8,8327.7,8393.95,0.8%,38490280,1623.49
30-May-16,8404.9,8515.2,8393.3,8497,1.1%,40956227,1975.75
02-Jan-17,9169.95,9334.1,9098.9,9326.9,1.71%,26602068,1421.58
03-Jan-17,9331.4,9340.5,9289.95,9300.3,-0.33%,24208190,1473.84
04-Jan-17,9336.6,9400.25,9304.8,9330.9,-0.06%,27643350,1406.31
05-Jan-17,9410.65,9537.35,9403.4,9522.3,1.19%,31198325,1846.5
06-Jan-17,9551.65,9589.8,9487.2,9506.65,-0.47%,28720976,1498.88
09-Jan-17,9541.4,9550,9472.85,9495.95,-0.48%,16013369,956.54
10-Jan-17,9542.6,9626.3,9540.9,9616.6,0.78%,22307233,1311.16
11-Jan-17,9661.6,9712.05,9635.45,9703.65,0.44%,22458838,1570.67
12-Jan-17,9732.35,9740.6,9644.95,9676.95,-0.57%,17147379,1183.66
13-Jan-17,9725.95,9726.65,9558.7,9600.7,-1.29%,24655838,1621.59
16-Jan-17,9605.7,9664.1,9580.35,9650.7,0.47%,19650110,1128.03
17-Jan-17,9661.25,9689.1,9620.6,9641.85,-0.2%,24279973,1273.09
18-Jan-17,9655.45,9696.9,9627.9,9644.8,-0.11%,24473490,1226.47
19-Jan-17,9647.5,9716.95,9639.9,9709,0.64%,26390040,1276.28
20-Jan-17,9684.3,9716.15,9590.5,9601,-0.86%,31870273,1523.43
23-Jan-17,9601.3,9681.7,9586.4,9665,0.66%,18282979,1229.47
24-Jan-17,9688.35,9837.25,9674.1,9828.2,1.44%,31202986,1543.42
25-Jan-17,9873.3,9987.75,9819.45,9967.7,0.96%,44147177,2551.58
27-Jan-17,9989.7,10051.5,9971.75,10014.85,0.25%,58252759,1959.09
30-Jan-17,10012.15,10012.3,9917.95,9928.65,-0.83%,25544923,1268.78
31-Jan-17,9907.3,9922.5,9822,9837.75,-0.7%,26564345,1566.1
01-Feb-17,9871.4,10210.2,9834.35,10191.95,3.25%,43739708,2489.51
02-Feb-17,10171.05,10173.05,10031.75,10058.8,-1.1%,41582290,2103.22
03-Feb-17,10058.5,10065.05,9952.25,9975.1,-0.83%,27978634,1514.91
06-Feb-17,10051.2,10065.85,10001.95,10031.1,-0.2%,28541477,1487.89
07-Feb-17,10039.85,10041.4,9875.7,9931.7,-1.08%,29888976,1657.47
08-Feb-17,9961.1,10020.85,9940.15,9994.25,0.33%,40180822,1898.5
09-Feb-17,10036.25,10061.1,9903.8,10028.05,-0.08%,25195052,1540.6
10-Feb-17,10054.85,10056.7,9971.6,9987.3,-0.67%,32791805,1535.49
13-Feb-17,10016.85,10030,9917.6,9973.3,-0.43%,29968958,1603.54
14-Feb-17,9984.75,9986.75,9746.3,9820.6,-1.64%,36648828,2043.66
15-Feb-17,9665.8,9692.8,9507.95,9523.35,-1.47%,79724758,3553.18
16-Feb-17,9559.1,9698.25,9518.3,9686.35,1.33%,35829295,2080.92
17-Feb-17,9708.45,9727.85,9643,9683.6,-0.26%,26655857,1653.25
20-Feb-17,9691.95,9780.65,9628.65,9743.95,0.54%,21168906,1214.01
21-Feb-17,9757.65,9777.75,9722.35,9758.9,0.01%,23530271,1180.3
22-Feb-17,9770.95,9807.95,9727.55,9768.45,-0.03%,34672385,1741.48
23-Feb-17,9798.95,9805.9,9727.35,9761.75,-0.38%,40478336,2413.55
27-Feb-17,9763.25,9763.65,9659.5,9666.85,-0.99%,28114680,1417.04
28-Feb-17,9683.4,9698.85,9638.65,9654.65,-0.3%,23595735,1517.19
01-Mar-17,9682.85,9702,9616.6,9670.6,-0.13%,32975228,2063.61
02-Mar-17,9756.1,9820.55,9679.25,9705.5,-0.52%,38142489,2157.67
03-Mar-17,9705.1,9713.7,9637.05,9680.5,-0.25%,25925038,1343.16
06-Mar-17,9723.1,9809.7,9721.05,9800,0.79%,29398488,1606.32
07-Mar-17,9798.3,9813.55,9738.5,9753.55,-0.46%,39105237,1425.48
08-Mar-17,9770.85,9776.7,9644.5,9701.25,-0.71%,22346908,1330.59
09-Mar-17,9701,9774.8,9685.7,9754.35,0.55%,20820645,1366.62
10-Mar-17,9797.85,9820.4,9741,9779.25,-0.19%,19569862,1204.91
14-Mar-17,9970.2,9992.3,9873.4,9910.4,-0.6%,26951524,2105.93
15-Mar-17,9923.3,10020.25,9901.65,9987.65,0.65%,31554902,2163.12
16-Mar-17,10032.65,10064.25,10025.3,10056.5,0.24%,31813836,1654.72
17-Mar-17,10078.45,10088.45,9969.55,10009.4,-0.69%,29859264,2146.1
20-Mar-17,10039.85,10042.95,9981.9,10009.3,-0.3%,24562676,1164.78
21-Mar-17,10025.7,10027.85,9913.3,9963.75,-0.62%,26461164,1848.42
22-Mar-17,9900.35,9902.8,9789.4,9803.95,-0.97%,31321809,1779.8
23-Mar-17,9830,9915,9818.15,9897.95,0.69%,33439052,1845.15
24-Mar-17,9904,9913.3,9865.65,9878.35,-0.26%,25796674,1441.41
27-Mar-17,9873.55,9881.3,9801.65,9808.2,-0.66%,31992196,1505.3
28-Mar-17,9830.25,9911,9830.25,9887.8,0.59%,24606814,1370.85
29-Mar-17,9929.95,9929.95,9795.35,9845.75,-0.85%,53821920,2447.58
30-Mar-17,9821.55,9878.3,9815.85,9860.3,0.39%,51465945,3000.11
31-Mar-17,9845.9,9905.6,9835.05,9880.2,0.35%,28672892,1759.23
03-Apr-17,9934.65,9959.5,9902.85,9921.1,-0.14%,21174907,1309.87
05-Apr-17,9952.7,10048.65,9923,10033.55,0.81%,28890502,2153.27
06-Apr-17,10032.9,10054.45,9977.45,10035.3,0.02%,26656698,1663.92
07-Apr-17,9981.45,10072.8,9964.1,9993.75,0.12%,30798063,1778.63
10-Apr-17,10037.35,10053.8,9987.65,10030.5,-0.07%,31149339,1260.6
11-Apr-17,10036.85,10060.5,10012.8,10040.05,0.03%,30912621,1419.72
12-Apr-17,10046.5,10055.7,9916.15,9987.15,-0.59%,32149441,1700.45
13-Apr-17,9971,9985.35,9898.05,9907.4,-0.64%,21842794,1235.9
17-Apr-17,9881.8,9927.6,9853.45,9889.45,0.08%,20982197,1218.35
18-Apr-17,9908.7,9971.9,9790.5,9813.7,-0.96%,27116030,1570.58
19-Apr-17,9815.5,9853.6,9784,9831.35,0.16%,27417278,1368.73
20-Apr-17,9852.5,9923.95,9841.65,9909.9,0.58%,29307159,1400.43
21-Apr-17,9935.8,9958.6,9834.8,9858.8,-0.77%,37793992,1322.91
24-Apr-17,9887.95,9988,9870.7,9978.2,0.91%,34754716,1433.28
25-Apr-17,10041.05,10098.8,9993.25,10090.35,0.49%,36534528,2297.87
26-Apr-17,10112,10212.6,10103.5,10189.7,0.77%,35378138,2285.67
27-Apr-17,10219.1,10262.3,10155.5,10173.1,-0.45%,36653572,2977.45
28-Apr-17,10195.9,10292.35,10177.25,10255.15,0.58%,26377370,1832.53
02-May-17,10301.6,10314.9,10218.35,10294.75,-0.07%,29255926,1902.46
03-May-17,10314.8,10352.45,10255,10273,-0.41%,25479592,1449.38
04-May-17,10282.35,10313.7,10199.55,10211.8,-0.69%,30523024,1614.99
05-May-17,10204.05,10207.7,10091.05,10107.95,-0.94%,38989189,1868.56
08-May-17,10166.85,10204.35,10122.1,10167.05,0%,30754107,1512.35
09-May-17,10204.8,10205.9,10150.05,10157.8,-0.46%,21279806,1235.73
10-May-17,10181.15,10316.8,10168.2,10303.9,1.21%,38006072,1770.41
11-May-17,10348.25,10428.35,10313.6,10410.75,0.6%,31081282,2252.55
12-May-17,10453.3,10461.15,10359.65,10429.2,-0.23%,25516557,1657.69
15-May-17,10469.05,10486.45,10438.35,10481.3,0.12%,18672520,1077.88
16-May-17,10498.3,10606.65,10489,10597.45,0.94%,19566190,1515.97
17-May-17,10572.35,10679.55,10559.2,10669.7,0.92%,38169827,1890.35
18-May-17,10573.4,10626.2,10416.85,10436.35,-1.3%,28753285,1745.72
19-May-17,10473.4,10529.2,10287.95,10409.8,-0.61%,30859305,1878.59
22-May-17,10460.05,10517.05,10328.45,10339.95,-1.15%,30619922,1584.23
23-May-17,10387,10448.25,10296.35,10380.65,-0.06%,32690687,2267.59
24-May-17,10477.95,10500.4,10343.2,10386.3,-0.87%,59965695,3031.08
25-May-17,10413.35,10605.85,10377.15,10588.1,1.68%,53724184,2556.65
26-May-17,10593.75,10759.4,10580.9,10711.55,1.11%,60196454,1869.55
29-May-17,10719.9,10789.65,10611.9,10753.5,0.31%,29627919,1361.63
01-Jan-18,12029.45,12052.35,11870.6,11890.5,-1.16%,26871990,1533.38
02-Jan-18,11970.2,11975.2,11819.2,11927.15,-0.36%,61725235,2767.61
03-Jan-18,11972.6,11978.1,11843.2,11866.8,-0.88%,47137004,2375.71
04-Jan-18,11881.25,11881.25,11803.5,11843.25,-0.32%,36740661,1913.12
05-Jan-18,11894.35,11953,11874.6,11929.6,0.3%,33937119,2175.94
08-Jan-18,11973.7,11989.6,11938.45,11974.5,0.01%,27269094,1506.56
09-Jan-18,11999.8,12024.65,11917.35,11942.25,-0.48%,51122852,2416.46
10-Jan-18,11945.5,11953.35,11837.7,11856.95,-0.74%,25260512,1698.81
11-Jan-18,11868.15,11885,11839.4,11871.75,0.03%,25592535,1640.04
12-Jan-18,11912.8,11946.45,11809.05,11908.4,-0.04%,31166413,2163.99
15-Jan-18,11942.7,11944.85,11779.8,11794.1,-1.24%,26434373,1500.19
16-Jan-18,11806.3,11825.95,11621,11646.25,-1.36%,32451278,1661.82
17-Jan-18,11643.65,11702.85,11514.95,11692.6,0.42%,34184935,1864.17
18-Jan-18,11736.1,11797.7,11625,11662.1,-0.63%,35695381,2230.79
19-Jan-18,11624,11696.65,11581.35,11677.55,0.46%,23934275,1525.85
22-Jan-18,11683.15,11726.05,11659.85,11690.85,0.07%,24235017,1436.81
23-Jan-18,11725.2,11766.2,11678.75,11725.8,0.01%,32529685,2175.96
24-Jan-18,11716.95,11755.35,11640.5,11654.65,-0.53%,39284565,2335.87
25-Jan-18,11682.95,11699.05,11497.55,11507.75,-1.5%,54706328,3358.91
29-Jan-18,11593.55,11724.55,11590.4,11678.4,0.73%,35569502,3194.81
30-Jan-18,11680.25,11720.7,11611.25,11627.9,-0.45%,39957923,2584.1
31-Jan-18,11627.05,11665.65,11571.7,11611.9,-0.13%,32354672,2249.71
01-Feb-18,11647.05,11741.35,11444,11693.6,0.4%,46522501,2922.82
02-Feb-18,11649.3,11665.2,11278.85,11301.95,-2.98%,74676773,3906.57
05-Feb-18,11149.75,11426.65,11053.8,11386.4,2.12%,52206007,2595.05
06-Feb-18,10871.05,11286.15,10797.65,11181.7,2.86%,78135610,3701.81
07-Feb-18,11374,11377.25,11186.1,11214.75,-1.4%,56089618,2576.98
08-Feb-18,11280.95,11384.1,11240.95,11344.2,0.56%,58146124,2641.83
09-Feb-18,11188.3,11289.4,11157.1,11234.75,0.42%,41937399,2013.56
12-Feb-18,11338.9,11404.15,11304.3,11364.75,0.23%,35608923,1844.9
14-Feb-18,11407.4,11409.35,11298.1,11335.65,-0.63%,54907776,2074.26
15-Feb-18,11377.2,11387.45,11274.1,11306.8,-0.62%,42620260,1760.62
16-Feb-18,11354.4,11357.95,11093.15,11114.55,-2.11%,45506701,2143.03
19-Feb-18,11148.7,11155.05,10903,10976.65,-1.54%,30949324,1484.32
20-Feb-18,10999.7,11034.1,10934.1,10962.9,-0.33%,29398680,1625.52
21-Feb-18,11040.55,11040.55,10901,10942.2,-0.89%,37051709,1883.13
22-Feb-18,10903.35,10912.75,10823.05,10847.95,-0.51%,51716173,2717.82
23-Feb-18,10889.55,10941.55,10857.15,10927,0.34%,32490717,1966.72
26-Feb-18,10993.9,11194.85,10985.9,11171.65,1.62%,38109391,2290.37
27-Feb-18,11254.3,11263,11136.45,11165.25,-0.79%,30347414,1927.12
28-Feb-18,11095.3,11203.3,11030.85,11157.2,0.56%,51736437,2514.99
01-Mar-18,11168.95,11231.9,11134.5,11146.7,-0.2%,41619480,2193.43
05-Mar-18,11121.25,11121.25,10955.3,10971.6,-1.35%,48949276,2208.91
06-Mar-18,11040.45,11049.85,10795.45,10821.35,-1.98%,38107373,1955.95
07-Mar-18,10810.95,10860.55,10762.25,10788.55,-0.21%,49982120,2208.56
08-Mar-18,10840.9,10921.85,10755.35,10894.75,0.5%,45199114,1976.36
09-Mar-18,10934.35,10981.35,10869.05,10888.35,-0.42%,48933194,1708.94
12-Mar-18,10967.6,11058.05,10907.7,11045.8,0.71%,38108018,1630.49
13-Mar-18,11035.2,11109.85,11006.4,11064.3,0.26%,44120549,1883.86
14-Mar-18,11022.8,11075.35,10993.55,11060.6,0.34%,25831789,1409.27
15-Mar-18,11060.95,11114.4,11025.5,11051.75,-0.08%,30361777,1402.29
16-Mar-18,11059.35,11064.4,10837.6,10861.4,-1.79%,51281341,2666
19-Mar-18,10887.8,10910.5,10766.1,10787,-0.93%,40662646,1872.09
20-Mar-18,10760.5,10864.6,10744.35,10848.6,0.82%,27539509,1420.87
21-Mar-18,10890.75,10938.05,10817,10833.6,-0.52%,34224522,1855.29
22-Mar-18,10864.65,10887.8,10727.7,10737.15,-1.17%,37959820,1849.28
23-Mar-18,10591.6,10658.05,10560.15,10637.7,0.44%,44555603,2202.11
26-Mar-18,10630.65,10815.6,10569.25,10801,1.6%,33807792,1684.76
27-Mar-18,10852.85,10874.2,10801,10843.75,-0.08%,33711684,1721.5
28-Mar-18,10803.55,10911.7,10787.05,10821.35,0.16%,52828539,3596.35
02-Apr-18,10939.9,11071.3,10905.05,11058.45,1.08%,,
03-Apr-18,11071.25,11167.15,11052.3,11153.45,0.74%,46041700,2200.52
04-Apr-18,11230.55,11372.5,11164.9,11198.05,-0.29%,71760457,3359.45
05-Apr-18,11332.7,11435.3,11326.1,11406.15,0.65%,60694256,2782.04
06-Apr-18,11428.05,11462.2,11320.7,11444.15,0.14%,38303943,1881.34
09-Apr-18,11446.15,11508.75,11435.45,11472.35,0.23%,34698749,1747.22
10-Apr-18,11485.7,11510.7,11374.25,11386.65,-0.86%,37105356,1743.11
11-Apr-18,11425.95,11461.35,11322.6,11453.6,0.24%,29861935,1647.7
12-Apr-18,11466,11487.65,11429.9,11459.55,-0.06%,35577492,1855.61
13-Apr-18,11506.7,11536.45,11431.05,11465.3,-0.36%,52124110,2150.95
16-Apr-18,11399.05,11515.95,11384.25,11504.95,0.93%,48870731,2143.08
17-Apr-18,11567.5,11568.65,11456.45,11472.35,-0.82%,44254342,2282.67
18-Apr-18,11505.65,11521.35,11394.1,11411.8,-0.82%,34150263,1718.55
19-Apr-18,11460.95,11468.3,11411.55,11431.65,-0.26%,29496101,1468.13
20-Apr-18,11406.15,11449.95,11398.05,11440.1,0.3%,43472458,1943.97
23-Apr-18,11461.45,11530.25,11426.8,11497.2,0.31%,44567068,1807.74
24-Apr-18,11513.85,11563,11479.15,11522.6,0.08%,44227702,1919.08
25-Apr-18,11529.75,11551.65,11472.2,11503.5,-0.23%,46423312,1982.98
26-Apr-18,11535.9,11560.05,11494.75,11534.8,-0.01%,56004657,2747.5
27-Apr-18,11588.3,11699,11557.35,11581.8,-0.06%,34359587,3317.34
30-Apr-18,11624.55,11675.15,11602,11625.75,0.01%,23960625,1442.08
02-May-18,11740.5,11760.85,11493.55,11508.2,-1.98%,45596371,2768.32
03-May-18,11526.65,11528.6,11411.05,11451.65,-0.65%,33879636,2000.67
04-May-18,11472.05,11473.5,11314.85,11323.7,-1.29%,27213218,1590.4
07-May-18,11382.55,11504.2,11366.05,11489.6,0.94%,33864578,1637.29
08-May-18,11516.3,11517.5,11404.8,11437.2,-0.69%,45637407,2053.11
09-May-18,11431.35,11483.75,11402.7,11419.75,-0.1%,48324098,2109.76
10-May-18,11466.2,11488.45,11330.1,11346.4,-1.04%,39137129,1866.95
11-May-18,11385.3,11395.1,11307.95,11373.2,-0.11%,28673586,1527.3
14-May-18,11402.6,11404.35,11258.6,11273.75,-1.13%,37877550,1482.33
15-May-18,11275.65,11346.8,11131.2,11186.8,-0.79%,50989630,2152.26
16-May-18,11149.4,11231.25,11085.15,11164.7,0.14%,43468378,2077.03
17-May-18,11195.7,11214.95,11135.9,11154.8,-0.37%,36043051,1825.09
18-May-18,11167.3,11177.3,10937.2,10962.75,-1.83%,46345764,2618.28
21-May-18,10950.8,10955.5,10713.85,10732.9,-1.99%,81488560,2850.71
22-May-18,10715.5,10945.65,10690.55,10913.45,1.85%,103285455,3073.97
23-May-18,10922.6,10940.55,10831.8,10860.6,-0.57%,68702423,2390.87
24-May-18,10831.45,10881.85,10652.65,10681.6,-1.38%,97957806,3211.04
25-May-18,10704.75,10903.25,10683,10883,1.67%,49514683,2147.49
28-May-18,10913.6,11036.5,10902.15,11007.15,0.86%,39903132,1831.86
01-Jan-19,9244,9244,9139.45,9182.45,-0.67%,31141851,1479.15
02-Jan-19,9121.95,9121.95,8885.3,8902.65,-2.4%,80074426,3965.22
03-Jan-19,8900.05,8959.35,8755.75,8767.35,-1.49%,57987411,3274.09
04-Jan-19,8807.4,8871.1,8754.05,8809.35,0.02%,65040904,2844.59
07-Jan-19,8891.9,8901.6,8809.9,8820,-0.81%,74853665,2538.93
08-Jan-19,8813.9,8882.3,8781.8,8859.65,0.52%,69837622,2725.2
09-Jan-19,8893.9,8925.6,8827.9,8907.1,0.15%,63915954,2223.18
10-Jan-19,8924.65,8964.15,8908.05,8933.35,0.1%,65217864,1945.68
11-Jan-19,8942.05,8950.3,8816.9,8862.35,-0.89%,55529471,1802.7
14-Jan-19,8859.1,8863.55,8752.1,8849.7,-0.11%,42617093,1448.16
15-Jan-19,8877.35,8902.3,8845.5,8888.4,0.12%,39982618,1519.01
16-Jan-19,8894.1,8916.4,8856.75,8866.75,-0.31%,36040650,1307.08
17-Jan-19,8893.2,8920.8,8850.25,8878.2,-0.17%,34385129,1640.58
18-Jan-19,8898.95,8907.65,8806.05,8844.8,-0.61%,30451018,1278.1
21-Jan-19,8859.65,8867.2,8725.25,8746.85,-1.27%,33802275,1606.48
22-Jan-19,8726.05,8726.05,8580,8675.15,-0.58%,66674234,2841.14
23-Jan-19,8679.85,8693.7,8594.2,8612.25,-0.78%,44701045,1911.71
24-Jan-19,8623.2,8632.1,8510.4,8537.25,-1%,63934687,1723.43
25-Jan-19,8538.7,8587.7,8241.1,8259.8,-3.27%,59732289,3576.47
28-Jan-19,8259.55,8264.6,8092.85,8143,-1.41%,55235426,3137.57
29-Jan-19,8127.65,8178.75,8059.45,8120.45,-0.09%,58347276,2543.98
30-Jan-19,8149.25,8176.45,8080.2,8118.4,-0.38%,46436797,2254.3
31-Jan-19,8145.15,8236.55,8083.9,8218.4,0.9%,82045633,2905.39
01-Feb-19,8265.5,8657.8,8254.15,8441.25,2.13%,114415843,5253.56
04-Feb-19,8444.75,8446,8325.75,8395.55,-0.58%,54660012,2355.51
05-Feb-19,8410.6,8489.7,8408.25,8468.3,0.69%,54040095,2102.94
06-Feb-19,8490.2,8593.55,8441.5,8567.4,0.91%,41261679,1819.74
07-Feb-19,8584.6,8756.25,8581,8736.7,1.77%,82981307,2669.17
08-Feb-19,8639.95,8643.85,8399.9,8420.35,-2.54%,173156396,4293.96
11-Feb-19,8364.55,8365.9,8257.9,8320.3,-0.53%,81645832,2877.07
12-Feb-19,8312.5,8344.85,8259.2,8278.1,-0.41%,54349458,2163.44
13-Feb-19,8300.3,8310.6,8161.3,8177.55,-1.48%,58644438,2612.08
14-Feb-19,8178.1,8268.35,8166.7,8223.35,0.55%,80697005,2312.7
15-Feb-19,8228.2,8236.7,8057.15,8132.55,-1.16%,99047864,2786.07
18-Feb-19,8156.9,8156.9,8035.55,8067.7,-1.09%,46562219,1645.17
19-Feb-19,8089.3,8162.2,8061.85,8073.4,-0.2%,65194176,1764.8
20-Feb-19,8111.7,8132.45,8072.9,8121.5,0.12%,63344986,1927.11
21-Feb-19,8136.65,8175.55,8056.45,8156.75,0.25%,55711185,1943.55
22-Feb-19,8178.2,8289.25,8156.5,8278.95,1.23%,73433607,2274.89
25-Feb-19,8309.9,8381.4,8307.55,8371.45,0.74%,91376146,2243.91
26-Feb-19,8315.95,8442,8234.55,8399.1,1%,95423504,2763.01
27-Feb-19,8443.3,8533.15,8343.65,8420.05,-0.28%,83778076,2668.72
28-Feb-19,8486.2,8486.2,8343.8,8355.15,-1.54%,99546391,3386.45
01-Mar-19,8408.3,8440.25,8362.8,8413.65,0.06%,93506677,2805.26
05-Mar-19,8417.35,8698.2,8376.7,8676.6,3.08%,134156514,4556.53
06-Mar-19,8702.55,8706.8,8599.4,8651.75,-0.58%,87596813,2834.72
07-Mar-19,8678.8,8680.2,8580.7,8635.7,-0.5%,77218895,2407.7
08-Mar-19,8609.15,8632.9,8565.75,8582.6,-0.31%,67598260,2475.41
11-Mar-19,8610,8793.55,8607.85,8782.7,2.01%,82518870,3327.89
12-Mar-19,8834.85,8872.15,8775.45,8802.9,-0.36%,81980786,2984.4
13-Mar-19,8819.95,8836.25,8748.3,8767.55,-0.59%,56147219,2235.66
14-Mar-19,8775.9,8787.35,8670.8,8725.5,-0.57%,50339393,2055.34
15-Mar-19,8750.35,8796.5,8723.45,8748.05,-0.03%,71316174,2867.41
18-Mar-19,8764.5,8766.5,8589.1,8627.05,-1.57%,54775500,2612.09
19-Mar-19,8624.05,8624.1,8520.3,8567.05,-0.66%,42958890,2250.77
20-Mar-19,8572.9,8573.1,8428.65,8445.1,-1.49%,36964661,2214.47
22-Mar-19,8432.15,8508.05,8319.45,8336.6,-1.13%,56308885,2974.7
25-Mar-19,8281.5,8297.5,8218.6,8238.55,-0.52%,43070737,2078.3
26-Mar-19,8269.05,8297.95,8219.05,8287.25,0.22%,47822032,1931.8
27-Mar-19,8325.65,8334.6,8205.3,8215.35,-1.32%,56442347,2181.04
28-Mar-19,8222.4,8260.75,8194.6,8234.25,0.14%,67482555,3011.48
29-Mar-19,8257.3,8381.05,8236.35,8335.35,0.95%,73542604,3166.82
01-Apr-19,8407.5,8492.35,8394.7,8414.35,0.08%,99486807,3596.65
02-Apr-19,8441.15,8515.9,8429.05,8504.3,0.75%,137860596,4614.68
03-Apr-19,8523.2,8572.65,8462.9,8480.65,-0.5%,129281591,4749.56
04-Apr-19,8520.55,8546.15,8484.95,8536.35,0.19%,89019243,4276.05
05-Apr-19,8566.65,8604.15,8526.25,8564.6,-0.02%,63941295,2461.32
08-Apr-19,8590.25,8597.25,8483.95,8526.3,-0.74%,52275795,1924.94
09-Apr-19,8532.95,8636.9,8482.9,8622.8,1.05%,84324364,2456.7
10-Apr-19,8625.35,8667.7,8583.2,8644.5,0.22%,111813443,3154.25
11-Apr-19,8644.6,8702.95,8639.1,8690.05,0.53%,98468946,2844.02
12-Apr-19,8698.8,8785.75,8665,8777.45,0.9%,65224215,2634.57
15-Apr-19,8805.4,8922.1,8804,8911.6,1.21%,104682218,3084.07
16-Apr-19,8956,9002.75,8928.3,8983.55,0.31%,91834806,2963.48
18-Apr-19,9034.95,9059.35,8952.55,8972.65,-0.69%,82867882,2771.87
22-Apr-19,8937.9,8944.05,8802.5,8813.9,-1.39%,63005033,1976.1
23-Apr-19,8823.55,8853.8,8666.8,8682.9,-1.59%,54354401,2216.67
24-Apr-19,8701.45,8726.5,8557.1,8646.05,-0.64%,83285806,3041.39
25-Apr-19,8657.85,8670.1,8573.8,8587.9,-0.81%,69747490,4060.95
26-Apr-19,8562.7,8578.95,8458.5,8493.8,-0.8%,61087986,3065.51
30-Apr-19,8441.6,8458.1,8293.95,8350.6,-1.08%,66898511,3266.63
02-May-19,8273.75,8369.25,8213.45,8333.85,0.73%,107852574,3485.03
03-May-19,8325.3,8415.5,8315.6,8381.45,0.67%,81387259,2603.51
06-May-19,8303.65,8319.3,8260.2,8268.45,-0.42%,64166697,1892.4
07-May-19,8314.15,8323.7,8189.8,8206.25,-1.3%,63289162,1971.01
08-May-19,8183.9,8193.95,8086,8095.9,-1.08%,60972959,2016.76
09-May-19,8077.75,8131.1,8049.8,8103.5,0.32%,78533086,2096.63
10-May-19,8111.15,8147.95,8070.75,8093.2,-0.22%,60983583,1795.67
13-May-19,8081.85,8098.7,7911.45,7938.65,-1.77%,43858625,1946.03
14-May-19,7890.55,7988.5,7855.9,7955.5,0.82%,61323064,2544.84
15-May-19,7983.9,8021.05,7840.1,7856.85,-1.59%,68107263,2269.55
16-May-19,7900.55,7917.5,7821.75,7891.9,-0.11%,65662092,1854.69
17-May-19,7900.2,8115.8,7884.15,8085.75,2.35%,56383253,2595.14
20-May-19,8282.3,8438.55,8221.3,8422.1,1.69%,96833371,3518.9
21-May-19,8430.3,8436.4,8172.65,8209.45,-2.62%,107072422,2999.44
22-May-19,8230.45,8271.75,8154,8246.55,0.2%,59799872,1969.56
23-May-19,8366.65,8415.15,8182.4,8216.9,-1.79%,83675598,3176.57
24-May-19,8269.95,8475.7,8217.25,8460.25,2.3%,105764817,2998.43
27-May-19,8466.35,8517.6,8382.05,8462.2,-0.05%,89346088,2542.21
28-May-19,8478.2,8515.05,8382.2,8398.2,-0.94%,106488422,3319.8
01-Jan-20,8262.5,8276.8,8200.25,8210.1,-0.63%,44710008,1802.03
02-Jan-20,8226.6,8275.05,8206.85,8267.45,0.5%,95024515,2981.74
03-Jan-20,8261.5,8261.65,8136.8,8168.15,-1.13%,76927732,2478.76
06-Jan-20,8132.65,8134.5,7967.2,7978.75,-1.89%,62846094,2285.56
07-Jan-20,8029.9,8097.7,7961.2,8002.5,-0.34%,69137157,2270.25
08-Jan-20,7921.65,8002.9,7900.8,7942.75,0.27%,48307772,2300.37
09-Jan-20,8035.45,8165.9,8022.35,8155.25,1.49%,83425221,3084.85
10-Jan-20,8177.55,8246.7,8147.65,8225.5,0.59%,97824275,3224.08
13-Jan-20,8244.25,8262.3,8192.05,8235.85,-0.1%,66635460,2193.76
14-Jan-20,8234.2,8297.7,8216.55,8289.3,0.67%,67598217,2295.96
15-Jan-20,8287.6,8395.7,8246.4,8385.35,1.18%,80644300,2747.66
16-Jan-20,8385.3,8414.35,8373.65,8395.9,0.13%,67729374,2680.18
17-Jan-20,8401.95,8463.25,8369.7,8427.6,0.31%,50146035,2362.35
20-Jan-20,8436.9,8459.45,8343.4,8352.7,-1%,65281378,1954.77
21-Jan-20,8321.25,8325.8,8229.3,8245.9,-0.91%,61056949,1874.96
22-Jan-20,8278.55,8294.05,8147.15,8169.15,-1.32%,64701562,2310.95
23-Jan-20,8176.75,8251.85,8145.8,8241.75,0.79%,60518993,2106.74
24-Jan-20,8246.45,8324.4,8234.95,8274.85,0.34%,54172677,1971.44
27-Jan-20,8243.35,8347.9,8189,8258.15,0.18%,57326339,2155.35
28-Jan-20,8290.1,8340.45,8125.9,8156.05,-1.62%,75179867,3085.74
29-Jan-20,8200.7,8264.6,8179.25,8220.4,0.24%,81946729,3139.91
30-Jan-20,8239.65,8267.55,8148.2,8181.45,-0.71%,103601158,3637.57
31-Jan-20,8211.6,8238.75,8072.95,8086.55,-1.52%,125866539,3541.64
01-Feb-20,8069.75,8200.25,7833.1,7880.3,-2.35%,82194325,3033.9
03-Feb-20,7826,8016.8,7816.35,7988.35,2.07%,124213082,3727.79
04-Feb-20,8026.6,8142.1,7997.85,8100.8,0.92%,101430536,3576.02
05-Feb-20,8138.3,8212.2,8064.7,8131.7,-0.08%,165901552,4625.28
06-Feb-20,8158.8,8189.2,8092.55,8142.15,-0.2%,113488793,3996.29
07-Feb-20,8172.35,8173.6,8042.2,8064.6,-1.32%,96990047,3339.38
10-Feb-20,8065.4,8067.35,7820.3,7860.55,-2.54%,120638033,3697.57
11-Feb-20,7923,7969.3,7881.35,7892.4,-0.39%,84781272,2719.71
12-Feb-20,7932.3,7961.1,7905.75,7933.8,0.02%,71096518,2295.05
13-Feb-20,7930.25,7933.4,7873.75,7914.9,-0.19%,87754381,2215.19
14-Feb-20,7933.6,7977.15,7807.3,7822.2,-1.4%,95722834,2873.26
17-Feb-20,7833.15,7833.6,7742.45,7770.5,-0.8%,67993839,1986.48
18-Feb-20,7758,7758,7620.5,7692.3,-0.85%,94588508,2802.13
19-Feb-20,7754.35,7769.4,7606.25,7687.35,-0.86%,115975048,3041.95
20-Feb-20,7687.5,7756.35,7667.85,7697.9,0.14%,104257555,2623.54
24-Feb-20,7644.05,7644.05,7414,7429.1,-2.81%,89107742,2719.8
25-Feb-20,7452.75,7485.15,7339.9,7366,-1.16%,128000336,3431.25
26-Feb-20,7306.3,7328.2,7178.5,7207.95,-1.35%,116463070,3474.38
27-Feb-20,7200.15,7202.05,7090.45,7178.85,-0.3%,120786335,3628.85
28-Feb-20,7008.1,7017.6,6883.35,6903.95,-1.49%,185874149,4866.35
02-Mar-20,6993.2,7047.6,6813.2,6856.9,-1.95%,205715986,4902.98
03-Mar-20,6889.45,7022.25,6846.7,6986.65,1.41%,144602750,3853.75
04-Mar-20,6990.85,7019.55,6775.8,6938.85,-0.74%,174403462,4203.08
05-Mar-20,6966.3,7013.65,6892.75,6953.75,-0.18%,163392161,3224.71
06-Mar-20,6712.2,6918.85,6661.95,6895,2.72%,130898149,3056.33
09-Mar-20,6703.45,6758.7,6498.8,6632.15,-1.06%,133699193,3074.98
11-Mar-20,6614.15,6714.75,6539.75,6568.45,-0.69%,172323537,3653.7
12-Mar-20,6299.9,6299.9,5953.2,6033.4,-4.23%,282205921,5044.6
13-Mar-20,5641.55,6292.85,5265.8,6182,9.58%,203336978,3801.74
16-Mar-20,5970.15,6041.35,5826.1,5843.7,-2.12%,140253925,2592.15
17-Mar-20,5858.3,6020.7,5767.5,5803.85,-0.93%,126029595,2674.8
18-Mar-20,5873.1,5896.85,5491,5516.5,-6.07%,125615136,2429.44
19-Mar-20,5217.95,5429.5,5042.9,5180.5,-0.72%,202740130,3753.81
20-Mar-20,5230.2,5423.2,5154.1,5370.15,2.68%,229830607,3471.32
23-Mar-20,4908.15,5013.85,4593.05,4626.5,-5.74%,120637088,2129.67
24-Mar-20,4726.4,4850.85,4452.2,4693.35,-0.7%,146706064,2604.83
25-Mar-20,4600.05,5001.9,4577.15,4936.15,7.31%,147442630,2444.29
26-Mar-20,4981.9,5163.7,4847.15,5061.3,1.59%,208806955,3065.83
27-Mar-20,5245.6,5284.75,4866.05,4938.7,-5.85%,175519110,2782.11
30-Mar-20,4834.15,4848,4625.5,4669.15,-3.41%,95603443,2336.7
31-Mar-20,4787.8,4794.3,4630.2,4731.3,-1.18%,111576333,2635.69
01-Apr-20,4708.95,4803.55,4612.7,4657.55,-1.09%,108107529,2264.91
03-Apr-20,4652.75,4659.8,4511.1,4517.75,-2.9%,104162675,2376
07-Apr-20,4665.1,4970.85,4656.5,4951.55,6.14%,140084138,3358.07
08-Apr-20,4833,5257,4830.4,5043.6,4.36%,219644053,3973.55
09-Apr-20,5160.85,5607.35,5146.4,5568.45,7.9%,226178245,5529.49
13-Apr-20,5554.4,5554.4,5308.85,5432.1,-2.2%,153555220,3207.55
15-Apr-20,5495.55,5592.8,5314.25,5333,-2.96%,221470743,4141.98
16-Apr-20,5271.25,5420.4,5235.65,5394.15,2.33%,168466689,3453.68
17-Apr-20,5586.4,5702.65,5507.75,5668.9,1.48%,196606439,4664.01
20-Apr-20,5724.9,5728.45,5565.95,5591,-2.34%,228792177,4118.78
21-Apr-20,5447.9,5447.9,5268.15,5294.05,-2.82%,146929307,3117.44
22-Apr-20,5267.8,5468.25,5243.6,5426.85,3.02%,144746153,3758.42
23-Apr-20,5439.1,5518.7,5390.95,5464.75,0.47%,109244052,2888.77
24-Apr-20,5405.9,5462.5,5362.85,5377.25,-0.53%,88175839,2300.02
27-Apr-20,5458.65,5528.8,5405.7,5433.2,-0.47%,106148950,2628.85
28-Apr-20,5476.85,5524.05,5399.3,5447.1,-0.54%,99044323,2268.15
29-Apr-20,5492,5568,5461.05,5543.75,0.94%,200005473,3237.16
30-Apr-20,5667.35,5926.5,5660.55,5901.4,4.13%,337079062,6263.07
04-May-20,5647.85,5652.8,5436.05,5476.2,-3.04%,177071898,3342.24
05-May-20,5582.15,5602.1,5442.75,5451.9,-2.33%,161356727,3311.1
06-May-20,5471.6,5593.3,5351.2,5552.4,1.48%,142224254,3461.77
07-May-20,5549.95,5616.4,5505.45,5519,-0.56%,101010878,2642.7
08-May-20,5622.7,5623.75,5424.8,5447.75,-3.11%,120922862,2908.32
11-May-20,5517.6,5789.7,5514.4,5679.7,2.94%,301862752,6202.69
12-May-20,5653.6,5735.65,5502.8,5708.95,0.98%,164451576,4476.39
13-May-20,6014.2,6033.95,5815.5,5844.6,-2.82%,179261745,5172.32
14-May-20,5698.55,5865.95,5668.4,5804.05,1.85%,109783296,3550.22
15-May-20,5823.3,5827.15,5680.25,5745.7,-1.33%,124232994,3689.93
18-May-20,5747.5,5752.15,5411.95,5430.05,-5.52%,142416404,4170.16
19-May-20,5538.65,5575.6,5456.1,5486.15,-0.95%,142201440,3316.16
20-May-20,5464.85,5632.45,5436.35,5603.8,2.54%,116215577,3313.66
21-May-20,5616.95,5784.3,5588.35,5749.9,2.37%,130058200,4371.49
22-May-20,5707.25,5789.25,5639.65,5767,1.05%,101208059,3526.18
26-May-20,5817.2,5872.75,5775.4,5854.3,0.64%,112408957,3047.21
27-May-20,5872.45,5910.75,5791.25,5896.95,0.42%,139933641,3324.01
28-May-20,5922.15,6131.35,5876.4,6112.3,3.21%,249406477,6292.97
01-Jan-21,9214.9,9300.4,9214.2,9272.5,0.63%,79862452,3120.31
04-Jan-21,9346.15,9434.35,9267.5,9417.95,0.77%,164133309,5374.3
05-Jan-21,9356.9,9431,9293.45,9416.05,0.63%,136135156,4410.29
06-Jan-21,9424.5,9484.05,9279.05,9379.55,-0.48%,130185749,4417.85
07-Jan-21,9453.65,9530.6,9406.05,9429.65,-0.25%,162002782,5310.08
08-Jan-21,9491.45,9767.1,9478.3,9741.25,2.63%,130177465,6664.68
11-Jan-21,9789.8,10028.75,9693.7,9995.6,2.1%,266777952,9300.15
12-Jan-21,9991.45,10259.1,9975.05,10119.85,1.29%,524426855,16366.64
13-Jan-21,10166.15,10269.9,10120.25,10208.55,0.42%,278435840,10582.59
14-Jan-21,10237.3,10285.25,10148.95,10238.3,0.01%,143816688,5881.15
15-Jan-21,10241.7,10287.45,10092.05,10178.3,-0.62%,319178708,10140.38
18-Jan-21,10162.9,10173.8,9863.9,9961.1,-1.99%,243272354,7979.4
19-Jan-21,10033.35,10166.2,10008.75,10136.8,1.03%,189171600,6519.96
20-Jan-21,10140.8,10387.8,10118.45,10369.25,2.25%,266689837,9936.31
21-Jan-21,10432.55,10596.9,10282.25,10367.75,-0.62%,348416240,13129.06
22-Jan-21,10414.4,10780.8,10398.2,10515.85,0.97%,459979559,20174.68
25-Jan-21,10649.8,10692.15,10337.4,10433.5,-2.03%,229287932,9978.43
27-Jan-21,10410.25,10457.9,10161.3,10210.25,-1.92%,212260149,9050.3
28-Jan-21,10065.95,10312.15,10056.95,10105.6,0.39%,186624252,8544.69
29-Jan-21,10221.85,10308.9,9776.9,9813.15,-4%,242836391,12022.04
01-Feb-21,9919.1,10262.1,9726.55,10227.95,3.11%,264249513,9599.53
02-Feb-21,10427.05,10689.95,10383.55,10638.6,2.03%,378775000,14357.27
03-Feb-21,10754,10860.05,10626.45,10749.15,-0.05%,326033358,12935.02
04-Feb-21,10763.6,10988.35,10732.2,10867.1,0.96%,212135538,10389.24
05-Feb-21,10958.9,10987.05,10649,10723.95,-2.14%,174318543,8736.65
08-Feb-21,10830.1,11077.85,10818.4,11061.15,2.13%,205152241,9122.7
09-Feb-21,11087.4,11093.15,10855.25,10907.6,-1.62%,176334521,9333.51
10-Feb-21,10922.9,11049.7,10822.5,11010.85,0.81%,203307670,9193.91
11-Feb-21,10947.5,11057.1,10878.35,10965.25,0.16%,137197474,8282.24
12-Feb-21,10951.6,10989.95,10835.55,10912.25,-0.36%,292431448,9574.01
15-Feb-21,10978.7,11002.8,10909.95,10956.05,-0.21%,239414361,8275.45
16-Feb-21,11005.5,11034.05,10881.4,10944.9,-0.55%,145881829,6838.7
17-Feb-21,10914.2,11008.4,10880.5,10975.45,0.56%,164638129,7180.73
18-Feb-21,11027.8,11027.8,10787.7,10827,-1.82%,120037695,5921.48
19-Feb-21,10785.05,10786.45,10450.55,10540.35,-2.27%,160188914,6856.13
22-Feb-21,10559.8,10559.95,10241.25,10300,-2.46%,137874947,6739.43
23-Feb-21,10343.55,10423.25,10205.85,10379.55,0.35%,212136303,9209.04
24-Feb-21,10410.2,10513.35,10325.55,10405.5,-0.05%,85437145,4386.89
25-Feb-21,10488.6,10537.55,10411.15,10497.95,0.09%,125526453,6333.49
26-Feb-21,10368.75,10450.95,10110.5,10169.9,-1.92%,171209501,9088.22
01-Mar-21,10304.25,10472.7,10292.75,10411.8,1.04%,161742834,7265.61
02-Mar-21,10491.8,10766.7,10419.75,10744.05,2.4%,203848525,9214.92
03-Mar-21,10819.05,10820.4,10640.15,10673.1,-1.35%,145083220,6609.62
04-Mar-21,10559.4,10710.1,10514.3,10625.75,0.63%,110349226,5527.76
05-Mar-21,10558.15,10663.75,10488.85,10524.4,-0.32%,143548748,6994.24
08-Mar-21,10597.8,10632.1,10488.4,10507.35,-0.85%,129958354,5809.39
09-Mar-21,10572.65,10621.45,10381.6,10464.25,-1.03%,128775369,5034.34
10-Mar-21,10525.75,10613.6,10511.15,10559.3,0.32%,105320840,4820.76
12-Mar-21,10603.15,10624.35,10313.35,10383.9,-2.07%,93164846,4831.44
15-Mar-21,10446.75,10450.2,10178.25,10335.1,-1.07%,92986219,4192.11
16-Mar-21,10378.3,10401.25,10301.7,10350.8,-0.26%,76199688,3719.98
17-Mar-21,10369.75,10378.8,10133.9,10159.1,-2.03%,101835105,4135.79
18-Mar-21,10251.95,10345.2,10039.55,10143.95,-1.05%,149400391,6107.54
19-Mar-21,10067.15,10207.15,9841.65,10186.5,1.19%,193169078,7822.19
22-Mar-21,10176.3,10226.8,10069.45,10140.45,-0.35%,97762665,3947.25
23-Mar-21,10183.65,10265,10167.2,10187.65,0.04%,104759808,4610.4
24-Mar-21,10116.7,10164.35,9897.85,9925.25,-1.89%,109638896,4480.56
25-Mar-21,9916.6,9924.35,9605.05,9651.35,-2.67%,167022338,6347.19
26-Mar-21,9766.4,9853.85,9749.4,9771.5,0.05%,132881924,5089.31
30-Mar-21,9835.85,9885.95,9749.35,9865,0.3%,94636811,4524.52
31-Mar-21,9866,9946.95,9812.25,9862.45,-0.04%,98695893,4364.07
01-Apr-21,9967.85,10044.6,9889.7,10022.6,0.55%,93981628,4167.69
05-Apr-21,9988.1,9991.3,9688.4,9768.05,-2.2%,115412838,4730.76
06-Apr-21,9836.85,9881.2,9755.1,9781.35,-0.56%,98275351,4108.51
07-Apr-21,9790,9950.55,9761.15,9937,1.5%,83645837,3362.11
08-Apr-21,9992.3,10083.3,9933.1,9959.35,-0.33%,143994891,4864.18
09-Apr-21,9961.55,10032.85,9885.6,9922.95,-0.39%,124222936,4706.09
12-Apr-21,9738.35,9738.35,9345.2,9415.65,-3.31%,171306475,6248.58
13-Apr-21,9438.2,9845.5,9406.4,9818.3,4.03%,182406912,6980.58
15-Apr-21,9787.85,9817,9558.7,9691.45,-0.98%,124802146,5587.78
16-Apr-21,9691.3,9926.45,9679.5,9808.95,1.21%,123527904,5262.59
19-Apr-21,9476.65,9562.95,9395.25,9532.15,0.59%,127131479,4684.37
20-Apr-21,9683.95,9738.1,9539.7,9630.7,-0.55%,115384411,4782.09
22-Apr-21,9529.3,9665.95,9503.8,9644.55,1.21%,117258633,4926.51
23-Apr-21,9569.25,9695.9,9534.9,9596.95,0.29%,117321310,4400.76
26-Apr-21,9630.2,9713.1,9612.7,9641.45,0.12%,69631610,3431.78
27-Apr-21,9662.3,9733.8,9653.9,9708.2,0.48%,79787691,3908.33
28-Apr-21,9781.5,9968.4,9758.15,9871.5,0.92%,144645600,7874.9
29-Apr-21,9959.2,9985,9754,9773.7,-1.86%,95398354,4599.68
30-Apr-21,9701.3,9780.35,9619,9640.85,-0.62%,87886826,4426.63
03-May-21,9539.55,9715.9,9485.5,9662.95,1.29%,84173401,3699.51
04-May-21,9728.45,9758.7,9541.2,9577.7,-1.55%,84571093,3667.03
05-May-21,9631.05,9662.1,9547.75,9643.05,0.12%,66458893,2708.51
06-May-21,9669.2,9826.55,9664.3,9815.1,1.51%,96767762,4513.79
07-May-21,9858.35,9907.45,9767,9819.45,-0.39%,80119487,3948.97
10-May-21,9856.65,9984.8,9834.5,9973.05,1.18%,98657080,3919.6
11-May-21,9874.9,10029.85,9852.2,9995.1,1.22%,102884686,4232.03
12-May-21,9992,10066.8,9913.5,10013.65,0.22%,159794759,6314.43
14-May-21,10059.2,10061.5,9777.5,9810.45,-2.47%,122799066,4994.5
17-May-21,9844.15,10037.8,9785.9,10001.7,1.6%,111287569,5503.65
18-May-21,10102.4,10344.5,10070.25,10324,2.19%,178051932,7518.12
19-May-21,10231.85,10303,10179.45,10249.1,0.17%,183713092,7013.42
20-May-21,10253.6,10297.15,10158.9,10226.4,-0.27%,111243776,5412.63
21-May-21,10276.1,10332,10215.1,10312.4,0.35%,84958643,4390.92
24-May-21,10347.95,10390.3,10299.25,10315.75,-0.31%,76938445,4236.33
25-May-21,10398.65,10424.25,10363.55,10384.3,-0.14%,143652464,7045.61
26-May-21,10423.45,10473.45,10399.1,10437.8,0.14%,76408438,3803.14
27-May-21,10467.25,10561.3,10441.35,10486,0.18%,108963327,5961.33
28-May-21,10537.6,10573.95,10429.4,10510.25,-0.26%,76036986,4473.92
31-May-21,10467,10513.1,10344.95,10491.85,0.24%,76871607,4422.69
03-Jan-22,11001.3,11145.95,10998.35,11114.55,1.03%,63895680,3641.73
04-Jan-22,11165,11171.05,11058.25,11139.4,-0.23%,44791605,2622.8
05-Jan-22,11133.1,11277.8,11103.2,11256.85,1.11%,42985507,2634.71
06-Jan-22,11186.6,11334.9,11122.05,11316.6,1.16%,41422665,2958.78
07-Jan-22,11341.75,11384.55,11216.25,11290.9,-0.45%,30350284,2165.13
10-Jan-22,11341.35,11524.3,11327.2,11501.7,1.41%,42181435,3132.16
11-Jan-22,11476.95,11542.35,11439.5,11479.7,0.02%,30945790,2211.45
12-Jan-22,11526.25,11660.65,11484.75,11645.9,1.04%,46630029,2858.6
13-Jan-22,11642.7,11697.1,11507.5,11686.15,0.37%,50283271,3244.8
14-Jan-22,11618.35,11728.65,11592.15,11643.05,0.21%,33778209,1895.96
17-Jan-22,11692.6,11914.95,11676.4,11881.25,1.61%,74727311,4598.41
18-Jan-22,11907.2,11907.2,11555.6,11598.75,-2.59%,44608132,3473.59
19-Jan-22,11628.65,11704.75,11492.45,11681.4,0.45%,43435829,3168.61
20-Jan-22,11665.25,11750.55,11525.15,11583.2,-0.7%,46605838,2955.9
21-Jan-22,11509.9,11682.8,11421.25,11561.75,0.45%,43511723,3652.24
24-Jan-22,11535.05,11627.6,11152.65,11261.2,-2.37%,54043564,3679.84
25-Jan-22,11172.25,11539.95,11075.15,11522.75,3.14%,59807152,4736.71
27-Jan-22,11432.75,11654.3,11296.9,11561.6,1.13%,60025711,5488.28
28-Jan-22,11615.55,11761.15,11470,11493.4,-1.05%,54105102,3838.73
31-Jan-22,11619.55,11737.5,11578.1,11703.5,0.72%,48902118,3055.52
01-Feb-22,11741.2,11771.1,11427.3,11616.1,-1.07%,81133974,4605.59
02-Feb-22,11664.05,11765.05,11594.5,11632.4,-0.27%,41748830,2430.35
03-Feb-22,11648.7,11840.45,11633.6,11683.4,0.3%,48667786,3437.87
04-Feb-22,11706.25,11720.25,11521.55,11560.6,-1.24%,39679508,2105.19
07-Feb-22,11572.45,11600.75,11334.7,11407.25,-1.43%,33251872,2160.82
08-Feb-22,11491.1,11561.5,11300.2,11429.8,-0.53%,57361757,3829.36
09-Feb-22,11485.7,11699.1,11478.4,11680.15,1.69%,34910618,3045.98
10-Feb-22,11761.3,11761.3,11603.5,11674.05,-0.74%,42819070,3382.56
11-Feb-22,11585.5,11651.25,11505.35,11552.9,-0.28%,44530822,3480.66
14-Feb-22,11306.9,11335.2,11056.65,11107.15,-1.77%,62752407,3727.07
15-Feb-22,11150.15,11568.2,11060.1,11552.3,3.61%,63342704,4188.66
16-Feb-22,11598.85,11663.25,11470.25,11509.7,-0.77%,44543435,3068.66
17-Feb-22,11571.3,11671.45,11469.6,11492.85,-0.68%,52273602,3314.18
18-Feb-22,11449.5,11539.25,11396.85,11420.45,-0.25%,32738570,2236.24
21-Feb-22,11361.25,11456.35,11260.4,11361.6,0%,44855027,2889.89
22-Feb-22,11128,11378.75,11113.9,11343.05,1.93%,52244609,3350.57
23-Feb-22,11406.3,11474.2,11286.65,11318.7,-0.77%,46520031,2588.35
24-Feb-22,10946.15,11056.15,10542.1,10609.8,-3.07%,117158427,6306.58
25-Feb-22,10806.7,11002.3,10790.05,10895.3,0.82%,82865830,4971.56
28-Feb-22,10778.8,10851.7,10618.55,10820.55,0.39%,66685249,4136.11
02-Mar-22,10723.65,10723.65,10449.55,10500.45,-2.08%,59450985,4675.64
03-Mar-22,10648.6,10648.6,10222.25,10261.1,-3.64%,68541322,3704.53
04-Mar-22,10143.75,10161.15,9854.35,9896.65,-2.44%,104201812,5582.18
07-Mar-22,9648.8,9655,9374,9480.45,-1.74%,107036080,5811.8
08-Mar-22,9432.65,9581.65,9226.95,9560,1.35%,115564350,6028.02
09-Mar-22,9628.25,9872.45,9560.1,9832.35,2.12%,97864469,5193.56
10-Mar-22,10157.05,10236.3,9958.6,10019.35,-1.36%,123029137,5623.49
11-Mar-22,9964.7,10020.1,9868.8,9979.7,0.15%,87191670,4028.55
14-Mar-22,9963.45,10092.15,9817.95,10074.3,1.11%,75310583,3732.96
15-Mar-22,10075.4,10302.45,10060.7,10131.3,0.55%,91802882,4831.75
16-Mar-22,10300.6,10372.45,10233.5,10350.1,0.48%,67633024,3090.27
17-Mar-22,10469.55,10590.5,10443,10576,1.02%,70882527,4079.09
21-Mar-22,10639.25,10673.4,10423.8,10448.4,-1.79%,45539765,3084
22-Mar-22,10453.05,10586.25,10302.65,10572.9,1.15%,65905286,3588.52
23-Mar-22,10625.8,10659.15,10435.7,10463.45,-1.53%,49658315,2939.11
24-Mar-22,10397.25,10502.95,10353.2,10412.4,0.15%,38275048,2276.58
25-Mar-22,10453.2,10461.5,10300.6,10354.15,-0.95%,35301219,2218.47
28-Mar-22,10360.25,10437.4,10300.15,10421.6,0.59%,41229640,2630.76
29-Mar-22,10468.55,10523,10387.2,10416.25,-0.5%,43111515,2959.26
30-Mar-22,10519,10604.95,10491.45,10542.15,0.22%,45250696,3286.73
31-Mar-22,10566.3,10618.4,10528.65,10552.1,-0.13%,44609700,3038.35
01-Apr-22,10522.2,10692.8,10471.75,10676.85,1.47%,45358241,3266.81
04-Apr-22,10688.75,10812.9,10641.8,10803.85,1.08%,40379940,2695.19
05-Apr-22,10850.65,10988.45,10837.9,10936.5,0.79%,50958887,3228.03
06-Apr-22,10915.4,10942.35,10830.1,10906.8,-0.08%,44092625,2640.77
07-Apr-22,10869.3,10926.4,10804.5,10820.7,-0.45%,43260523,2754.33
08-Apr-22,10838.8,10921.9,10792.45,10894.3,0.51%,45392843,3231.59
11-Apr-22,10928.4,10928.4,10847.3,10882.1,-0.42%,35852477,2347.4
12-Apr-22,10837.8,10850.3,10694.35,10788.8,-0.45%,45479128,2912.7
13-Apr-22,10819.1,10874.2,10676.9,10698.3,-1.12%,30850128,2160.9
18-Apr-22,10637.85,10761.95,10566.45,10745.75,1.01%,35380229,2492.18
19-Apr-22,10795.95,10877.05,10519.05,10615.15,-1.67%,29101483,2154.26
20-Apr-22,10686.1,10885.65,10668.5,10848.7,1.52%,37045893,2534.33
21-Apr-22,10892.9,11104.6,10890.75,11090.55,1.81%,31439260,2523.46
22-Apr-22,10990.35,11118.25,10899.75,11028.15,0.34%,36374405,2850.87
25-Apr-22,10918.15,11063.85,10864.4,10916.5,-0.02%,34354787,3001.7
26-Apr-22,11027.55,11229.25,11018.4,11221.75,1.76%,56367957,4261.78
27-Apr-22,11118.7,11200.7,11063.1,11158.85,0.36%,36074490,3020.77
28-Apr-22,11290.55,11290.55,11128.85,11192.05,-0.87%,31702713,3034.83
29-Apr-22,11236.15,11275.65,11034.75,11078.1,-1.41%,52517145,3573.82
02-May-22,11015.6,11038.05,10897.05,10938.3,-0.7%,42858871,2838.9
04-May-22,10942.25,11023.45,10617.9,10661,-2.57%,35761684,2605.75
05-May-22,10765.95,10885.85,10684.35,10705.7,-0.56%,38273409,2364.81
06-May-22,10554.75,10604.05,10473.15,10518.45,-0.34%,60129152,3655.74
09-May-22,10426.55,10551,10312.65,10483.5,0.55%,38974287,2394.75
10-May-22,10459.8,10635.2,10436.2,10472.45,0.12%,40962910,2665.77
11-May-22,10486.7,10541.5,10233.4,10377.4,-1.04%,48950683,2886.28
12-May-22,10268.05,10293.1,10092.6,10164.35,-1.01%,62873595,3437.9
13-May-22,10300.25,10610.85,10280.35,10412.35,1.09%,113200935,5588.04
16-May-22,10506.6,10672.65,10475.75,10649.1,1.36%,46859334,3406.06
17-May-22,10677.5,10928,10677,10911.15,2.19%,46370201,3362.27
18-May-22,10917.2,11015.2,10878.7,10909.45,-0.07%,41996606,3129.17
19-May-22,10680.25,10800.85,10597.55,10618,-0.58%,38645665,2607.93
20-May-22,10816.75,10970.25,10780.45,10914.6,0.9%,82337428,3506.23
23-May-22,11057.7,11229.9,11057.55,11115.2,0.52%,81929799,4053.77
24-May-22,11166.65,11197.5,11062.8,11116.3,-0.45%,58655063,2818.85
25-May-22,11174.9,11196.4,10975.8,11011.5,-1.46%,46872453,2297.39
26-May-22,11057.8,11122.55,10852.45,11097.15,0.36%,46057100,2523.56
27-May-22,11205.7,11300.7,11141.1,11270.25,0.58%,38620903,2404.45
30-May-22,11386.3,11543.15,11380.25,11491.4,0.92%,51717395,3393.5
02-Jan-23,12636.6,12685.1,12604.45,12667.75,0.25%,42719277,1896.32
03-Jan-23,12664.15,12687.45,12583.75,12614.75,-0.39%,30870297,1807.58
04-Jan-23,12622.8,12631.2,12467.8,12512.05,-0.88%,39674493,2213.44
05-Jan-23,12555.55,12668.35,12507.45,12656.65,0.81%,33135821,2394.22
06-Jan-23,12656.9,12689,12597.75,12627.8,-0.23%,30506665,1887.2
09-Jan-23,12706.65,12810.45,12694.35,12783,0.6%,46261272,2458.33
10-Jan-23,12844.4,12906.6,12769.45,12819.1,-0.2%,103739214,4519.14
11-Jan-23,12856.05,12865.9,12714.7,12753.05,-0.8%,50097046,2680.98
12-Jan-23,12786.95,12807.7,12703.25,12769.4,-0.14%,40086038,2071.12
13-Jan-23,12797.5,12883.9,12724.05,12832.4,0.27%,58469972,2720.54
16-Jan-23,12861.25,12892.25,12694.85,12748.8,-0.87%,33397508,2069.61
17-Jan-23,12769,12835.25,12705.7,12821.85,0.41%,64303176,2327.54
18-Jan-23,12827.35,12835.55,12759.95,12817.6,-0.08%,33940658,1942.6
19-Jan-23,12775.6,12803.5,12743.55,12763,-0.1%,31395721,1646.98
20-Jan-23,12775.75,12794.15,12673.8,12691.7,-0.66%,59551497,2389.2
23-Jan-23,12748.15,12845.25,12700.4,12797.05,0.38%,35018220,1940.54
24-Jan-23,12840.4,12976.5,12818.8,12960.85,0.94%,49978121,3055.37
25-Jan-23,12986.5,13030.3,12895.35,12957.15,-0.23%,55379583,3688.34
27-Jan-23,13105.85,13278.85,12912.2,13089.7,-0.12%,111193572,6256.6
30-Jan-23,13096.45,13164.25,12959.65,13076.85,-0.15%,54688107,3430.86
31-Jan-23,13160.8,13355.95,13099.4,13323.9,1.24%,63233007,3716.97
01-Feb-23,13397.75,13539.8,12972.35,13206.85,-1.42%,59213356,3542.21
02-Feb-23,13178.15,13275.55,13091.15,13213.25,0.27%,66669521,2656.45
03-Feb-23,13273.75,13396.95,13167.65,13377.95,0.79%,54593828,2342.31
06-Feb-23,13372.1,13398.2,13221.8,13360.15,-0.09%,39422329,1814.24
07-Feb-23,13379.35,13391,13182.6,13226.05,-1.15%,50088031,1997.22
08-Feb-23,13246.65,13276,13132.85,13257.35,0.08%,49146805,2008.24
09-Feb-23,13244.75,13246.05,13133.55,13187.85,-0.43%,46506018,2280.54
10-Feb-23,13198.45,13264.9,13153.8,13235.05,0.28%,47141809,2319.02
13-Feb-23,13224.6,13287.7,13074.15,13154.35,-0.53%,37135764,2620.14
14-Feb-23,13184.95,13220.15,13093.55,13106.55,-0.59%,35975419,2703.74
15-Feb-23,13099.25,13246.2,13087.4,13235.2,1.04%,40417269,3434.87
16-Feb-23,13274.3,13316.25,13187,13206.05,-0.51%,32422765,2237.01
17-Feb-23,13153.05,13233,13107.85,13140,-0.1%,26026886,1796.11
20-Feb-23,13165.3,13228.6,13105.35,13177.4,0.09%,53695750,2078.83
21-Feb-23,13222.45,13227.9,13129.3,13148.75,-0.56%,28696970,1918.36
22-Feb-23,13114.25,13149.5,12973.3,12989.95,-0.95%,34153920,1975.1
23-Feb-23,13018.15,13026.4,12896.25,12982.25,-0.28%,38731280,2090.01
24-Feb-23,13024.5,13037.65,12853.95,12869.1,-1.19%,29637468,1861.5
27-Feb-23,12822.85,12840.9,12566.05,12675.3,-1.15%,41504492,2149.32
28-Feb-23,12714.8,12855.25,12689.4,12731.8,0.13%,45431988,2796.98
01-Mar-23,12759,12881.95,12755.85,12849.3,0.71%,31257644,1953.32
02-Mar-23,12874.3,12875.2,12712.35,12738.8,-1.05%,24540310,2029.68
03-Mar-23,12799.9,12834.9,12750.95,12787.05,-0.1%,25788272,1676.66
06-Mar-23,12828.35,12937.15,12821.75,12909.5,0.63%,40039323,1701.41
08-Mar-23,12882.95,13030.05,12859.25,13019.5,1.06%,24733707,1955.65
09-Mar-23,13039.9,13059.45,12766.75,12781.2,-1.98%,23061937,1950.01
10-Mar-23,12762.3,12766.2,12692.05,12741.6,-0.16%,30034572,2282.37
13-Mar-23,12714.55,12738.4,12410.1,12456,-2.03%,46398234,2640.26
14-Mar-23,12475.2,12486.05,12310.05,12345.55,-1.04%,48821316,2824.49
15-Mar-23,12461.8,12489.7,12266.6,12282,-1.44%,29239372,1868.35
16-Mar-23,12267,12349.15,12159.9,12304.9,0.31%,452824322,5165.49
17-Mar-23,12387.35,12424.95,12177.55,12245.95,-1.14%,56110617,2695.95
20-Mar-23,12225.3,12255.45,12025.4,12131.7,-0.77%,63256201,2257.13
21-Mar-23,12165.05,12188.1,12114.45,12141.95,-0.19%,45206068,2017.67
22-Mar-23,12190.1,12266.3,12165.2,12201.35,0.09%,42515605,1448.25
23-Mar-23,12191.9,12270.9,12153.4,12205.7,0.11%,38760548,2012.25
24-Mar-23,12196.5,12235.95,12089.1,12113.4,-0.68%,36818388,1696.55
27-Mar-23,12093.75,12131.35,12015.85,12035.1,-0.48%,39704746,1654.51
28-Mar-23,12066.9,12090.5,11901.85,11917.95,-1.23%,45163635,1918.01
29-Mar-23,11944.3,12142.55,11935.1,12121.3,1.48%,46017049,2475.19
31-Mar-23,12157.8,12257.65,12154,12243.8,0.71%,39220803,2153.72
03-Apr-23,12361.05,12456.7,12328.4,12425.85,0.52%,30415295,2364.13
05-Apr-23,12428.5,12453.8,12340.25,12357.65,-0.57%,48141984,2359.3
06-Apr-23,12366.6,12479.85,12312.75,12469.35,0.83%,32600318,2076.12
10-Apr-23,12520.1,12636.15,12516.45,12616.75,0.77%,73596281,3885.26
11-Apr-23,12679.15,12756,12640.4,12742.05,0.5%,38083703,2600.76
12-Apr-23,12759,12897.65,12751.75,12862.2,0.81%,46436613,3015.49
13-Apr-23,12884.45,12938.8,12861.15,12918.65,0.27%,40006724,2989.68
17-Apr-23,13012.9,13012.9,12910.95,12996.15,-0.13%,35288224,2557.2
18-Apr-23,13021.45,13065.15,12954.35,13005.1,-0.13%,42865690,2383.13
19-Apr-23,12992.1,13056.1,12981.15,13002.55,0.08%,33303250,1979.69
20-Apr-23,13028.5,13049.2,12995.1,13032.35,0.03%,36654245,2399.47
21-Apr-23,13031.9,13031.9,12881.15,12898.75,-1.02%,31363591,1991.89
24-Apr-23,12901.05,12928.75,12838.2,12893.35,-0.06%,29512385,1901.81
25-Apr-23,12916.95,12942.85,12869.1,12904.55,-0.1%,39822049,2647.45
26-Apr-23,12928.3,12992.65,12900.65,12972.75,0.34%,38715193,2818.87
27-Apr-23,12984.65,13084.95,12961.4,13071.8,0.67%,27939569,2072.88
28-Apr-23,13103.55,13208.65,13071,13189.25,0.65%,43551026,2392.04
02-May-23,13212.3,13307.45,13147.9,13283.15,0.54%,43950179,3150.92
03-May-23,13273.2,13289.25,13215.95,13278.6,0.04%,25489324,2496.65
04-May-23,13291.75,13320.2,13260.55,13292.55,0.01%,27482937,1990.35
05-May-23,13314.3,13453.65,13287.65,13345.8,0.24%,39105039,4091.91
08-May-23,13422.05,13603.05,13396.55,13584.25,1.21%,57409644,3995.93
09-May-23,13631.15,13712.4,13600.05,13648.5,0.13%,43498925,2872.92
10-May-23,13705.35,13763.1,13626.65,13750.85,0.33%,41131188,2528.85
11-May-23,13810.85,13826.9,13736.05,13803.75,-0.05%,45819931,3119.62
12-May-23,13871.65,13957.2,13854.8,13910.5,0.28%,63330441,4699.31
15-May-23,13952.75,14082.45,13931.4,14007.85,0.39%,68826242,4627.52
16-May-23,14046.4,14067.05,13851.2,13877.7,-1.2%,40375181,3034.84
17-May-23,13892.7,13936.5,13839.2,13889.9,-0.02%,37784666,2593.78
18-May-23,13948,13960.85,13756.85,13767.7,-1.29%,40885693,2435.66
19-May-23,13799,13876.55,13647.6,13863.55,0.47%,55715000,3139.93
22-May-23,13856.3,13925.15,13823.4,13890.5,0.25%,34928117,1767.1
23-May-23,13907.55,13994.6,13884.7,13982.6,0.54%,48819748,2459.17
24-May-23,13959.9,14035.4,13916.25,13989.6,0.21%,46195672,2418.03
25-May-23,13963.05,14050.85,13920.75,14029.5,0.48%,51408958,2851.27
26-May-23,14063.4,14150,14017.65,14130.45,0.48%,53994145,2695.33
29-May-23,14254.85,14315.35,14158,14219.6,-0.25%,41961864,3072.56
30-May-23,14241.15,14273.3,14164.75,14177.85,-0.44%,29905281,2353.51
01-Jan-24,18666.35,18707.8,18565.05,18594.35,-0.39%,111119738,4089.43
02-Jan-24,18651.35,18664.35,18241,18339.35,-1.67%,80495853,4871.81
03-Jan-24,18361.3,18395.45,18175.5,18317.5,-0.24%,49691190,3852.11
04-Jan-24,18428.95,18428.95,18296.75,18326.75,-0.55%,59064589,4445.03
05-Jan-24,18378.45,18514.75,18345.2,18406.95,0.16%,56528639,4216.8
08-Jan-24,18490.65,18556.75,18332.3,18350.2,-0.76%,60751582,3477.28
09-Jan-24,18542.45,18606.15,18402.4,18519.8,-0.12%,64931318,5506.26
10-Jan-24,18565.6,18575.1,18384.45,18559.1,-0.04%,55216503,3678.31
11-Jan-24,18648.5,18826.9,18631.45,18755.1,0.57%,67888356,5589.09
12-Jan-24,18771,18798.75,18588.15,18715.2,-0.3%,48862199,3787.73
15-Jan-24,18796.65,18799.4,18623.6,18765.25,-0.17%,48437034,2979.08
16-Jan-24,18749.1,18865.85,18642.3,18712.7,-0.19%,46996165,3686.79
17-Jan-24,18537,18620,18413.65,18447.25,-0.48%,49750584,4058.9
18-Jan-24,18402.5,18528.45,18142.5,18496.25,0.51%,52982976,4054.42
19-Jan-24,18585.05,18708.35,18572.75,18694.6,0.59%,36218101,3008.96
20-Jan-24,18752.25,18786.75,18592.15,18651.1,-0.54%,19996841,1444.47
23-Jan-24,18649.6,18763,18314.15,18361,-1.55%,63360536,5331.29
24-Jan-24,18384.6,18632.15,18143.75,18593.7,1.14%,48266011,3787.16
25-Jan-24,18707.75,18709.1,18434.45,18614.9,-0.5%,76636303,5712.7
29-Jan-24,18631,18949.6,18570.75,18927.25,1.59%,62622012,4783.34
30-Jan-24,18993.65,19123.7,18859.1,18878.35,-0.61%,49829948,4448.22
31-Jan-24,18887.15,19257.1,18861.55,19227.15,1.8%,61585425,5869.1
01-Feb-24,19351.85,19559.55,19283.35,19328.7,-0.12%,55933737,6127.36
02-Feb-24,19364,19563.05,19304.75,19380.5,0.09%,55128244,4842.82
05-Feb-24,19655.85,19823.35,19529.2,19615.3,-0.21%,115089413,7322.17
06-Feb-24,19731.2,19912.45,19683.9,19903.85,0.88%,102438688,5021.25
07-Feb-24,19977.75,20033.6,19762.2,19903.8,-0.37%,54477950,3187.76
08-Feb-24,19963.25,19974.55,19607.5,19649.5,-1.57%,42430202,3512.44
09-Feb-24,19709.75,19713.35,19365.2,19576,-0.68%,44856871,3727.94
12-Feb-24,19644,19653.15,19364.5,19419.6,-1.14%,53756038,4282.81
13-Feb-24,19504.95,19554,19235.9,19433.05,-0.37%,57177542,4234.58
14-Feb-24,19300.5,19770.8,19257.1,19716,2.15%,43003879,4231.33
15-Feb-24,19842.65,20029.1,19811.95,19981.7,0.7%,37820857,4625.7
16-Feb-24,20093.65,20515.05,20074.1,20423.45,1.64%,,
19-Feb-24,20514.2,20548.8,20380.9,20481.6,-0.16%,31267852,3876.75
20-Feb-24,20459.35,20480.4,20239.5,20354.25,-0.51%,41518331,3991.53
21-Feb-24,20372,20494.1,20192.45,20252.55,-0.59%,62180748,4382.43
22-Feb-24,20341.15,20621.95,20181,20584.85,1.2%,39334321,4329.53
23-Feb-24,20692.8,20711,20540.75,20621.35,-0.35%,40071761,3814.15
26-Feb-24,20633.45,20714.45,20537.5,20642.4,0.04%,40767584,3842.19
27-Feb-24,20633.4,20825.85,20593,20788.55,0.75%,43485259,4272.23
28-Feb-24,20808.4,20830.4,20325.7,20372.35,-2.1%,66452626,4571.6
29-Feb-24,20317.8,20481.75,20230.2,20412.4,0.47%,79203346,7932.63
01-Mar-24,20485.75,20918.25,20473.3,20871.95,1.89%,50775858,4616.18
02-Mar-24,20980.25,21006.75,20902.9,20941.95,-0.18%,6271898,430.72
04-Mar-24,20998.85,21040.35,20824.95,20840.2,-0.76%,50656410,3619.75
05-Mar-24,21003.1,21348.95,20930.4,21121.2,0.56%,120846591,9534.28
06-Mar-24,21153.35,21229.35,20888.8,21181.3,0.13%,494641650,10224.77
07-Mar-24,21141.4,21247.55,21004.5,21126.8,-0.07%,64684764,8302.02
11-Mar-24,21213.4,21219.85,20962,21001.15,-1%,57255910,4670.17
12-Mar-24,20999.3,21077.05,20853.85,20931.85,-0.32%,44597983,3598.68
13-Mar-24,20942.25,20988.55,20211.2,20338.25,-2.88%,78929944,5647.42
14-Mar-24,20235.05,20569.25,20169.85,20514.25,1.38%,65323647,5574.3
15-Mar-24,20475.6,20523.35,20066.8,20192.3,-1.38%,80387919,7434.58
18-Mar-24,20189.85,20462.7,20102.9,20446.6,1.27%,47737677,4111.64
19-Mar-24,20398.45,20449.8,20258.1,20354.1,-0.22%,45785519,3863.14
20-Mar-24,20438.45,20618.1,20263.9,20406.45,-0.16%,45661764,6100.77
21-Mar-24,20541.75,20750.4,20472.6,20700.25,0.77%,61033869,4949.61
22-Mar-24,20706.4,21177.4,20622.8,21046.4,1.64%,52410949,6130.82
26-Mar-24,21018.5,21177.95,20974.75,21038.3,0.09%,50917608,4613.24
27-Mar-24,21118.4,21324.75,21088.7,21146.2,0.13%,41299749,5373.52
28-Mar-24,21222.5,21607.8,21085.85,21419.1,0.93%,53397534,5891.8
01-Apr-24,21546.95,21630.55,21338.65,21385.25,-0.75%,51272976,3989.61
02-Apr-24,21494.2,21641.2,21373.2,21614.25,0.56%,74513298,5043.03
03-Apr-24,21555.65,21629.55,21446.75,21555.35,0%,42393577,3837.9
04-Apr-24,21672.7,21719,21404.85,21651.85,-0.1%,52824083,5106.57
05-Apr-24,21597.85,21651.35,21539.25,21600.9,0.01%,40178700,3224.16
08-Apr-24,21662.15,22102.05,21642.9,22067.95,1.87%,122797698,7681.78
09-Apr-24,22185.8,22238.25,21921.65,21999.35,-0.84%,92144171,6411.6
10-Apr-24,22081.45,22148.85,21920.8,21985.15,-0.44%,59631715,4461.38
12-Apr-24,21985.8,22076.2,21834.45,21851.3,-0.61%,86183679,6628.79
15-Apr-24,21623.6,21818.85,21445,21680.3,0.26%,95235956,6709.78
16-Apr-24,21536.9,21845.1,21480.75,21703.05,0.77%,136279607,8070.77
18-Apr-24,21790.75,21948.5,21459.05,21520.75,-1.24%,141966235,8726.46
19-Apr-24,21483.3,21637.1,21144.75,21609.7,0.59%,75732478,6772.63
22-Apr-24,21846.05,21854.2,21653.75,21812.7,-0.15%,89846941,5054.81
23-Apr-24,21897.95,22006.25,21806.15,21914.3,0.07%,52535836,4418.73
24-Apr-24,21963.8,22023.4,21869.25,21896.9,-0.3%,44998054,3691.08
25-Apr-24,21938.4,22221.6,21852.95,22174.05,1.07%,56375730,6016.96
26-Apr-24,22219.3,22286.55,22081.1,22111.55,-0.48%,117135987,5753.83
29-Apr-24,22192.4,22259.65,21990.9,22078.75,-0.51%,46229810,3771.89
30-Apr-24,22184.8,22634.05,22181.1,22479.9,1.33%,111469241,6878.07
02-May-24,22613.95,22776.9,22478.15,22733.5,0.53%,94917746,7024.64
03-May-24,22870.55,22870.55,22342.6,22541.35,-1.44%,64074990,5815.41
06-May-24,22622.6,22654.9,22394.35,22526.6,-0.42%,44441800,3718.33
07-May-24,22582.35,22595.9,21996.65,22114,-2.07%,50868947,4460.46
08-May-24,22102.95,22512.55,21959.3,22458.65,1.61%,56587153,6129.46
09-May-24,22501.9,22994.55,22492.6,22633.3,0.58%,77164650,9783.96
10-May-24,22725.35,22898.3,22672.3,22846.9,0.53%,55658167,5408.26
13-May-24,22725,22731,22127.9,22462.65,-1.15%,114099966,10024.41
14-May-24,22476.8,22894.7,22435.7,22874.8,1.77%,59753593,5938.92
15-May-24,22930.6,22946.05,22681,22759.85,-0.74%,62856706,5884.02
16-May-24,22892.1,22943.8,22448.55,22886.85,-0.02%,94641681,9863.98
17-May-24,23045.65,23386.95,23039.4,23285.65,1.04%,63939943,7249.22
18-May-24,23389.65,23400.05,23305.35,23339.3,-0.22%,8651870,537.75
21-May-24,23322.95,23422.05,23215.45,23353.75,0.13%,65431436,5965.09
22-May-24,23380.9,23400.25,23201.95,23324.1,-0.24%,64571530,4846.88
23-May-24,23368.55,23874.75,23252.2,23849.25,2.06%,68097502,6324.83
24-May-24,23774.15,24038.6,23692.15,23891.45,0.49%,112344954,6904.93
27-May-24,23972.4,23996.7,23696.35,23877.15,-0.4%,150518473,7640.64
01-Jan-25,22834.2,23167.4,22689.2,23139.55,1.34%,23556705,2776.47
02-Jan-25,23255.25,24051.8,23155.2,24016.2,3.27%,63686696,8257.73
03-Jan-25,24058.95,24173.25,23899.75,24005,-0.22%,56380831,5969.56
06-Jan-25,24087.45,24169.7,23365.6,23482.2,-2.51%,42989460,4255.89
07-Jan-25,23513.95,23634.35,23426,23482.1,-0.14%,37456137,3669.88
08-Jan-25,23543.9,23549.65,23191.6,23370.15,-0.74%,38888982,3786.26
09-Jan-25,23457.45,23552.75,23240,23305.2,-0.65%,41578986,4173.8
10-Jan-25,23262.3,23345.85,22896.05,23017.75,-1.05%,45141771,3581.22
13-Jan-25,22789.7,22842.45,22351,22382.25,-1.79%,42868997,3690
14-Jan-25,22416.5,22935.85,22415.95,22833.05,1.86%,33356071,3987.76
15-Jan-25,22929.55,23063.7,22602.65,22712.75,-0.95%,33604147,3911
16-Jan-25,22866.8,22934.75,22758.15,22861.25,-0.02%,30568312,3569.88
17-Jan-25,22835.25,22941.7,22651.6,22791.1,-0.19%,21121686,2377.9
20-Jan-25,22805.75,22853,22511.75,22671.8,-0.59%,34103409,3170.81
21-Jan-25,22727.7,22881.95,22261.9,22303.2,-1.87%,34822861,3752.22
22-Jan-25,22409.75,22428.7,22121.4,22274.35,-0.6%,45187131,3978.64
23-Jan-25,22245.8,22587.4,22166.15,22518.95,1.23%,25725511,3135.25
24-Jan-25,22463.95,22589.05,22120.05,22171.05,-1.3%,35149830,3298.44
27-Jan-25,22055.15,22081.25,21835.6,21970.45,-0.38%,44812294,3577.8
28-Jan-25,22061.2,22506.6,21867.8,22264.15,0.92%,66018001,5322.52
29-Jan-25,22299,22707.55,22269.95,22586.35,1.29%,41656329,5578.85
30-Jan-25,22420.3,22683.85,22259.1,22495.7,0.34%,92133522,7643.91
31-Jan-25,22552.1,22951.4,22490.3,22867.6,1.4%,43846417,4745.84
01-Feb-25,22926.2,23519.7,22727.65,23305.45,1.65%,53624432,5968.66
03-Feb-25,23299.75,23370.9,23096.1,23327,0.12%,91969399,7441.32
04-Feb-25,23607.5,23800.9,23366.9,23535.05,-0.31%,84225037,5766.72
05-Feb-25,23551.25,23646.3,23410.5,23517.1,-0.15%,42290268,3717.88
06-Feb-25,23548.25,23587.85,23264.15,23298.85,-1.06%,25472305,3701.35
07-Feb-25,23407.45,23545.2,23193.35,23459.95,0.22%,41218756,4933.71
10-Feb-25,23525.85,23636.3,23082.2,23112.65,-1.76%,29472576,3876.78
11-Feb-25,23053.8,23068.15,22531.1,22573.9,-2.08%,48131584,4581.72
12-Feb-25,22544.2,22573.15,22099.05,22407.45,-0.61%,95027273,5569.19
13-Feb-25,22483.25,22594.65,22285.1,22344.3,-0.62%,71809666,3808.26
14-Feb-25,22428.25,22487.5,21874.55,22069.3,-1.6%,50787056,3291.68
17-Feb-25,22012.8,22012.95,21610.15,21951.85,-0.28%,87390998,4354.28
18-Feb-25,21973.7,21997.05,21638.55,21818.9,-0.7%,52109786,3000.06
19-Feb-25,21683.65,21898.05,21597.1,21809.15,0.58%,43942898,3033.79
20-Feb-25,21751.35,22092.8,21562.8,22074.9,1.49%,40601637,3585.71
21-Feb-25,21973.95,22010.85,21435.5,21505.9,-2.13%,51484472,5492.41
24-Feb-25,21409.95,21597.35,21291.3,21552.5,0.67%,36818738,3989.4
25-Feb-25,21616.05,21757.1,21585.9,21662.65,0.22%,52340250,4137.93
27-Feb-25,21766.95,21786.3,21243.5,21335.35,-1.98%,53987530,3732.34
28-Feb-25,21180.8,21188.2,20460.1,20498.6,-3.22%,92747119,7089.74
03-Mar-25,20591.5,20865.85,20368.85,20538.15,-0.26%,55275223,4360.44
04-Mar-25,20295.8,20462.8,20174.85,20269.2,-0.13%,49536926,4202.44
05-Mar-25,20354.8,20848.4,20327.05,20796.75,2.17%,45261690,4231.51
06-Mar-25,21030.7,21068.75,20733.4,20959.7,-0.34%,61788012,4848.96
07-Mar-25,20925.75,21197,20846,21009.7,0.4%,38374385,3623.64
10-Mar-25,20946.4,21023.95,20706.3,20752.8,-0.92%,33348146,3015.26
11-Mar-25,20616.9,20733.45,20480.75,20682.65,0.32%,52331963,3443.28
12-Mar-25,20713.55,20836.2,20590.8,20783.7,0.34%,52670378,3968.41
13-Mar-25,20862.9,20883.15,20530.4,20554.05,-1.48%,41360078,3301.67
17-Mar-25,20539,20926.35,20538.05,20741.15,0.98%,37986702,2911.25
18-Mar-25,20859.2,21251.3,20836.05,21234.95,1.8%,40120035,3642.97
19-Mar-25,21305.55,21398.25,21194.15,21319.5,0.07%,37620210,3539.46
20-Mar-25,21444.3,21672.3,21368.25,21623.05,0.83%,32967364,3714.06
21-Mar-25,21720.95,21993.95,21667.35,21756,0.16%,57737929,5761.87
24-Mar-25,21891.1,21987.1,21665.2,21938.7,0.22%,38586238,4405.27
25-Mar-25,22050.9,22092.4,21683.1,21737.6,-1.42%,46643103,4702.32
26-Mar-25,21776.1,21924.6,21704.8,21742.8,-0.15%,76100551,4719.59
27-Mar-25,21445.65,21611.95,21216.4,21516.75,0.33%,111412168,7972.39
28-Mar-25,21570.2,21577.2,21200.75,21295.5,-1.27%,60036856,5222.18
01-Apr-25,21177,21543.8,21100.2,21235.25,0.28%,36848232,3660.33
02-Apr-25,21250.85,21433.45,21175.85,21408.85,0.74%,29918268,3020.96
03-Apr-25,21140.2,21320.3,21095,21164,0.11%,48081077,3543.38
04-Apr-25,21081.05,21081.05,20507.55,20593.15,-2.31%,86334679,5219.25
07-Apr-25,19336.15,19893.7,19316.65,19815.55,2.48%,105696382,6947.52
08-Apr-25,20141.65,20307.3,19805.25,20138.15,-0.02%,61540203,4647.36
09-Apr-25,20188.3,20326.95,20034.65,20140.4,-0.24%,47335353,3845.44
11-Apr-25,20493.05,20637.95,20432.3,20548.65,0.27%,58458880,4431.67
15-Apr-25,21023.95,21276.3,20929.75,21246.2,1.06%,92607937,5433.76
16-Apr-25,21280.35,21283.1,21058.6,21155.8,-0.59%,42119090,4047.53
17-Apr-25,21152,21414.6,20953.1,21373.1,1.05%,42264973,4074.24
